ChargerID,Hour,ChargerHourHistoricalMean
1,0,42.99
1,6,7.466666666666666
1,7,9.58
1,8,9.37857142857143
1,9,8.950714285714286
1,10,11.470769230769232
1,11,6.779230769230769
1,12,7.52125
1,13,5.856
1,14,6.473333333333334
1,15,12.935263157894736
1,16,13.26705882352941
1,17,12.845833333333333
1,18,12.80860465116279
1,19,19.907777777777778
1,20,19.651470588235295
1,21,20.846363636363638
1,22,17.336
1,23,6.73
2,1,20.54
2,6,5.65
2,8,0.01
2,14,1.44
2,15,2.01
2,16,0.11
2,17,9.26
2,20,33.33
2,22,31.02
3,0,18.48
3,1,3.03
3,6,16.41
3,7,13.651666666666666
3,8,11.844782608695652
3,9,8.056000000000001
3,10,7.652777777777778
3,11,14.46
3,12,10.6175
3,13,10.065625
3,14,10.285263157894738
3,15,9.462857142857143
3,16,10.52875
3,17,11.139772727272726
3,18,14.086199999999998
3,19,16.450357142857143
3,20,17.50558823529412
3,21,17.968301886792453
3,22,18.759090909090908
3,23,19.956666666666667
5,0,27.66521739130435
5,1,29.542857142857144
5,2,20.3
5,3,12.76
5,4,31.2
5,5,25.5
5,6,11.177777777777777
5,7,12.355555555555556
5,8,16.814285714285713
5,9,1.6
5,10,10.233333333333333
5,11,8.033333333333333
5,12,11.016666666666666
5,13,14.825
5,14,12.255555555555555
5,15,14.528571428571428
5,16,19.4375
5,17,16.9
5,18,18.385714285714286
5,19,22.231818181818184
5,20,26.993823529411763
5,21,34.402249999999995
5,22,33.526585365853656
5,23,30.638709677419353
7,9,7.7
7,10,6.37
7,11,0.08
7,13,6.463333333333334
7,14,7.82
7,15,8.37
7,16,8.222
7,18,2.82
7,19,29.016666666666666
7,20,7.075
7,21,13.35
8,1,0.19
8,6,3.84
8,7,9.046666666666667
8,8,11.844999999999999
8,9,7.986666666666667
8,10,6.42
8,12,16.09
8,13,8.34
8,14,25.625
8,15,8.01
8,16,15.11625
8,17,8.936666666666666
8,18,17.2575
8,19,19.930833333333336
8,20,14.290555555555557
8,21,20.23333333333333
8,22,22.585
8,23,18.18
9,0,16.28
9,2,24.09
9,3,9.1
9,6,5.095000000000001
9,7,10.138
9,8,7.005
9,9,9.922999999999998
9,10,14.167272727272728
9,11,3.877272727272727
9,12,15.094999999999999
9,13,10.321250000000001
9,14,12.515454545454544
9,15,11.324444444444445
9,16,10.241034482758621
9,17,12.8495
9,18,17.20736842105263
9,19,16.097954545454545
9,20,18.51621621621622
9,21,18.76225806451613
9,22,21.79285714285714
9,23,18.371111111111112
10,0,29.421999999999997
10,1,18.725
10,6,21.46
10,7,13.72
10,8,6.006666666666667
10,9,13.635
10,11,15.1025
10,12,16.0675
10,13,12.502500000000001
10,14,26.136666666666667
10,15,24.7375
10,16,8.92
10,17,13.916470588235295
10,18,23.677
10,19,14.431333333333333
10,20,17.49875
10,21,19.36076923076923
10,22,26.593333333333334
10,23,22.02
13,3,30.1
13,4,12.466666666666667
13,7,7.540000000000001
13,8,7.870909090909091
13,9,9.33
13,10,10.15548387096774
13,11,12.18764705882353
13,12,13.691851851851853
13,13,11.908947368421051
13,14,17.748846153846156
13,15,16.78666666666667
13,16,14.566749999999999
13,17,18.388448275862068
13,18,19.670222222222222
13,19,22.41184210526316
13,20,10.902962962962963
13,21,11.05
13,22,19.94142857142857
13,23,6.42
14,0,45.565
14,1,30.060000000000002
14,2,54.751999999999995
14,3,55.03
14,4,47.37
14,8,18.285
14,9,5.15
14,10,7.8774999999999995
14,11,11.277500000000002
14,12,5.965999999999999
14,13,4.678
14,14,4.5025
14,15,4.077777777777778
14,16,3.7776923076923077
14,17,8.780833333333334
14,18,4.458571428571429
14,19,12.263333333333334
14,20,20.486666666666668
14,21,5.38
14,22,24.463333333333335
15,3,24.1
15,7,11.9
15,8,15.299999999999999
15,9,25.700000000000003
15,10,38.8
15,11,7.6
15,12,14.65
15,13,13.383333333333333
15,14,6.0
15,15,8.1
15,16,9.4
16,0,31.48
16,1,9.3
16,6,55.1
16,8,10.575
16,9,9.8125
16,10,8.566666666666666
16,11,7.2
16,12,10.707692307692307
16,13,12.893333333333334
16,14,11.56
16,15,10.2
16,16,13.9
16,17,8.997297297297298
16,18,8.423809523809524
16,19,19.325
16,20,20.557142857142857
16,21,34.214285714285715
16,22,26.400000000000002
16,23,7.166666666666667
17,7,17.092105263157894
17,8,18.16294871794872
17,9,18.18
17,10,18.183333333333334
17,11,11.606
17,12,14.700000000000001
17,13,13.956666666666669
17,14,18.183333333333334
17,16,5.9025
17,17,7.553333333333332
17,18,8.6125
17,19,3.71
17,20,15.38
17,21,0.22
18,0,15.09
18,2,24.09
18,4,18.18
18,5,19.25
18,6,12.1775
18,7,7.025
18,8,14.651428571428571
18,9,7.468571428571429
18,10,7.4575
18,11,9.13875
18,12,5.875454545454545
18,13,11.37
18,14,9.986
18,15,13.465
18,16,11.326176470588237
18,17,12.31
18,18,12.81375
18,19,15.2464
18,20,13.128484848484849
18,21,15.950243902439025
18,22,19.719
18,23,9.3
19,0,22.03
19,4,39.36
19,5,36.02
19,6,26.507142857142856
19,7,27.611666666666668
19,8,15.154285714285715
19,9,16.033157894736842
19,10,16.601304347826087
19,11,25.633333333333333
19,12,27.287
19,13,19.65125
19,14,18.353333333333335
19,15,15.07
19,16,21.34967741935484
19,17,20.054827586206898
19,18,20.18387755102041
19,19,21.457450980392156
19,20,23.659824561403507
19,21,25.523200000000003
19,22,26.03
19,23,20.212857142857143
20,0,37.7
20,1,17.966666666666665
20,5,18.233333333333334
20,6,16.15
20,7,10.723749999999999
20,8,9.178260869565218
20,9,7.408636363636364
20,10,5.2375
20,11,8.6
20,12,9.45
20,13,3.2
20,14,6.727142857142857
20,15,10.305263157894737
20,16,14.056842105263158
20,17,14.92
20,18,15.929534883720931
20,19,19.24
20,20,17.255614035087717
20,21,19.616829268292683
20,22,17.712083333333332
20,23,25.589000000000002
21,0,28.71666666666667
21,1,41.14
21,2,41.818
21,3,42.5
21,4,33.638
21,5,53.93333333333334
21,6,21.61111111111111
21,8,25.512500000000003
21,9,10.105833333333333
21,10,10.574166666666667
21,11,16.472666666666665
21,12,22.314285714285713
21,13,18.798571428571428
21,14,11.285
21,15,12.760555555555555
21,16,16.52
21,17,26.188000000000002
21,18,18.96051282051282
21,19,17.08590909090909
21,20,18.138461538461538
21,21,21.37142857142857
21,22,20.458333333333332
21,23,26.94875
22,0,11.816666666666668
22,3,30.4
22,6,15.100000000000001
22,7,4.949999999999999
22,8,10.6
22,9,3.6555555555555554
22,10,5.783333333333334
22,11,4.95
22,12,13.25
22,13,9.1
22,14,12.383333333333333
22,15,15.7375
22,16,18.737142857142857
22,17,15.273584905660377
22,18,17.277083333333334
22,19,18.008108108108107
22,20,21.330000000000002
22,21,16.455555555555556
22,22,19.35
23,0,31.3625
23,1,19.21
23,6,5.79
23,8,14.123333333333335
23,9,4.135
23,10,14.87
23,11,6.7524999999999995
23,12,11.355
23,13,14.863333333333332
23,14,7.88
23,15,48.73
23,16,20.57
23,17,39.4225
23,18,41.71333333333333
23,19,43.13833333333333
23,20,39.6875
23,21,47.3185
23,22,41.18666666666667
23,23,33.675
24,6,16.775
24,8,26.54
24,11,7.945
24,12,6.07
24,13,2.3
24,14,19.0375
24,15,11.557500000000001
24,16,37.17
24,17,25.91875
24,18,29.25222222222222
24,19,21.208181818181817
24,20,32.96727272727273
24,21,35.63666666666667
24,22,43.57
24,23,40.16
25,1,16.175
25,5,2.95
25,6,3.4599999999999995
25,7,18.376666666666665
25,8,8.091875
25,9,8.58
25,10,8.182
25,11,7.51027027027027
25,12,6.188387096774194
25,13,6.1875
25,14,8.372
25,15,13.053030303030303
25,16,10.644054054054054
25,17,14.8809375
25,18,18.34357142857143
25,19,21.5464
25,20,25.28861111111111
25,21,21.215483870967745
25,22,14.592000000000002
25,23,19.56
26,0,43.89
26,1,44.51
26,6,15.844999999999999
26,8,19.063333333333333
26,9,14.62
26,10,36.385
26,11,25.106666666666666
26,12,19.400000000000002
26,13,19.79
26,14,21.075714285714287
26,15,19.884285714285713
26,16,26.631764705882354
26,17,26.1545652173913
26,18,24.009761904761906
26,19,24.450000000000003
26,20,42.302727272727275
26,21,41.57157894736842
26,22,49.99666666666667
26,23,41.92
27,4,39.28
27,6,29.65
27,7,26.375
27,8,23.57
27,9,29.19
27,10,37.35333333333333
27,11,6.818
27,12,13.833333333333334
27,13,36.62
27,14,23.54625
27,15,20.425714285714285
27,16,22.8275
27,17,18.206666666666667
27,18,26.41375
27,19,27.02714285714286
27,20,19.04
27,21,23.11
27,22,19.753333333333334
28,1,18.2
28,8,17.666666666666668
28,9,16.400000000000002
28,10,9.9
28,11,12.028571428571428
28,12,16.839999999999996
28,13,14.38
28,14,16.083333333333332
28,15,7.074999999999999
28,16,20.3
28,17,26.77777777777778
28,18,24.942857142857143
28,19,17.185714285714287
28,20,23.5
28,21,18.033333333333335
28,22,19.0
28,23,29.700000000000003
29,0,15.166666666666666
29,2,33.15
29,5,9.1
29,6,14.653636363636364
29,7,11.145
29,8,10.0175
29,9,6.002962962962962
29,10,2.375
29,11,4.398999999999999
29,12,5.57
29,13,12.733333333333334
29,14,8.756666666666666
29,15,8.144444444444444
29,16,9.735925925925926
29,17,12.59027027027027
29,18,12.9745
29,19,17.65583333333333
29,20,19.805588235294117
29,21,22.05936170212766
29,22,18.853461538461538
29,23,19.377857142857145
30,0,27.04
30,1,12.4
30,6,11.586666666666668
30,7,10.627142857142857
30,8,8.740666666666666
30,9,7.8596551724137935
30,10,10.857931034482759
30,11,0.7833333333333332
30,12,14.928
30,13,3.2600000000000002
30,14,5.188888888888889
30,15,12.338260869565216
30,16,8.483684210526315
30,17,13.030810810810811
30,18,18.41829268292683
30,19,21.50018181818182
30,20,23.734901960784313
30,21,24.84032258064516
30,22,23.8525
30,23,22.34
32,0,18.18
32,4,16.31
32,7,13.98
32,8,9.75
32,9,2.83
32,10,22.56
32,11,8.236666666666666
32,12,32.54
32,13,3.995
32,14,7.994
32,15,4.166666666666667
32,16,12.256666666666666
32,17,24.371666666666666
32,18,23.3825
32,19,16.721818181818183
32,20,23.080000000000002
32,21,11.825000000000001
32,22,15.702222222222222
32,23,36.718
33,0,20.1
33,1,18.2
33,5,13.25
33,6,22.545
33,7,11.198571428571428
33,9,9.341176470588236
33,10,13.0925
33,11,12.075384615384614
33,12,9.618125
33,13,9.930769230769231
33,14,11.251428571428571
33,15,12.6875
33,16,12.748571428571429
33,17,18.443461538461538
33,18,22.19135593220339
33,19,20.25342857142857
33,20,18.89205128205128
33,21,17.235151515151514
33,22,16.11263157894737
33,23,5.598
34,0,19.25
34,1,24.133333333333336
34,2,37.15
34,3,15.1
34,6,26.639999999999997
34,7,15.125
34,8,25.46666666666667
34,9,10.471428571428572
34,10,23.6
34,11,12.4
34,12,6.914285714285714
34,13,12.38888888888889
34,14,12.066666666666668
34,15,7.7749999999999995
34,16,21.581818181818182
34,17,12.227272727272727
34,18,25.224999999999998
34,19,39.61578947368421
34,20,36.054545454545455
34,21,38.637499999999996
34,22,29.240000000000002
34,23,33.739999999999995
37,0,31.233333333333334
37,1,7.3
37,3,11.3
37,4,7.0
37,5,0.9
37,6,16.96
37,7,10.059999999999999
37,8,7.5600000000000005
37,9,11.05
37,10,9.075
37,11,19.32857142857143
37,12,5.633333333333333
37,13,11.74375
37,14,7.833333333333333
37,15,6.3428571428571425
37,16,7.24
37,17,17.214285714285715
37,18,17.97
37,19,9.729411764705883
37,20,25.83125
37,21,22.81
37,22,16.9
37,23,14.200000000000001
38,0,19.96
38,1,15.46
38,6,11.16
38,7,22.88
38,8,4.81
38,9,7.0825
38,10,0.16
38,11,1.03
38,12,4.57
38,13,11.11
38,14,7.97
38,15,17.46
38,16,8.7
38,17,11.888
38,18,19.09777777777778
38,19,11.383636363636363
38,20,13.595714285714285
38,21,19.474
38,22,18.18
38,23,18.19
42,0,25.85
42,5,6.73
42,6,10.265
42,7,15.015
42,8,10.320714285714287
42,9,7.020434782608696
42,10,7.078095238095237
42,11,4.5634999999999994
42,12,7.4355
42,13,9.044545454545455
42,14,9.369411764705882
42,15,12.516818181818183
42,16,17.4009375
42,17,11.94969696969697
42,18,15.509090909090908
42,19,13.520227272727272
42,20,19.152142857142856
42,21,22.03125
42,22,25.105833333333333
42,23,27.228571428571428
43,0,52.94
43,1,15.976666666666667
43,5,27.31
43,6,16.24
43,7,7.01
43,8,11.587142857142856
43,9,21.52333333333333
43,10,2.9825
43,11,5.4399999999999995
43,12,5.236666666666667
43,13,4.23
43,14,3.515
43,15,10.156
43,16,10.235000000000001
43,17,14.861428571428572
43,18,15.101666666666667
43,19,16.520714285714284
43,20,20.920625
43,21,20.33142857142857
43,22,20.07
43,23,5.3999999999999995
44,0,9.0
44,1,46.7
44,4,36.1
44,7,10.166666666666666
44,8,11.153333333333334
44,9,9.360000000000001
44,10,10.066666666666666
44,11,11.733333333333334
44,12,10.559999999999999
44,13,8.1
44,14,6.111111111111111
44,15,12.952941176470588
44,16,9.907142857142858
44,17,10.120000000000001
44,18,9.696153846153846
44,19,12.882352941176471
44,20,12.6
44,21,11.575
44,22,22.28
44,23,12.466666666666667
45,0,13.899999999999999
45,1,11.8
45,2,17.5
45,3,9.700000000000001
45,4,5.4
45,6,22.8
45,7,13.5
45,9,10.566666666666666
45,11,8.5
45,12,15.6
45,13,19.233333333333334
45,14,12.387500000000001
45,15,19.9
45,16,22.240000000000002
45,17,24.546666666666667
45,18,16.025000000000002
45,19,25.2375
45,20,22.089
45,21,26.95
45,22,30.142857142857142
45,23,7.95
46,0,27.565999999999995
46,1,18.18
46,5,18.18
46,8,15.420000000000002
46,9,10.690000000000001
46,11,6.69
46,12,16.89375
46,13,10.611666666666666
46,14,16.615000000000002
46,15,11.11888888888889
46,16,21.826923076923077
46,17,18.221891891891893
46,18,19.107666666666667
46,19,19.84
46,20,15.1695
46,21,21.71611111111111
46,22,24.315625
46,23,26.275384615384613
48,7,23.35
48,8,4.6
48,9,24.9
48,10,15.85
48,11,15.3
48,12,11.722222222222221
48,13,14.075
48,14,15.86
48,15,13.98
48,16,25.744444444444444
48,17,20.605555555555554
48,18,29.45
48,19,39.36666666666667
48,20,16.099999999999998
48,21,15.6
48,22,44.650000000000006
48,23,48.0
49,0,27.31
49,1,9.315
49,5,14.12
49,6,12.315000000000001
49,10,8.23
49,11,12.2
49,12,5.905
49,13,17.62333333333333
49,14,19.302500000000002
49,15,15.675
49,16,16.176666666666666
49,17,28.153999999999996
49,18,29.085
49,19,20.176
49,20,17.814705882352943
49,21,19.273
49,22,27.420434782608694
49,23,27.195714285714285
50,0,0.3
50,5,7.69
50,6,11.256666666666668
50,7,0.39
50,8,21.06
50,9,14.709999999999999
50,10,5.255
50,11,10.424000000000001
50,12,5.992857142857143
50,13,12.847999999999999
50,14,6.855714285714285
50,15,7.433333333333334
50,16,6.167
50,17,4.6525
50,18,17.744444444444444
50,19,21.54
50,20,12.965000000000002
50,21,19.160000000000004
50,22,28.09
50,23,40.17
52,0,29.458333333333332
52,1,30.2375
52,2,34.06
52,3,21.8
52,4,28.65
52,5,27.166666666666668
52,6,27.127272727272725
52,7,21.95
52,8,30.26
52,9,9.41578947368421
52,10,10.123333333333333
52,11,13.7
52,12,11.22857142857143
52,13,22.133333333333336
52,14,11.549999999999999
52,15,16.566666666666666
52,16,23.5625
52,17,30.18148148148148
52,18,21.277083333333334
52,19,24.1
52,20,17.380000000000003
52,21,18.118181818181817
52,22,30.972727272727273
52,23,21.52857142857143
54,5,5.7
54,7,28.3
54,8,15.581999999999999
54,9,18.79
54,10,6.5920000000000005
54,11,21.365000000000002
54,12,2.96
54,13,14.383333333333333
54,14,12.868
54,15,10.965
54,16,13.663999999999998
54,17,8.096666666666666
54,18,23.75846153846154
54,19,8.695
54,20,24.35230769230769
54,21,25.101333333333333
54,22,33.589999999999996
54,23,26.810000000000002
55,0,40.5
55,6,7.15
55,7,14.49
55,8,5.1450000000000005
55,9,4.5
55,10,3.1199999999999997
55,11,1.69
55,13,5.289999999999999
55,14,6.433333333333334
55,15,4.078
55,16,5.8
55,17,11.503
55,18,19.704
55,19,25.655
55,20,23.68416666666667
55,21,23.16
55,22,30.98428571428571
55,23,16.088
56,0,45.305
56,2,30.3
56,5,24.24
56,6,38.14
56,7,1.83
56,8,1.47
56,9,1.17
56,10,9.5975
56,11,11.64
56,12,11.68
56,13,12.935714285714285
56,14,15.21642857142857
56,15,15.0875
56,16,18.91909090909091
56,17,19.502499999999998
56,18,17.767777777777777
56,19,10.06
56,20,30.14
56,21,27.328000000000003
56,22,48.205
56,23,45.45666666666667
59,0,22.099999999999998
59,1,29.900000000000002
59,2,10.514285714285714
59,3,24.5
59,4,20.4
59,5,18.8
59,6,10.922222222222222
59,7,12.449782608695653
59,8,11.136842105263158
59,9,9.540000000000001
59,10,15.320000000000002
59,11,6.5
59,12,20.635454545454543
59,13,16.170714285714286
59,14,23.766666666666666
59,15,30.45
59,16,30.384210526315787
59,17,38.28095238095238
59,18,24.9934375
59,19,22.08867924528302
59,20,21.042307692307695
59,21,23.488235294117647
59,22,24.573333333333334
59,23,28.753076923076925
60,10,22.38
60,11,0.12
60,12,0.19
60,17,10.17
61,9,27.639999999999997
61,10,10.971428571428572
61,11,7.4
61,12,6.85
61,13,8.88888888888889
61,14,19.166666666666668
61,15,11.1
61,16,10.336363636363636
61,17,11.435714285714285
61,18,9.83
61,19,8.471428571428572
61,20,14.9
61,21,6.4
61,22,6.0
61,23,47.0
62,0,18.18
62,7,9.526666666666666
62,8,4.8440540540540535
62,9,0.13
62,10,5.510000000000001
62,11,4.075
62,12,9.5925
62,13,8.5225
62,14,7.37
62,15,13.32
62,16,9.002500000000001
62,17,15.31
62,18,12.5
62,19,2.8049999999999997
62,20,24.105
62,21,17.01666666666667
62,22,27.14
64,0,11.149999999999999
64,1,18.049999999999997
64,5,6.35
64,6,11.95
64,7,4.824999999999999
64,8,11.223333333333334
64,9,10.429411764705883
64,10,11.1625
64,11,6.154545454545455
64,12,7.533333333333334
64,13,13.386666666666665
64,14,13.56125
64,15,12.42111111111111
64,16,19.43758620689655
64,17,18.65939393939394
64,18,18.409183673469386
64,19,19.63266666666667
64,20,26.255
64,21,19.133999999999997
64,22,25.066666666666666
64,23,25.771428571428572
65,5,8.6
65,6,15.354545454545455
65,7,33.36666666666667
65,8,8.8125
65,9,6.175
65,10,10.05
65,11,5.54
65,12,8.642857142857142
65,13,5.222222222222222
65,14,7.325
65,15,5.883333333333333
65,16,10.366666666666665
65,17,22.96
65,18,15.52
65,19,33.3
65,20,24.76666666666667
65,21,22.65
65,22,19.8
66,2,7.22
66,5,44.31
66,6,4.43
66,7,11.661428571428571
66,8,13.641666666666666
66,9,11.422777777777778
66,10,9.342727272727272
66,11,7.35
66,12,8.141818181818183
66,13,8.873076923076923
66,14,7.169444444444445
66,15,10.6528
66,16,13.76625
66,17,18.68
66,18,17.728666666666665
66,19,21.106216216216218
66,20,27.879454545454543
66,21,22.66057142857143
66,22,28.037142857142857
66,23,23.048571428571428
68,0,10.25
68,2,9.09
68,3,18.18
68,6,18.19
68,9,7.17
68,10,1.47
68,11,8.86
68,12,17.865
68,13,26.135
68,14,29.356
68,15,24.2825
68,16,21.925454545454546
68,17,16.145555555555557
68,18,13.701333333333332
68,19,17.377894736842105
68,20,19.804375
68,21,17.6825
68,22,24.17142857142857
69,0,31.525
69,1,46.5
69,4,7.766666666666667
69,5,8.8
69,7,15.800000000000002
69,8,9.661249999999999
69,9,7.7130769230769225
69,10,13.018666666666666
69,11,16.529
69,12,10.378421052631579
69,13,10.655555555555557
69,14,15.012307692307692
69,15,13.237692307692308
69,16,17.970285714285716
69,17,19.327954545454546
69,18,21.067
69,19,20.338684210526317
69,20,18.349615384615383
69,21,20.418
69,22,18.527142857142856
69,23,7.275
72,1,12.089999999999998
72,2,6.59
72,5,6.06
72,8,4.65
72,10,5.89
72,14,11.1
72,15,11.825
72,16,3.16
72,17,18.715
72,18,15.03
72,19,16.524
72,20,19.051428571428573
72,21,19.55333333333333
72,22,15.592500000000001
72,23,36.29
73,11,5.7
73,14,0.165
73,16,11.22
73,18,3.86
73,19,18.18
74,6,22.1
74,8,12.15
74,9,10.075
74,10,21.7
74,11,14.525
74,12,11.98
74,13,22.44
74,14,12.55
74,15,22.375
74,16,23.169999999999998
74,17,17.36111111111111
74,18,22.736363636363635
74,19,27.675
74,20,40.9
74,23,46.7
76,2,18.2
76,6,13.55
76,7,9.700000000000001
76,8,4.75
76,9,7.45
76,10,3.033333333333333
76,11,0.7
76,12,0.1
76,13,4.2
76,14,1.5499999999999998
76,15,9.6
76,16,14.6
76,17,10.2
76,18,12.85
76,19,10.27142857142857
76,20,15.24705882352941
76,21,22.1
76,22,20.1
77,6,16.42
77,9,19.37
77,13,5.42
77,15,1.475
77,16,18.515
77,17,9.602500000000001
77,18,18.65
77,19,11.6
77,20,11.6
77,21,34.015
77,23,30.94
79,0,21.7
79,3,22.3
79,6,15.6
79,8,12.675
79,9,7.1571428571428575
79,10,4.24
79,12,4.15
79,13,3.7
79,14,11.1
79,15,9.549999999999999
79,16,10.07
79,17,15.333333333333334
79,18,14.987499999999999
79,19,14.414285714285715
79,20,17.45294117647059
79,21,15.146153846153847
79,22,18.6875
79,23,23.66
80,0,40.91
80,2,7.01
80,3,21.35
80,4,25.221428571428568
80,5,21.886046511627907
80,6,17.774285714285714
80,7,18.76918918918919
80,8,21.170416666666664
80,9,18.71142857142857
80,10,18.701052631578946
80,11,17.801739130434783
80,12,17.551363636363636
80,13,20.93
80,14,16.836666666666666
80,15,11.1975
80,16,16.5
80,17,4.23
80,18,12.672
80,19,16.4775
80,20,19.391666666666666
80,21,14.695
80,22,13.727142857142857
80,23,13.610000000000001
81,0,13.025
81,1,30.3
81,8,10.408
81,9,8.86
81,10,2.84
81,11,6.1899999999999995
81,12,10.530000000000001
81,13,12.274285714285714
81,14,15.439999999999998
81,15,9.4975
81,16,7.58
81,17,40.3
81,19,17.6275
81,20,40.51
81,21,18.18
81,22,30.3
81,23,11.61
82,0,18.2
82,1,18.2
82,6,18.2
82,7,15.200000000000001
82,8,23.025
82,9,9.7
82,10,19.47
82,11,18.075
82,12,15.733333333333333
82,13,17.59
82,14,17.858333333333334
82,15,22.873684210526317
82,16,14.95
82,17,18.98181818181818
82,18,21.92962962962963
82,19,22.24705882352941
82,20,25.9625
82,21,16.741666666666664
82,22,18.955555555555556
82,23,18.2
83,0,35.144999999999996
83,1,49.045
83,2,40.599999999999994
83,7,4.57
83,8,10.76
83,9,11.193999999999999
83,10,16.544285714285714
83,11,5.368333333333333
83,12,6.3127272727272725
83,13,28.084000000000003
83,14,17.695
83,15,42.835
83,16,36.50785714285714
83,17,36.142857142857146
83,18,16.485263157894735
83,19,26.654000000000003
83,20,35.86052631578948
83,21,45.25666666666667
83,22,35.027142857142856
83,23,35.622
84,6,20.805
84,7,21.322857142857142
84,8,18.842
84,9,18.176666666666666
84,10,16.05
84,11,15.958000000000002
84,12,14.646
84,13,16.802222222222223
84,14,14.937142857142858
84,15,9.552
84,16,17.323333333333334
84,17,21.636666666666667
84,18,5.43
85,0,24.09
85,7,13.834999999999999
85,8,10.15
85,12,10.463333333333333
85,13,5.76
85,14,22.3
85,15,20.240000000000002
85,16,11.863333333333335
85,17,15.213333333333333
85,18,9.9125
85,19,18.64
85,20,3.283333333333333
85,21,25.936666666666667
85,22,31.78
87,3,34.37
87,5,12.41
87,6,18.1
87,7,7.536666666666666
87,8,18.721666666666668
87,9,7.113333333333334
87,10,2.69
87,11,4.1499999999999995
87,12,22.48
87,13,12.81
87,14,10.39
87,15,7.83
87,16,4.458
87,17,11.483333333333333
87,18,23.054166666666664
87,19,25.57125
87,20,32.47363636363636
87,21,20.261000000000003
87,22,23.258000000000003
87,23,17.463333333333335
88,5,5.1
88,6,21.6
88,8,7.633333333333333
88,9,16.099999999999998
88,10,10.950000000000001
88,11,16.7375
88,12,9.671428571428573
88,13,19.585714285714285
88,14,14.379999999999999
88,15,14.98
88,16,13.490909090909092
88,17,22.878947368421052
88,18,20.10909090909091
88,19,24.6375
88,20,14.5
88,21,33.833333333333336
88,22,37.95
88,23,35.85
89,0,27.59
89,5,10.35
89,6,13.078571428571427
89,7,16.602
89,8,21.3675
89,9,8.08
89,10,18.54
89,11,4.965
89,12,6.59
89,13,14.2725
89,14,20.11
89,15,16.14
89,16,17.264
89,17,15.830000000000002
89,18,22.883636363636363
89,19,17.929375
89,20,27.471111111111114
89,21,30.969333333333335
89,22,29.129999999999995
89,23,19.552500000000002
90,0,42.5
90,4,14.795
90,5,11.35
90,7,9.88846153846154
90,8,13.166666666666666
90,9,22.525
90,10,8.9
90,11,16.5075
90,12,21.514
90,13,11.433333333333334
90,14,14.96
90,15,10.950000000000001
90,17,15.422
90,18,21.646153846153844
90,19,21.819166666666664
90,20,23.947692307692307
90,21,29.371000000000002
90,23,45.15833333333333
91,18,35.2
91,21,24.84
92,0,18.2
92,1,18.2
92,4,14.0
92,8,5.5
92,9,18.900000000000002
92,10,6.76
92,12,22.925
92,13,15.05
92,14,16.933333333333334
92,15,4.5
92,16,26.1
92,17,9.333333333333334
92,18,21.46470588235294
92,19,22.5
92,20,18.3
92,21,22.125
92,22,27.15
92,23,18.45
93,5,24.1
93,8,11.675
93,9,7.633333333333333
93,10,18.44
93,11,7.88
93,12,15.766666666666666
93,13,10.3
93,14,5.76
93,15,14.680000000000001
93,16,6.824999999999999
93,17,7.05
93,18,9.066666666666668
93,19,21.099999999999998
93,20,10.0
93,22,36.3
93,23,53.6
95,0,31.49
95,6,13.97
95,7,18.01
95,8,7.378571428571428
95,9,7.03625
95,10,7.2165625
95,11,7.9479411764705885
95,12,11.403225806451612
95,13,11.089444444444446
95,14,12.450625
95,15,13.113333333333333
95,16,15.70625
95,17,17.308030303030304
95,18,19.47772727272727
95,19,20.564500000000002
95,20,20.550256410256413
95,21,21.69875
95,22,24.75
95,23,14.24
96,0,21.08875
96,1,15.674000000000001
96,2,13.656
96,3,21.15
96,6,3.03
96,7,2.96
96,8,19.2525
96,9,14.015
96,10,8.45375
96,11,9.094
96,12,22.53142857142857
96,13,8.123999999999999
96,14,21.200000000000003
96,15,33.82
96,16,37.40736842105263
96,17,32.27285714285714
96,18,28.36
96,19,28.505
96,20,59.099999999999994
96,21,43.694
96,22,30.630000000000003
96,23,38.251
97,20,27.475
99,0,18.415
99,1,3.6
99,3,7.445
99,4,20.01
99,8,5.383333333333334
99,9,6.67
99,10,2.36
99,11,8.14
99,12,3.6750000000000003
99,13,9.7625
99,14,8.91
99,15,15.141666666666666
99,16,16.604375
99,17,13.967272727272727
99,18,10.495000000000001
99,19,16.555714285714288
99,20,17.498235294117645
99,21,19.124444444444446
99,22,11.034444444444444
99,23,18.865000000000002
100,0,37.53333333333333
100,1,29.166666666666668
100,4,13.7
100,5,18.2
100,7,18.1
100,8,14.366666666666667
100,9,7.033333333333332
100,10,3.05
100,11,3.8499999999999996
100,12,10.600000000000001
100,14,21.666666666666668
100,15,12.677777777777779
100,16,14.683333333333332
100,17,18.004166666666666
100,18,17.411176470588234
100,19,19.1095
100,20,17.52173913043478
100,21,24.710526315789473
100,22,25.21764705882353
100,23,26.6
101,8,23.517857142857142
101,9,18.0
101,10,6.033333333333334
101,11,6.5
101,12,14.072222222222223
101,13,17.477777777777778
101,14,10.75
101,15,5.9625
101,16,11.049999999999999
101,17,8.666666666666666
101,18,17.914285714285715
101,19,5.033333333333334
101,20,3.1
101,21,30.8
101,22,46.85
101,23,46.2
102,0,16.942
102,1,8.62
102,5,5.61
102,6,13.075
102,7,7.305
102,8,9.33
102,9,7.694
102,10,5.94
102,11,2.1757142857142857
102,12,12.373333333333333
102,13,3.03
102,14,13.15
102,15,10.434999999999999
102,16,12.736428571428572
102,17,8.850769230769231
102,18,12.33
102,19,18.448333333333334
102,20,21.585833333333337
102,21,19.05315789473684
102,22,20.412666666666667
102,23,23.84111111111111
103,6,13.7
103,8,11.64
103,9,8.838095238095239
103,10,5.6
103,11,12.399999999999999
103,12,6.1
103,13,5.925
103,14,9.054545454545455
103,15,6.225
103,17,34.2
104,0,27.28
104,1,18.1
104,7,11.989999999999998
104,8,9.879999999999999
104,9,9.831764705882351
104,10,10.306666666666667
104,11,7.909000000000001
104,12,12.775
104,13,9.16875
104,14,2.026666666666667
104,15,13.862857142857143
104,16,8.123333333333333
104,17,13.91
104,18,16.514285714285712
104,19,16.07375
104,20,14.907499999999999
104,21,13.756
104,22,24.64
104,23,8.8
105,0,9.1
105,1,19.13
105,6,0.47
105,7,13.255
105,8,6.75
105,9,5.6933333333333325
105,10,1.9033333333333333
105,11,4.54
105,13,0.175
105,14,9.565
105,15,3.3275
105,16,11.383125
105,17,13.757857142857144
105,18,14.74409090909091
105,19,15.860869565217392
105,20,17.048636363636362
105,21,17.8625
105,22,19.240000000000002
105,23,15.213333333333333
107,0,23.71117647058824
107,1,17.975
107,2,24.675
107,3,14.649999999999999
107,5,13.0
107,8,35.74285714285714
107,9,18.53
107,10,5.0
107,11,5.25
107,12,12.1
107,14,14.933333333333332
107,15,33.766666666666666
107,16,35.471428571428575
107,17,38.8625
107,18,37.114285714285714
107,19,41.857142857142854
107,20,33.13
107,21,22.566
107,22,22.8
107,23,21.49
108,0,8.76
108,4,16.775
108,6,31.020000000000003
108,7,52.32
108,8,28.54
108,9,27.95
108,10,7.24
108,11,1.65
108,12,11.248571428571427
108,13,7.675999999999999
108,14,6.8
108,15,12.8375
108,16,12.322500000000002
108,17,15.536666666666667
108,18,15.505
108,19,22.198888888888888
108,20,11.39
108,21,0.28
108,22,19.74
108,23,8.96
109,0,5.4
109,1,18.2
109,7,22.1
109,8,8.133333333333333
109,9,8.95
109,10,19.4
109,12,8.899999999999999
109,13,6.7
109,14,2.625
109,15,2.3000000000000003
109,16,6.366666666666667
109,17,10.866666666666665
109,18,11.627777777777776
109,19,12.12857142857143
109,20,19.700000000000003
109,21,16.625
109,22,11.25
109,23,16.7
110,6,22.29
110,7,13.62
110,8,13.253333333333334
110,9,13.17
110,10,10.315384615384614
110,11,14.605
110,12,12.549999999999999
110,13,22.3
110,15,11.99
110,16,17.17
110,19,1.0899999999999999
110,20,1.84
110,21,23.81
110,22,12.889999999999999
110,23,49.88
111,9,15.079999999999998
111,10,28.705714285714286
111,13,34.27
111,16,6.5
111,17,20.154
111,18,15.25
111,19,2.48
111,20,31.19666666666667
111,21,23.24
112,9,12.88
112,11,6.3575
112,12,12.223333333333334
112,13,11.334999999999999
112,14,14.17
112,15,12.448333333333332
112,16,14.385
112,17,23.689999999999998
112,18,15.6
112,19,21.595
112,20,20.73
112,21,14.51
113,0,0.805
113,2,6.18
113,6,8.96
113,7,11.243333333333332
113,8,8.776666666666666
113,9,11.04
113,10,11.765
113,11,8.243333333333334
113,12,8.6225
113,13,7.539999999999999
113,14,9.224
113,15,6.6659999999999995
113,16,8.908333333333333
113,17,12.174444444444443
113,18,12.545833333333334
113,19,11.446875
113,20,12.326875
113,21,16.05125
113,22,13.127142857142857
113,23,13.162
114,0,22.25
114,1,28.833333333333332
114,6,14.3
114,8,5.6
114,9,10.200000000000001
114,10,7.166666666666667
114,11,5.0
114,12,1.4000000000000001
114,13,13.775
114,14,6.45
114,15,15.525
114,16,19.042857142857144
114,17,12.135714285714286
114,18,12.157142857142858
114,19,15.642857142857142
114,20,15.5125
114,21,11.325
114,22,15.2
114,23,10.5
116,0,26.459999999999997
116,1,18.133333333333333
116,5,10.7
116,6,20.85
116,7,10.375
116,8,9.925
116,9,11.6
116,10,18.32
116,11,16.75
116,12,11.0
116,13,25.04
116,14,26.80557142857143
116,15,11.475999999999999
116,16,22.6875
116,17,17.39
116,18,16.379166666666666
116,19,19.141379310344828
116,20,19.706129032258065
116,21,19.866666666666667
116,22,26.463636363636365
116,23,26.7
117,5,2.48
117,7,29.508000000000003
117,8,16.085
117,9,15.226666666666667
117,10,9.287142857142857
117,11,4.982222222222223
117,12,7.585384615384616
117,13,9.387777777777778
117,14,5.40375
117,15,6.1899999999999995
117,16,4.883571428571429
117,17,10.079
117,18,13.742666666666667
117,19,15.10222222222222
117,20,13.290714285714285
117,21,19.4775
117,22,14.696666666666665
117,23,19.506666666666664
118,0,23.333333333333332
118,1,16.1
118,2,11.433333333333332
118,3,19.15
118,7,8.35
118,8,14.133333333333333
118,9,8.08
118,10,9.033333333333333
118,11,14.14
118,12,15.684615384615382
118,13,12.48
118,14,15.35
118,15,13.053846153846154
118,16,22.4
118,17,22.45
118,18,21.473333333333336
118,19,34.809090909090905
118,20,36.08611111111111
118,21,28.44
118,22,27.589999999999996
118,23,20.36
119,9,6.92
119,13,4.18
119,14,1.0
119,17,0.23
119,18,22.3
119,19,19.123333333333335
120,7,0.76
120,9,9.56
120,11,6.93
120,12,22.585
120,14,14.4
120,15,0.51
120,16,38.935
120,17,45.45
120,18,45.46
120,19,4.14
120,21,44.76
120,23,1.01
121,0,18.18
121,7,11.635
121,9,3.745
121,10,6.495
121,11,16.34
121,12,16.19
121,13,13.916666666666666
121,14,7.01
121,15,14.335
121,16,11.09909090909091
121,17,12.512222222222222
121,18,16.848181818181818
121,19,16.349
121,20,21.465
121,21,17.92
121,22,23.99
123,0,37.1
123,1,24.0
123,4,13.9
123,7,11.459999999999999
123,8,10.618
123,9,14.766666666666667
123,10,10.339333333333334
123,11,12.625714285714285
123,12,7.680625
123,13,11.515833333333333
123,14,13.614500000000001
123,15,11.8895
123,16,11.402285714285714
123,17,18.32842105263158
123,18,21.102941176470587
123,19,19.4288
123,20,21.063548387096777
123,21,19.1996
123,22,15.91
123,23,12.4
125,0,10.48
125,4,21.21
125,6,15.285
125,7,16.1
125,8,17.2725
125,10,12.14
125,11,15.47
125,13,4.9
125,14,2.18
125,15,11.781666666666666
125,16,18.4925
125,17,18.888125000000002
125,18,13.1875
125,19,14.865454545454547
125,20,20.649285714285718
125,21,18.848
125,22,14.74
125,23,44.61
126,2,10.235
126,5,24.09
126,6,13.945
126,7,12.735833333333332
126,8,12.300952380952381
126,9,24.153157894736843
126,10,32.279
126,11,33.7565
126,12,25.502
126,13,7.42
126,14,22.80857142857143
126,15,17.885555555555555
126,16,6.282
126,17,7.29
126,18,20.375
126,19,48.076666666666675
126,20,22.222
126,21,20.987142857142857
126,22,42.53727272727272
126,23,32.36
127,0,18.18
127,2,28.53
127,8,13.77
127,9,15.96
127,11,8.15
127,12,0.1
127,14,4.53
127,15,11.65
127,16,15.41
127,17,15.837
127,18,16.00090909090909
127,19,18.19
127,20,16.924375
127,21,18.576249999999998
127,22,25.311666666666667
127,23,10.615
128,0,14.4
128,1,37.95
128,6,13.1
128,7,12.3
128,8,12.99
128,9,7.75
128,10,3.0999999999999996
128,11,9.7
128,12,0.2
128,13,9.05
128,14,18.5
128,15,2.3
128,16,6.216666666666666
128,17,23.633333333333336
128,18,16.208333333333332
128,19,12.53076923076923
128,20,17.476
128,21,23.094117647058823
128,22,11.211111111111112
128,23,20.166666666666668
129,6,20.605
129,7,18.046206896551727
129,8,20.534
129,9,12.553333333333333
129,10,17.09642857142857
129,11,15.318000000000001
129,12,21.475
129,13,17.125
129,14,14.540000000000001
129,16,5.723333333333333
129,17,11.463333333333333
129,18,5.625
130,6,21.256666666666664
130,7,13.288999999999998
130,10,10.305
130,11,47.57
130,12,19.792
130,13,22.905
130,14,4.4925
130,15,15.46
130,17,15.14
130,19,12.85
132,0,21.729999999999997
132,7,9.016666666666666
132,9,6.986666666666667
132,10,4.365
132,11,2.35
132,12,2.865
132,13,9.771666666666667
132,14,14.81
132,15,22.31
132,16,10.54
132,17,15.882
132,18,13.023333333333333
132,19,8.174999999999999
132,20,21.39
132,21,18.156666666666666
132,22,24.245
132,23,18.18
134,8,43.118
134,9,20.060000000000002
134,10,6.369999999999999
134,11,5.0225
134,12,7.1
134,14,3.92
134,15,2.7014285714285715
134,16,15.64333333333333
134,18,1.36
134,20,37.76
134,21,26.924999999999997
134,22,2.12
136,0,14.5
136,1,2.1
136,5,30.1
136,7,25.259999999999998
136,9,3.96
136,10,13.5
136,11,8.166666666666666
136,12,7.614285714285714
136,13,7.566666666666667
136,14,5.433333333333334
136,15,6.914285714285714
136,16,11.225
136,17,4.225
136,18,14.74
136,19,15.413333333333332
136,20,14.314285714285715
136,21,15.963636363636363
136,22,16.32
136,23,58.9
137,9,18.18
137,14,8.7
137,16,9.32
137,17,13.61
137,23,3.19
139,0,5.7
139,4,30.35
139,5,24.7
139,7,17.2
139,8,16.057142857142857
139,9,14.52
139,10,12.516666666666666
139,11,18.04
139,12,11.766666666666666
139,13,12.866666666666667
139,14,21.14
139,15,6.88
139,16,18.462500000000002
139,17,6.790909090909091
139,18,6.366666666666667
139,19,16.483333333333334
139,20,14.333333333333334
139,21,28.17142857142857
139,22,7.233333333333333
139,23,39.5
140,0,22.28333333333333
140,1,39.48166666666666
140,2,38.3725
140,3,35.75
140,4,47.1
140,5,44.995000000000005
140,6,25.02416666666667
140,7,21.6475
140,8,28.0
140,9,12.753636363636362
140,10,13.557142857142859
140,11,17.846666666666668
140,12,23.044545454545457
140,13,15.918000000000001
140,14,17.726
140,15,23.733571428571427
140,16,17.356842105263155
140,17,23.9396875
140,18,23.03648648648649
140,19,21.977241379310346
140,20,10.18
140,21,28.684615384615384
140,22,15.389999999999999
140,23,21.525
145,2,0.41
145,8,19.11857142857143
145,9,18.225
145,10,6.036666666666666
145,11,10.5
145,12,13.068000000000001
145,13,10.715
145,14,9.8675
145,15,8.56
145,16,0.41500000000000004
146,8,22.263636363636365
146,9,12.149999999999999
146,10,23.450000000000003
146,11,4.516666666666667
146,12,11.100000000000001
146,13,14.653846153846153
146,14,8.290000000000001
146,15,9.5
146,16,9.14
146,17,5.75
146,18,6.966666666666666
146,19,30.4
147,0,0.32
147,6,6.02
147,8,6.506666666666667
147,9,10.826666666666666
147,10,16.003333333333334
147,11,5.1816666666666675
147,12,4.495
147,13,2.2533333333333334
147,14,4.071
147,15,4.827
147,16,3.6449999999999996
147,17,11.028571428571428
147,18,20.240000000000002
147,19,6.984999999999999
147,20,11.18
147,21,6.885
149,0,20.7
149,1,27.6
149,6,9.195
149,7,3.5233333333333334
149,8,10.396
149,9,8.438571428571429
149,10,10.33
149,11,8.246666666666666
149,12,7.62
149,13,5.42
149,14,6.6000000000000005
149,15,5.8133333333333335
149,16,16.924
149,17,13.536666666666667
149,18,9.894666666666668
149,19,24.173076923076923
149,20,22.444166666666664
149,21,26.502
149,22,28.905714285714286
149,23,19.68
150,0,9.23
150,1,18.18
150,3,10.469999999999999
150,6,12.12
150,7,6.685
150,8,3.3000000000000003
150,9,5.6775
150,10,8.78
150,11,0.15
150,13,2.875
150,14,6.858
150,15,7.04
150,16,12.844
150,17,4.315
150,18,19.2875
150,19,13.868333333333334
150,20,19.639000000000003
150,21,20.904166666666665
150,22,18.8075
150,23,20.146
152,3,25.29
152,4,45.45
152,13,14.59
152,15,30.3
152,18,22.3
152,19,33.31
152,20,30.3
152,22,12.950000000000001
153,6,13.755172413793103
153,7,26.292307692307695
153,8,10.246666666666666
153,9,6.933333333333334
153,10,3.108333333333333
153,11,2.3625000000000003
153,12,9.266666666666667
153,13,7.8
153,14,7.06
153,15,4.325
153,16,4.6
153,18,42.6
153,20,19.8
154,0,27.017000000000003
154,1,27.445
154,2,12.225
154,5,15.2
154,7,37.515
154,8,21.044285714285714
154,9,15.006666666666668
154,10,18.333333333333332
154,11,4.718
154,12,28.738
154,13,10.78
154,14,18.413333333333334
154,15,15.855454545454545
154,16,23.465
154,17,29.258181818181818
154,18,25.06125
154,19,25.08
154,20,27.36
154,21,27.63764705882353
154,22,26.184000000000005
154,23,40.63454545454545
155,7,18.0
155,8,17.583333333333332
155,9,8.02
155,10,22.52857142857143
155,11,14.169999999999998
155,12,14.899999999999999
155,13,11.771428571428572
155,14,14.912500000000001
155,15,27.98
155,16,18.046666666666667
155,17,22.9625
155,18,24.066666666666666
155,19,22.266666666666666
155,20,37.0
155,21,34.3
155,22,38.833333333333336
155,23,14.0
156,0,47.76
156,7,15.82
156,9,12.513
156,17,13.54
156,18,12.722500000000002
156,19,17.81
156,20,7.085
156,23,24.1
157,9,2.48
157,10,5.95
157,11,1.74
157,12,3.42
157,13,4.34
157,14,2.4566666666666666
157,15,4.31
157,16,0.5
157,17,2.96
157,19,3.06
157,20,5.36
158,0,36.7375
158,1,26.562
158,2,42.42666666666667
158,3,30.3
158,4,45.46
158,5,43.93
158,6,30.3
158,7,2.73
158,8,30.3
158,9,2.0
158,10,17.11
158,11,6.49
158,12,8.914285714285715
158,13,5.34
158,14,9.392
158,15,7.7375
158,16,9.093333333333334
158,17,13.253333333333332
158,18,26.21666666666667
158,19,28.7725
158,20,37.538695652173914
158,21,38.39666666666667
158,22,39.93666666666666
158,23,26.924999999999997
159,6,16.157142857142855
159,7,19.536363636363635
159,8,9.33
159,9,13.45
159,10,8.9
159,11,2.925
159,12,5.9
159,13,8.919999999999998
159,14,7.25
159,15,5.54
159,16,7.0
159,17,2.3
159,19,1.9
159,22,6.9
160,0,15.39
160,1,21.27
160,6,13.65
160,8,18.345
160,9,19.689999999999998
160,10,4.89
160,12,19.942500000000003
160,13,12.81
160,16,4.95
160,18,8.533333333333333
160,20,58.56
160,23,20.703333333333333
161,2,15.633333333333333
161,8,22.0
161,9,14.514285714285714
161,10,8.549999999999999
161,13,1.8
161,15,0.6
161,16,10.9
161,17,9.2
161,18,32.01428571428571
161,19,45.95
161,20,9.6
161,23,33.3
162,4,20.34
162,5,36.42142857142857
162,6,30.37
162,7,28.6
162,8,34.425
162,9,39.54
162,10,29.35
162,12,38.58
162,14,37.99
162,15,0.08
163,0,27.43
163,1,15.0
163,2,9.37
163,5,31.083333333333332
163,6,18.695
163,7,15.267000000000001
163,8,15.532142857142857
163,9,14.130869565217392
163,10,6.085555555555556
163,11,7.35
163,12,11.571111111111112
163,13,10.270000000000001
163,14,14.224615384615387
163,15,7.859696969696969
163,16,13.673555555555554
163,17,14.517719298245614
163,18,18.15264705882353
163,19,24.7488679245283
163,20,24.95612244897959
163,21,23.00151515151515
163,22,21.694666666666667
163,23,16.126363636363635
164,0,11.78
164,2,18.18
164,4,24.09
164,5,12.175
164,6,11.255
164,7,10.719999999999999
164,8,9.7025
164,9,10.252500000000001
164,10,7.412000000000001
164,11,7.591666666666666
164,12,8.383571428571429
164,13,10.324444444444445
164,14,6.70888888888889
164,15,10.261
164,16,10.4645
164,17,10.938333333333333
164,18,12.294117647058824
164,19,9.953076923076923
164,20,12.544615384615383
164,21,21.732
164,22,16.823333333333334
164,23,18.134999999999998
166,0,18.2
166,2,15.05
166,6,11.5
166,7,0.2
166,9,38.05
166,10,11.2
166,11,3.4
166,12,5.949999999999999
166,13,15.4
166,14,12.149999999999999
166,15,10.85
166,16,18.25
166,17,20.25
166,18,20.25
166,19,8.108333333333333
166,20,19.333333333333332
166,21,16.5
166,23,38.9
167,0,18.18
167,7,7.57
167,9,8.61
167,12,22.3
167,13,0.03
167,14,1.93
167,15,23.893333333333334
167,16,16.11
167,17,8.514999999999999
167,18,6.376666666666668
167,19,13.71
167,20,19.72714285714286
167,21,11.5725
167,22,14.46
167,23,28.7125
168,1,21.005000000000003
168,7,24.2815
168,8,17.92890410958904
168,9,18.04
168,10,11.67
168,11,14.653333333333334
168,12,16.184444444444445
168,13,16.885
168,14,12.932500000000001
168,15,9.913333333333332
168,16,7.535
168,17,5.18
168,18,25.8075
168,19,10.709999999999999
168,20,22.68
168,21,6.955
168,22,14.56
168,23,6.96
170,0,5.93
170,1,4.986666666666667
170,7,17.11
170,10,7.970000000000001
170,11,13.382
170,12,4.456666666666667
170,13,9.48
170,14,2.2466666666666666
170,16,13.36
170,17,10.786666666666667
170,18,14.474285714285715
170,19,22.3
170,20,14.0625
170,21,17.224999999999998
170,22,9.5375
170,23,10.38
171,0,43.33833333333333
171,1,38.56
171,2,38.74666666666666
171,9,6.755000000000001
171,10,5.010000000000001
171,11,5.476666666666667
171,12,4.890000000000001
171,13,5.3425
171,14,7.671666666666667
171,15,17.59
171,16,11.1425
171,17,18.57375
171,18,26.9725
171,19,10.85
171,20,5.780454545454545
171,21,40.36
171,22,43.82125
171,23,44.995
172,5,35.52
172,6,24.169999999999998
172,7,27.767500000000002
172,8,22.807727272727274
172,9,0.01
172,12,5.99
172,13,32.26
172,14,22.07
172,15,24.2725
172,16,23.0
172,17,19.29
172,18,18.85
172,19,13.79
173,0,22.618333333333336
173,1,29.598333333333333
173,6,8.33
173,7,8.720588235294118
173,8,9.159210526315789
173,9,9.765263157894736
173,10,8.177142857142858
173,11,8.465
173,12,11.4375
173,13,10.44475
173,14,14.928333333333333
173,15,12.794285714285715
173,16,11.98230769230769
173,17,14.35608695652174
173,18,12.028157894736841
173,19,9.5745
173,20,12.014090909090909
173,21,20.82095238095238
173,22,22.694999999999997
173,23,18.265
174,5,16.06
174,9,9.286
174,10,3.62
174,11,14.195
174,12,7.18
174,13,10.356666666666667
174,14,9.322857142857142
174,15,13.323333333333332
174,16,15.662666666666667
174,17,13.403
174,18,11.69
174,19,19.293333333333337
174,20,15.231666666666667
174,21,21.224999999999998
174,22,14.206
174,23,17.575
175,0,46.095
175,1,32.42333333333333
175,2,48.85
175,5,19.04
175,6,17.553333333333335
175,8,11.395
175,9,10.348571428571429
175,10,9.655
175,11,19.46
175,12,16.515
175,13,14.17
175,14,19.6425
175,15,13.432500000000001
175,16,8.8
175,17,13.606666666666667
175,19,17.05666666666667
175,20,12.634285714285713
175,21,7.9025
175,22,19.896666666666665
175,23,42.23833333333334
176,0,47.85
176,1,42.6
176,2,32.5
176,3,19.0
176,4,46.4
176,7,15.0
176,8,21.1
176,11,0.2
176,14,5.3
176,15,7.166666666666667
176,16,5.0
176,17,22.7
176,18,21.44
176,19,25.133333333333336
176,21,17.1
176,22,0.1
176,23,40.81666666666667
177,0,26.516470588235293
177,1,22.740000000000002
177,2,22.583333333333332
177,3,17.933333333333334
177,4,16.616666666666667
177,5,22.2
177,6,13.625
177,7,10.5
177,8,14.728571428571428
177,9,14.7
177,10,15.549999999999999
177,11,16.75
177,12,13.35
177,13,17.365
177,14,13.025
177,16,22.9
177,17,17.898571428571426
177,18,22.169999999999998
177,19,24.189285714285713
177,20,31.573333333333334
177,21,25.15833333333333
177,22,30.183333333333334
177,23,30.488235294117644
178,7,14.71
178,8,31.783749999999998
178,9,33.4875
178,10,37.17
178,11,11.78
178,12,11.171999999999999
178,13,10.276363636363635
178,14,10.272142857142857
178,15,10.375
178,16,6.573636363636364
178,17,22.743333333333336
178,18,27.725
178,19,26.223333333333333
178,20,22.6
178,21,23.285
178,22,37.16
178,23,22.919999999999998
180,8,22.549999999999997
180,9,11.7
180,10,5.5
180,11,4.0
180,12,6.066666666666666
180,13,11.25
180,14,7.966666666666666
180,15,2.1
180,16,9.25
180,17,6.1
181,8,22.39
181,9,12.885000000000002
181,10,11.455
181,11,11.895555555555555
181,12,16.396666666666665
181,13,14.4425
181,14,9.28
181,15,7.635
181,16,16.41
181,17,15.19222222222222
181,18,12.385
181,19,29.810000000000002
181,20,22.48
182,0,21.3375
182,1,7.455
182,2,9.77
182,3,7.835
182,4,8.78
182,5,8.774999999999999
182,6,19.451249999999998
182,7,22.098
182,8,11.955384615384617
182,9,15.453333333333331
182,10,7.2436842105263155
182,11,11.874285714285715
182,12,12.765263157894736
182,13,7.008333333333333
182,14,8.08578947368421
182,15,6.145833333333333
182,16,7.538235294117648
182,17,7.602962962962963
182,18,8.347
182,19,9.326
182,20,10.438571428571427
182,21,10.445714285714287
182,22,10.751999999999999
185,6,17.990909090909092
185,7,18.0676
185,8,10.466666666666667
185,9,7.41
185,10,16.665333333333333
185,11,14.461428571428572
185,12,15.68
185,13,9.915
185,15,7.82
185,16,9.63
185,17,7.9
187,0,32.11454545454546
187,1,40.254999999999995
187,2,37.8
187,3,24.1
187,4,24.09
187,7,16.52
187,8,13.095
187,9,10.120000000000001
187,10,3.0999999999999996
187,12,2.9166666666666665
187,13,12.355
187,15,8.48
187,16,7.15
187,18,22.3
187,19,16.73
187,20,22.91
187,21,30.925
187,22,29.25
187,23,37.18
188,0,41.099999999999994
188,1,31.600000000000005
188,4,14.4
188,6,19.975
188,7,5.85
188,8,9.95
188,9,25.866666666666667
188,10,23.333333333333332
188,11,17.7
188,12,18.25
188,13,11.585714285714285
188,14,15.049999999999999
188,15,4.366666666666666
188,16,11.72
188,17,24.599999999999998
188,18,37.900000000000006
188,19,31.14
188,20,36.50714285714286
188,21,35.858333333333334
188,22,32.575
188,23,35.78235294117647
189,8,2.1
189,9,6.4
189,10,5.4
189,11,2.7857142857142856
189,12,9.1
189,13,4.733333333333333
189,14,7.26
189,15,15.033333333333333
189,17,36.4
190,7,17.0475
190,8,13.024705882352942
190,9,13.390217391304349
190,10,13.525555555555554
190,11,13.402857142857144
190,12,11.120999999999999
190,13,12.9425
190,14,11.872499999999999
190,15,12.314242424242424
190,16,13.776666666666666
190,17,15.402
190,18,17.51
190,19,7.84
190,21,16.975
191,0,18.735
191,6,15.16
191,8,8.86
191,9,17.45
191,10,16.43
191,11,5.681666666666666
191,12,13.0325
191,13,12.4275
191,14,12.44
191,15,25.049999999999997
191,17,31.78
191,18,43.46967741935484
191,19,32.75333333333333
191,20,28.33142857142857
191,21,0.81
191,22,22.737142857142857
191,23,24.22
194,0,16.1
194,9,8.05
194,10,6.357142857142857
194,11,11.61
194,12,7.1
194,13,9.041666666666666
194,14,7.646153846153846
194,15,8.05
194,16,10.65625
194,17,8.2
194,22,18.2
195,7,42.0
195,8,13.11
195,10,20.81
195,11,1.72
195,12,24.525
195,13,31.92
195,15,0.075
195,16,41.15
195,18,14.73
195,19,15.74
198,0,18.18
198,2,18.19
198,6,18.064999999999998
198,7,16.38285714285714
198,8,13.035
198,9,16.186666666666667
198,10,9.655555555555557
198,11,12.090000000000002
198,12,8.93
198,13,12.120999999999999
198,14,9.261
198,15,10.468
198,16,13.142222222222223
198,17,13.003846153846155
198,18,11.71
198,19,13.615
198,20,15.189333333333334
198,21,16.4
198,22,11.748000000000001
198,23,18.175
199,5,43.13
199,8,50.8
199,9,9.63
199,11,11.15
199,14,5.470000000000001
199,16,11.785
199,17,19.013333333333332
199,18,11.595
199,19,20.595
199,20,30.387999999999998
199,21,57.295
199,22,2.225
200,0,34.61666666666667
200,1,35.7
200,2,14.7
200,3,18.2
200,6,14.9
200,7,12.283333333333333
200,8,19.7
200,9,15.933333333333332
200,10,12.200000000000001
200,11,13.166666666666666
200,12,14.14
200,13,17.741666666666667
200,14,11.661111111111111
200,15,13.38888888888889
200,16,16.0
200,17,16.1
200,18,31.125
200,19,29.67777777777778
200,20,30.5
200,21,34.70434782608696
200,22,33.706896551724135
200,23,33.5375
202,0,11.809999999999999
202,6,4.43
202,8,8.186666666666666
202,9,6.69
202,10,3.80375
202,11,3.707692307692308
202,12,5.227
202,13,7.869999999999999
202,14,6.054
202,15,3.525
202,16,18.6
202,17,12.572
202,18,12.7475
202,19,12.963333333333333
202,20,11.79857142857143
202,21,16.55857142857143
202,22,14.839999999999998
203,1,31.19
203,6,18.04
203,7,18.583333333333332
203,8,15.794
203,9,18.357999999999997
203,10,10.293333333333333
203,11,22.3
203,12,25.695
203,13,20.0625
203,14,20.576666666666668
203,15,13.125
203,16,18.792857142857144
203,17,25.06875
203,18,21.814
203,19,19.417142857142856
203,20,27.439999999999998
203,21,38.295
203,22,20.939999999999998
203,23,31.33
204,0,12.6
204,1,16.35
204,2,13.6
204,3,14.5
204,7,1.9
204,8,6.0
204,9,26.880000000000003
204,10,4.3625
204,11,4.485714285714286
204,12,5.9
204,13,15.0
204,14,12.54
204,15,5.6
204,16,6.833333333333333
204,17,19.349999999999998
204,18,9.708333333333334
204,19,15.157142857142857
204,20,14.957142857142857
204,21,27.75
204,22,28.671428571428574
204,23,14.125
205,0,27.95
205,1,26.1
205,6,33.33
205,8,20.1
205,9,19.18
205,10,17.35666666666667
205,11,7.43
205,12,36.205
205,13,16.16
205,14,18.33
205,15,4.196666666666666
205,16,19.753333333333334
205,17,25.327777777777776
205,18,11.82
205,19,22.310769230769232
205,20,16.518571428571427
205,21,17.158333333333335
205,22,36.102
205,23,17.795
206,0,22.62
206,9,17.39375
206,10,20.766666666666666
206,11,22.474
206,12,26.225
206,13,24.838333333333335
206,14,17.759999999999998
206,15,15.120000000000001
206,16,21.62272727272727
206,17,25.857777777777777
206,18,6.71
206,19,31.656666666666666
206,20,31.74
206,23,13.73
208,8,3.7090909090909094
208,9,6.983333333333333
208,10,7.42
208,11,6.540000000000001
208,12,19.34
208,13,12.212499999999999
208,14,8.027272727272727
208,15,7.5
208,16,14.5
208,17,10.733333333333334
208,18,13.6
208,19,31.049999999999997
208,20,4.8999999999999995
208,21,67.8
210,0,23.68
210,1,0.22
210,3,9.16
210,8,13.53
210,9,11.705555555555556
210,12,14.43
210,16,7.0600000000000005
210,17,17.46
210,18,20.475
210,19,23.796
210,20,10.785
210,21,23.19
210,22,21.9425
210,23,15.14
211,0,28.794
211,1,23.88
211,2,24.1
211,5,22.95
211,6,18.72
211,7,17.72
211,8,16.637
211,9,17.88111111111111
211,10,19.96
211,11,11.26
211,12,16.266
211,13,12.773333333333333
211,14,19.021666666666665
211,15,23.553333333333335
211,16,21.26
211,17,22.578
211,18,22.7525
211,19,22.048214285714288
211,20,23.178235294117645
211,21,33.36909090909091
211,22,27.60909090909091
211,23,23.595714285714287
213,0,18.2
213,3,18.2
213,6,14.5125
213,7,2.4499999999999997
213,8,7.941666666666666
213,9,5.3
213,10,5.1
213,11,2.733333333333333
213,12,7.3
213,13,6.38
213,14,6.6
213,15,1.2
213,16,5.7
213,17,28.2125
213,18,21.108333333333334
213,19,30.860000000000003
213,20,23.05
213,22,29.3
214,0,34.761111111111106
214,1,23.65
214,2,29.11
214,3,32.13
214,4,14.53
214,7,54.34
214,8,19.87
214,9,25.413333333333334
214,10,24.03
214,11,11.93888888888889
214,12,25.0225
214,13,22.318571428571428
214,14,19.262857142857143
214,15,15.955
214,16,25.995
214,17,26.0165
214,18,30.804666666666666
214,19,32.52684210526316
214,20,29.145833333333332
214,21,39.223333333333336
214,22,39.778333333333336
214,23,43.31411764705882
215,5,18.677142857142858
215,6,20.576363636363638
215,7,29.3
215,8,26.175
215,10,45.69
215,11,17.9675
215,12,21.064
215,14,13.01
215,15,4.86
215,16,1.27
217,0,14.526923076923076
217,1,12.282499999999999
217,4,8.996666666666668
217,5,20.855
217,8,5.82
217,10,1.65
217,11,16.14
217,12,13.8575
217,13,8.42
217,14,13.038333333333332
217,15,21.630000000000003
217,16,13.283750000000001
217,17,16.241818181818182
217,18,16.265
217,19,11.18
217,20,23.636153846153846
217,21,20.583333333333332
217,22,14.794285714285715
217,23,23.29235294117647
219,0,58.5
219,5,10.1575
219,7,19.52
219,8,23.095
219,9,18.986666666666668
219,10,9.61
219,11,22.39428571428571
219,12,21.713333333333335
219,13,21.826666666666668
219,14,26.421999999999997
219,15,8.72
219,16,57.05
219,18,48.962
219,19,59.07
219,20,28.549999999999997
219,21,52.585
219,22,52.56
221,6,3.8
221,8,5.54
221,9,30.236666666666665
221,11,3.0749999999999997
221,12,6.285
221,13,10.975
221,14,6.85
221,15,22.816666666666666
221,16,0.05
221,17,65.09
221,18,25.515
221,19,44.535384615384615
221,20,57.49333333333333
221,21,34.165
221,22,51.92
221,23,15.91
222,6,11.13
222,7,6.01
222,8,11.485
222,9,9.406666666666666
222,10,16.1175
222,11,17.28
222,12,22.3
222,13,4.325
222,14,14.88
222,15,12.362
222,16,8.175454545454546
222,17,10.072727272727272
222,18,18.427142857142858
222,19,17.735625
222,20,14.453999999999999
222,21,16.5575
222,22,22.85
224,0,12.462857142857143
224,1,7.85
224,6,4.02
224,7,0.19
224,9,24.76
224,10,7.027692307692307
224,11,7.909999999999999
224,12,5.905
224,13,4.758333333333334
224,14,7.542
224,15,8.363333333333333
224,16,13.002727272727272
224,17,8.958
224,18,7.42
224,19,12.31090909090909
224,20,9.184
224,21,7.192222222222223
224,22,14.015714285714285
224,23,11.065
225,1,8.7
225,6,15.975000000000001
225,7,19.325
225,8,7.075
225,9,8.071428571428571
225,10,6.025
225,11,4.05
225,12,10.4
225,13,9.48
225,14,5.033333333333334
226,0,40.9
226,1,39.2
226,2,8.3
226,16,15.6
226,17,6.1
226,19,11.7
226,20,11.1
226,22,45.5
226,23,36.355555555555554
227,8,11.6
227,9,16.75
227,10,7.62
227,11,4.185714285714286
227,12,9.3
227,13,9.728571428571428
227,14,8.733333333333333
227,15,3.8
227,16,0.1
227,17,7.5
227,18,1.8
227,19,6.9
230,0,11.225
230,5,8.28
230,6,1.76
230,7,11.594999999999999
230,8,30.729999999999997
230,9,23.47
230,10,14.1775
230,11,11.82
230,12,18.21777777777778
230,13,14.336666666666666
230,14,15.968333333333334
230,15,19.46142857142857
230,16,8.870000000000001
230,17,21.613999999999997
230,18,12.078148148148149
230,19,30.019090909090913
230,20,18.303125
230,21,20.108
230,22,17.186666666666667
230,23,40.774
232,0,32.85
232,7,7.8
232,8,8.799999999999999
232,9,21.866666666666664
232,10,9.2875
232,11,8.0375
232,12,13.916666666666666
232,13,9.9
232,14,16.2
232,15,17.38181818181818
232,16,22.027272727272727
232,17,34.86666666666667
232,18,30.61764705882353
232,19,24.915
232,20,34.56363636363636
232,21,39.06666666666667
232,22,33.3375
232,23,25.860000000000003
233,7,32.76666666666667
233,8,8.2
233,9,8.3
233,10,9.4
233,11,3.8333333333333335
233,12,4.6
233,13,15.433333333333332
233,14,7.525
233,15,4.866666666666666
233,17,25.725
233,18,9.15
233,19,25.05
234,10,13.45
234,12,3.03
234,15,11.47
234,16,12.45
234,17,10.17
234,20,10.61
234,21,31.485
234,22,40.31
235,6,17.358
235,7,12.64
235,8,18.39
235,9,17.63625
235,10,2.65
235,12,45.45
235,13,16.726666666666667
235,14,16.98125
235,17,15.55
235,18,14.09
235,19,22.3
235,20,22.534285714285716
235,21,13.901999999999997
236,2,15.165000000000001
236,3,16.44
236,4,16.06
236,6,16.09
236,7,9.05
236,8,11.450743801652893
236,9,11.186
236,10,9.299999999999999
236,11,9.421428571428573
236,12,10.310555555555556
236,13,11.226590909090909
236,14,9.952142857142858
236,15,10.0285
236,16,9.18
236,17,4.952500000000001
236,18,6.234166666666667
236,19,6.735714285714286
236,20,17.9
236,21,22.55
237,0,34.51454545454545
237,1,28.888333333333332
237,2,27.305
237,3,30.06
237,5,24.1
237,7,18.18
237,8,11.309999999999999
237,9,14.185
237,10,12.735
237,11,13.615
237,13,8.46
237,15,15.756666666666668
237,16,7.9799999999999995
237,17,13.459999999999999
237,18,25.0825
237,19,17.03
237,20,24.603333333333335
237,21,25.661666666666665
237,22,37.22705882352941
237,23,27.568823529411763
238,0,15.863333333333332
238,1,19.555
238,2,8.885
238,4,7.33
238,6,18.939999999999998
238,7,10.305
238,8,6.07
238,9,17.4175
238,10,10.6475
238,11,12.07
238,12,24.728333333333335
238,13,9.833333333333334
238,14,10.906666666666666
238,15,22.589166666666667
238,16,24.846153846153847
238,17,34.513
238,18,28.220555555555556
238,19,28.85875
238,20,23.310833333333335
238,21,20.703181818181818
238,22,27.553333333333335
238,23,29.007857142857144
242,0,53.88
242,5,20.345
242,6,35.265
242,7,21.814999999999998
242,8,11.3125
242,9,8.137
242,10,16.5225
242,11,13.631
242,12,17.019285714285715
242,13,20.23785714285714
242,14,12.156666666666666
242,15,19.05333333333333
242,16,10.313333333333334
242,17,31.547777777777778
242,18,17.720000000000002
242,19,24.34
242,20,35.191428571428574
242,21,23.21666666666667
242,22,48.47
244,7,14.066666666666665
244,8,13.512307692307692
244,9,13.555581395348836
244,10,20.763333333333335
244,11,14.3975
244,12,12.577142857142857
244,13,9.33875
244,14,11.588333333333333
244,15,12.381428571428572
244,16,15.475806451612904
244,17,15.87
244,18,14.309999999999999
244,19,7.525
244,20,18.315
244,21,17.69
246,8,1.88
246,11,0.05
246,13,8.855
246,14,8.456666666666665
246,16,2.94
246,19,18.66
246,21,18.18
246,22,18.18
248,0,18.97
248,2,18.71
248,3,15.79
248,7,13.906666666666666
248,8,10.9
248,9,18.81
248,10,7.31
248,11,3.5549999999999997
248,12,8.285
248,13,14.283999999999997
248,14,5.535
248,15,11.800000000000002
248,16,14.3125
248,17,18.725
248,18,12.345714285714285
248,19,17.33214285714286
248,20,16.01421052631579
248,21,18.77578947368421
248,22,19.2625
248,23,20.364444444444445
249,0,46.2725
249,1,46.05166666666667
249,2,46.6
249,7,5.08
249,8,11.328333333333333
249,9,11.579999999999998
249,10,5.5840000000000005
249,11,1.635
249,12,5.98
249,13,13.897499999999999
249,14,9.1325
249,15,6.151999999999999
249,16,14.52
249,17,11.41
249,18,44.623333333333335
249,19,41.43833333333333
249,20,36.618
249,21,27.268571428571427
249,22,46.91
249,23,41.72615384615385
250,0,18.857142857142858
250,1,17.472727272727273
250,2,32.05
250,4,18.15
250,6,4.6
250,7,6.0
250,8,23.325
250,9,21.925
250,10,4.433333333333334
250,11,10.899999999999999
250,12,7.666666666666667
250,13,5.1
250,14,21.5725
250,15,63.7
250,16,36.166666666666664
250,17,43.3
250,18,44.77272727272727
250,19,39.39473684210526
250,20,36.50555555555556
250,21,14.26125
250,23,23.82857142857143
251,0,43.106818181818184
251,1,44.34368421052631
251,2,48.875
251,6,32.285000000000004
251,7,41.28
251,8,38.88
251,10,10.535
251,11,0.8
251,12,1.5899999999999999
251,13,7.25
251,14,20.720000000000002
251,16,6.01
251,17,7.8525
251,18,11.517500000000002
251,19,22.39
251,20,25.996666666666666
251,21,41.125
251,22,39.76
251,23,45.200909090909086
252,1,0.38
252,11,4.27
252,13,16.92
252,17,31.069999999999997
252,18,23.685
252,19,22.94
252,21,18.18
252,23,18.18
253,0,17.093333333333334
253,7,9.8
253,8,5.265
253,9,4.55
253,10,6.32
253,11,4.535
253,12,8.13
253,13,7.79
253,14,5.564
253,15,7.151666666666666
253,16,8.423333333333334
253,17,10.6725
253,18,16.014
253,19,23.87125
253,20,25.695
253,21,31.55
253,22,5.029999999999999
254,1,47.35
254,4,30.31
254,5,45.54
254,11,22.759999999999998
254,12,3.4600000000000004
254,13,9.95
254,14,8.91
254,15,6.367999999999999
254,18,0.43
254,19,55.0
254,22,2.8649999999999998
254,23,20.04
257,6,1.46
257,10,7.653333333333333
257,11,3.97
257,12,3.74
257,13,8.045
257,14,11.366
257,16,6.19
257,17,11.03
257,18,12.13
257,19,1.29
257,21,10.49
258,0,48.86
258,1,30.3
258,6,10.754999999999999
258,7,17.56
258,8,20.93
258,10,7.915
258,11,10.35
258,12,16.35
258,13,18.393333333333334
258,14,17.03
258,15,9.2575
258,16,12.12
258,17,21.01
258,18,57.9
258,19,8.875
258,20,34.08
258,21,29.828333333333333
258,22,25.53
258,23,22.31
260,0,20.935
260,1,23.2025
260,4,9.57
260,6,5.96
260,7,24.794999999999998
260,8,18.314444444444447
260,9,17.36
260,10,13.434000000000001
260,11,14.92818181818182
260,12,16.55181818181818
260,13,18.650344827586206
260,14,16.966190476190476
260,15,24.743333333333332
260,16,27.674242424242426
260,17,22.836666666666666
260,18,34.9056
260,19,29.150909090909092
260,20,30.50588235294118
260,21,25.599696969696968
260,22,17.693846153846156
260,23,20.07625
262,2,13.14
262,3,17.770000000000003
262,4,15.49
262,5,14.853333333333333
262,6,15.209583333333333
262,7,14.951400000000001
262,8,13.170454545454545
262,9,13.9
262,10,9.486666666666666
262,11,13.032857142857141
262,12,13.75
262,13,13.203333333333333
262,14,10.595
262,15,13.256666666666668
262,16,9.67
262,18,5.53
262,19,2.73
263,0,26.77125
263,1,13.853333333333333
263,2,26.735
263,11,13.645
263,14,3.9899999999999998
263,15,22.23
263,16,18.0025
263,17,14.011666666666665
263,18,16.156666666666666
263,19,15.213636363636363
263,20,14.225555555555555
263,21,12.459
263,22,14.29875
263,23,25.42833333333333
264,0,13.635
264,1,5.95
264,5,17.67
264,6,7.645
264,7,21.900000000000002
264,8,13.812898550724638
264,9,17.02
264,10,10.857307692307693
264,11,15.573333333333334
264,12,8.877619047619048
264,13,13.733684210526315
264,14,10.484666666666667
264,15,9.572666666666667
264,16,9.652727272727274
264,17,12.521666666666668
264,18,14.434722222222222
264,19,14.131428571428572
264,20,18.171666666666667
264,21,13.161000000000001
264,22,13.8
264,23,13.651999999999997
265,11,0.14
265,17,34.75
265,19,24.953333333333333
267,0,1.75
267,1,7.166666666666667
267,2,10.7
267,7,29.0
267,8,11.8
267,9,11.2
267,10,11.3
267,11,7.733333333333333
267,12,4.866666666666667
267,13,12.814285714285715
267,14,16.139999999999997
267,15,20.55
267,16,24.3
267,17,0.6
267,18,18.685714285714287
267,19,24.025
267,20,33.64545454545455
267,21,37.95454545454545
267,22,42.833333333333336
267,23,27.25
269,1,4.25
269,4,10.165
269,6,18.19
269,7,8.826666666666666
269,8,12.41
269,9,12.041999999999998
269,10,10.840000000000002
269,11,9.296000000000001
269,12,6.621666666666666
269,13,8.270000000000001
269,14,11.18
269,15,9.3
269,16,4.966666666666667
269,17,3.945
269,18,6.91
269,19,15.573333333333332
269,20,12.216666666666667
269,21,16.246666666666666
269,22,10.986666666666666
269,23,14.99
270,6,9.59
270,7,17.939999999999998
270,8,16.709411764705884
270,9,14.088852459016394
270,10,6.866
270,11,16.35272727272727
270,12,13.39875
270,13,14.316666666666666
270,14,15.6425
270,15,12.578
270,16,13.17725806451613
270,17,15.023225806451613
270,18,15.959333333333332
270,19,12.32
270,21,20.76
273,0,29.49333333333333
273,5,9.799999999999999
273,6,13.324000000000002
273,7,16.557777777777776
273,8,12.011333333333333
273,9,9.775897435897436
273,10,9.013333333333334
273,11,7.275
273,12,7.300909090909091
273,13,11.561666666666666
273,14,5.639411764705883
273,15,11.491666666666667
273,16,11.505555555555555
273,17,12.8522
273,18,16.391304347826086
273,19,23.38558823529412
273,20,24.091206896551725
273,21,26.33642857142857
273,22,20.579333333333334
273,23,26.55625
274,5,38.68
274,6,35.652
274,7,18.3325
274,8,26.03833333333333
274,9,23.455000000000002
274,10,9.94
274,11,21.36
274,14,31.49
274,15,19.292
274,16,11.78
274,17,16.58
274,18,18.634999999999998
274,19,22.36
275,3,4.7
275,7,24.5
275,8,7.311111111111111
275,9,4.35
275,10,5.4
275,11,3.45
275,12,8.2
275,13,5.1499999999999995
275,14,2.5
275,15,5.5200000000000005
275,16,4.733333333333333
275,17,0.55
275,18,1.45
275,19,41.7
275,20,23.0
275,21,15.2
275,22,13.9
277,6,9.78
277,7,13.912222222222221
277,8,13.627222222222223
277,9,18.7
277,10,12.38
277,11,12.884
277,12,23.596666666666668
277,13,13.755
277,14,8.693333333333333
277,15,12.055555555555555
277,16,10.484444444444444
277,17,13.12
277,18,12.788888888888888
277,19,17.845882352941175
277,20,16.462857142857143
277,21,17.02375
277,22,25.313333333333333
277,23,45.207499999999996
278,0,43.28
278,4,24.0
278,7,4.7
278,8,0.1
278,10,2.8
278,11,4.7
278,12,6.3999999999999995
278,13,8.4
278,14,11.6
278,15,0.1
278,16,3.1999999999999997
278,17,15.299999999999999
278,18,5.0
278,19,4.2
278,20,4.6
278,21,6.0
278,22,9.45
278,23,36.68378378378378
279,1,2.8
279,7,3.0
279,8,7.5
279,15,8.55
279,16,4.2
279,17,7.0
279,19,13.2
279,21,10.1
279,23,26.55
281,0,32.527499999999996
281,2,24.1
281,9,21.133333333333333
281,10,32.555
281,11,18.19
281,12,2.37
281,14,12.780000000000001
281,15,3.205
281,16,37.17
281,17,21.64125
281,18,19.164285714285715
281,19,8.48
281,20,5.18
281,21,16.713333333333335
281,22,28.936666666666667
281,23,51.73
283,0,18.2
283,1,18.2
283,4,22.4
283,6,12.9
283,7,12.799999999999999
283,8,16.0125
283,9,9.299999999999999
283,10,8.42
283,11,13.7
283,12,36.86666666666667
283,13,9.0
283,14,30.15
283,15,14.15
283,16,6.616666666666667
283,17,16.055
283,18,17.114285714285714
283,19,22.266666666666666
283,20,18.673684210526318
283,21,17.945833333333333
283,22,23.357142857142858
283,23,18.314285714285713
284,0,3.1
284,2,18.2
284,6,15.666666666666666
284,7,14.783333333333333
284,8,20.352941176470587
284,9,13.200000000000001
284,10,16.14
284,11,11.059999999999999
284,12,28.4
284,13,7.183333333333334
284,14,14.457142857142857
284,15,14.549999999999999
284,16,18.41111111111111
284,17,19.0
284,18,20.51304347826087
284,19,22.366666666666667
284,20,24.44074074074074
284,21,19.893548387096775
284,22,22.13076923076923
284,23,19.76666666666667
285,5,0.5
285,6,15.2
285,7,14.875
285,8,22.26111111111111
285,9,9.166666666666666
285,10,20.675
285,11,20.425
285,12,19.0
285,13,14.1875
285,14,17.025
285,15,15.699999999999998
285,17,4.8
285,18,12.45
285,19,3.8
285,21,34.7
286,0,30.4
286,6,7.95
286,7,14.85
286,8,20.54615384615385
286,10,18.766666666666666
286,11,17.2
286,12,16.259999999999998
286,13,16.016666666666666
286,14,18.357142857142858
286,15,34.6
286,16,14.3
286,17,20.0
286,20,22.7
286,21,26.299999999999997
287,0,32.8125
287,1,26.2
287,2,40.5
287,3,39.82222222222222
287,4,16.95
287,5,47.6
287,6,24.89
287,7,27.65
287,8,22.660000000000004
287,9,11.07457627118644
287,10,10.221951219512194
287,11,22.575
287,12,19.318181818181817
287,13,12.514285714285716
287,14,24.42
287,15,23.191666666666666
287,16,28.62142857142857
287,17,33.37536231884058
287,18,32.590384615384615
287,19,29.355172413793102
287,20,25.891666666666666
287,21,22.45
287,22,20.599999999999998
287,23,31.900000000000002
289,8,7.34
289,9,8.78
289,10,3.1216666666666666
289,11,6.5
289,12,4.125
289,13,6.1625
289,14,5.11
289,15,7.43
289,17,3.23
289,19,1.18
289,21,23.35
290,5,18.2
290,6,19.87142857142857
290,7,23.14916666666667
290,8,18.759999999999998
290,9,12.35
290,10,17.96666666666667
290,11,12.512857142857143
290,12,10.627272727272727
290,14,10.0
290,15,12.05
290,16,2.8
290,17,10.0
290,18,1.4
290,23,30.3
291,0,24.47
291,1,17.56
291,2,22.384999999999998
291,6,23.7
291,7,15.7425
291,8,19.335
291,9,20.075
291,10,14.576666666666668
291,11,15.530909090909091
291,12,22.753333333333334
291,13,12.874166666666667
291,14,21.452
291,15,24.888571428571428
291,16,32.33615384615384
291,17,30.087500000000002
291,18,35.3508
291,19,23.915454545454544
291,20,25.140869565217393
291,21,24.338076923076922
291,22,24.928
291,23,21.556
296,12,0.13
296,14,0.54
296,15,18.77
296,16,21.09
296,17,7.853333333333333
296,18,0.04
296,19,12.783999999999999
296,20,35.42
296,21,20.375
296,22,33.385
298,6,6.63
298,8,18.18
298,9,11.594999999999999
298,13,13.69
298,18,9.25
300,0,18.8
300,6,12.899999999999999
300,7,9.433333333333334
300,8,14.623809523809525
300,9,9.546666666666665
300,10,8.238461538461538
300,11,11.1125
300,12,6.2
300,13,12.424999999999999
300,14,12.833333333333334
300,15,16.015384615384615
300,16,15.261538461538462
300,17,18.175
300,18,20.952380952380953
300,19,18.76590909090909
300,20,22.318421052631578
300,21,18.672727272727272
300,22,21.042857142857144
300,23,35.15
301,0,1.1
301,1,23.4
301,6,12.2
301,7,14.160000000000002
301,8,14.925
301,9,10.533333333333333
301,10,6.3999999999999995
301,11,1.6
301,12,33.8
301,13,29.4
301,14,7.699999999999999
301,15,11.6
301,16,14.883333333333333
301,17,11.185714285714285
301,18,22.427272727272726
301,19,22.692857142857143
301,20,21.911538461538463
301,21,19.976923076923075
301,22,32.266666666666666
301,23,15.940000000000001
303,1,24.1
303,3,55.8
303,4,13.4
303,6,13.033333333333331
303,7,14.37
303,8,16.606666666666666
303,9,12.077777777777778
303,10,7.800000000000001
303,11,9.1125
303,12,23.1
303,13,5.633333333333333
303,14,14.166666666666666
303,15,12.87
303,16,16.45
303,17,18.71764705882353
303,18,21.650000000000002
303,19,20.625
303,20,23.344736842105263
303,21,20.568181818181817
303,22,21.076923076923077
303,23,20.95
304,6,4.6
304,7,15.285714285714286
304,8,15.450000000000001
304,9,6.07
304,10,3.8333333333333335
304,12,20.5
304,13,7.5
304,14,13.08888888888889
304,15,8.924999999999999
304,16,13.200000000000001
304,17,18.272727272727273
304,18,18.141666666666666
304,19,20.385294117647057
304,20,21.178260869565214
304,21,24.910526315789475
304,22,22.6125
304,23,22.6375
305,4,16.95
305,5,43.142857142857146
305,6,38.185
305,7,29.733333333333334
305,8,29.27777777777778
305,9,33.88
305,10,35.85
305,11,25.333333333333332
305,12,16.466666666666665
305,13,37.2
305,14,19.233333333333334
305,15,18.2
305,18,29.4
305,19,26.3
305,20,30.3
305,21,32.666666666666664
305,22,18.2
305,23,34.0
306,9,9.925833333333333
306,10,10.768
306,11,5.51875
306,12,7.778333333333333
306,13,7.582222222222222
306,14,11.276666666666666
306,15,9.145714285714286
306,16,13.112142857142857
306,17,11.50977011494253
306,18,12.947894736842105
306,19,14.004999999999999
307,1,8.94
307,9,9.92
307,11,17.69
307,12,0.13
307,14,1.8366666666666667
307,16,9.875
307,17,15.065000000000001
307,18,15.194166666666666
307,19,8.6475
307,20,5.37
307,21,15.08
307,22,18.18
307,23,54.55
308,0,26.9
308,1,24.1
308,7,13.0
308,8,9.02
308,9,7.8
308,10,9.071428571428571
308,11,7.62
308,12,7.2
308,13,7.84
308,14,6.167857142857143
308,15,8.114285714285714
308,16,6.105555555555556
308,17,7.26875
308,18,6.93125
308,19,16.2
308,20,15.876923076923077
308,21,22.866666666666664
308,22,11.95
308,23,18.2
309,6,7.96
309,9,11.63
309,14,1.2
309,15,7.19
309,17,26.54
309,19,6.16
310,9,12.83
310,10,5.0525
310,11,3.0066666666666664
310,12,9.205
310,13,2.82
310,14,2.47
310,15,3.4099999999999997
310,16,2.9349999999999996
310,17,5.783333333333334
310,18,11.405
310,19,32.59
310,20,16.12
311,6,14.397
311,7,23.25
311,8,16.075
311,9,14.454285714285716
311,11,0.16
311,12,21.28
311,13,18.416
311,14,19.447499999999998
311,15,7.81
311,16,4.52
311,17,5.335
311,19,13.96
311,20,16.146
311,21,17.575
312,7,0.4
312,9,7.61
312,12,7.83
312,13,6.371666666666667
312,14,11.3
312,15,5.861428571428571
312,16,11.889999999999999
312,17,21.0425
312,18,28.962
312,20,35.507999999999996
312,21,49.295
312,22,35.795
315,1,24.22
315,8,14.59
315,9,12.946666666666667
315,11,7.574999999999999
315,12,5.77
315,13,11.795454545454545
315,14,8.846666666666666
315,15,0.61
315,18,42.337
315,19,35.9
315,20,47.09
315,22,24.49666666666667
315,23,22.299999999999997
317,7,19.233333333333334
317,8,17.366666666666664
317,9,21.66
317,10,18.65
317,11,19.7
317,12,19.275
317,13,14.580000000000002
317,14,13.1
317,15,18.65
317,16,7.5
317,18,0.2
317,20,17.9
317,21,1.3
319,6,3.36
319,7,3.6900000000000004
319,8,6.77
319,9,5.15
319,10,8.265
319,11,3.23
319,12,6.41
319,13,3.29
319,14,5.4175
319,15,1.525
319,16,5.069999999999999
319,17,3.48
319,19,7.46
320,0,10.65
320,2,21.625
320,4,23.2
320,5,21.93
320,6,26.87111111111111
320,7,18.64888888888889
320,8,18.27
320,9,23.18
320,10,5.765714285714286
320,11,9.18090909090909
320,12,15.737333333333332
320,13,14.659230769230769
320,14,13.182857142857143
320,15,10.105555555555556
320,16,17.53222222222222
320,17,25.953055555555554
320,18,25.51970588235294
320,19,26.952105263157897
320,20,32.43633333333334
320,21,25.861333333333334
320,22,22.855882352941176
320,23,35.08411764705882
322,6,5.96
322,7,5.345
322,8,14.77
322,9,4.37
322,10,12.65
322,11,10.98
322,12,12.89
322,14,7.09
322,15,3.5866666666666664
322,16,10.74
322,17,4.428333333333334
322,18,8.926666666666668
322,20,10.114999999999998
322,22,8.973333333333334
326,0,52.45
326,6,1.05
326,8,43.465
326,9,5.49
326,10,51.185
326,11,4.86
326,12,3.245
326,14,16.763333333333332
326,15,52.56
326,16,26.49666666666667
326,23,50.67
327,0,40.21
327,6,4.85
327,8,35.58235294117647
327,9,6.164999999999999
327,10,8.75095238095238
327,11,5.706666666666667
327,12,6.934166666666667
327,13,4.363076923076923
327,14,6.246
327,15,5.666666666666667
327,16,5.346363636363637
327,17,7.002941176470588
327,18,7.7014
327,19,6.516666666666667
327,20,8.008333333333333
327,21,12.035882352941178
327,22,18.284545454545455
327,23,17.153333333333332
328,7,17.2
328,8,27.025
328,9,14.0
328,10,15.12
328,11,18.299999999999997
328,12,19.51666666666667
328,13,12.0
328,14,17.35
328,16,13.1
329,6,13.67
329,7,15.75
329,8,14.401
329,9,15.252222222222223
329,10,13.84
329,11,12.14
329,12,14.17
329,13,11.87909090909091
329,14,14.328
329,15,12.692333333333332
329,16,15.035609756097562
329,17,14.872424242424243
329,18,13.13375
329,19,16.38
329,21,20.66
331,6,15.011176470588236
331,8,30.81625
331,9,23.48125
331,10,14.2875
331,11,27.97375
331,12,21.168333333333333
331,13,17.58
331,14,8.31
331,15,9.5
331,16,3.5100000000000002
331,17,1.2
331,19,9.23
331,22,1.32
331,23,25.485
334,8,6.87
334,9,9.193999999999999
334,10,10.574285714285713
334,11,18.150000000000002
334,12,6.52
334,13,4.72
334,14,15.209999999999999
334,15,14.328235294117647
334,16,12.796000000000001
334,17,12.589178082191781
334,18,10.006666666666666
334,19,15.7225
334,20,13.06
334,21,14.39
334,23,20.76
343,8,9.0
343,11,23.2
343,12,17.65
343,15,10.399999999999999
343,16,5.75
343,17,24.066666666666666
343,19,26.083333333333332
343,20,35.0
343,21,33.35
343,22,34.18
343,23,22.625
347,0,39.06666666666667
347,1,22.759999999999998
347,7,22.0
347,8,27.728571428571428
347,9,16.816666666666666
347,10,36.3
347,11,25.833333333333332
347,12,45.26666666666667
347,13,12.9
347,14,28.96666666666667
347,15,19.240000000000002
347,16,17.7
347,17,33.885714285714286
347,18,27.142857142857142
347,19,42.6
347,20,27.26666666666667
347,21,23.7
347,22,22.444444444444443
347,23,37.800000000000004
348,7,3.3
348,13,27.09
348,14,3.85
348,15,15.36
348,16,22.3
348,18,10.026666666666666
349,1,6.27
349,9,0.13
349,10,0.1
349,11,2.5300000000000002
349,12,9.049999999999999
349,13,10.910000000000002
349,15,0.08
349,16,20.576666666666664
349,17,20.543333333333333
349,18,11.2875
349,19,30.2225
349,20,15.015
349,21,63.76
349,22,65.03
350,0,37.01111111111111
350,1,42.70000000000001
350,4,29.6
350,5,20.900000000000002
350,7,8.9
350,8,20.75
350,15,21.5
350,16,29.566666666666666
350,17,25.338461538461537
350,18,25.163636363636364
350,19,25.639999999999997
350,20,24.3
350,21,20.7
350,22,25.5
350,23,43.6
354,0,4.2
354,6,8.4
354,8,23.6
354,9,11.166666666666666
354,10,14.200000000000001
354,11,9.9
354,12,10.166666666666666
354,13,16.02
354,14,16.666666666666668
354,15,12.233333333333334
354,16,6.166666666666667
354,17,13.625
354,18,20.025
354,19,18.0
354,20,19.32
354,21,29.3
354,22,25.78
354,23,26.071428571428573
356,2,22.23
356,12,8.41
356,13,15.806666666666667
356,14,25.92
356,15,22.37
356,16,16.28
356,17,13.651999999999997
356,18,11.01
356,19,17.456
356,20,11.183333333333332
356,21,11.19
356,22,7.765
357,0,16.933333333333334
357,1,40.9
357,3,19.5
357,8,12.166666666666666
357,9,23.46666666666667
357,10,20.45
357,13,14.5
357,15,11.916666666666666
357,16,14.9
357,17,9.34
357,18,22.511111111111113
357,19,38.5
357,20,42.3
357,21,39.3
357,22,23.65
357,23,34.66428571428572
358,0,45.23
358,11,5.93
359,0,12.25
359,6,37.62
359,7,36.08166666666667
359,8,23.478333333333335
359,9,18.18
359,10,17.35
359,11,23.0
359,12,7.029999999999999
359,13,13.86
359,14,14.094
359,15,7.655
359,16,37.474000000000004
359,17,27.313333333333333
359,18,22.548
359,19,19.978
359,20,17.616666666666667
359,21,28.53
359,22,27.115000000000002
360,7,43.79
360,9,7.92
360,11,10.353333333333333
360,12,15.395
360,13,13.31
360,14,0.75
360,15,9.51
360,16,30.966666666666665
360,17,28.75
360,18,34.875
360,19,20.075
360,20,20.94
360,22,39.09
360,23,18.39333333333333
361,9,17.69
361,12,16.759999999999998
361,15,3.51
361,16,13.426666666666668
361,17,4.25
361,18,9.64
361,19,17.35
362,0,53.6
362,9,12.4
362,10,19.0
362,12,7.5
362,15,15.866666666666667
362,17,11.3
362,20,28.5
362,21,58.0
362,22,44.8
363,12,19.47
363,15,20.406666666666666
363,16,17.43
363,17,14.71
363,18,25.566666666666666
363,19,18.56
364,8,19.36
364,10,10.16
364,11,5.84
364,16,14.68
364,17,21.808
364,19,23.08
364,20,8.36
365,12,17.465
366,10,14.26
366,11,28.169999999999998
366,12,22.31
366,13,14.25
366,14,14.05
366,15,14.15
366,16,37.185
366,17,20.43
366,18,8.3
366,19,23.15
366,20,14.985
366,21,8.77
366,22,10.83
367,12,12.36
368,10,24.6
368,12,19.832500000000003
368,15,9.43
368,17,10.024999999999999
368,20,51.66
369,8,32.535
369,10,12.275
369,11,5.455
369,13,15.870000000000001
369,14,20.395000000000003
369,15,21.125
369,16,17.148
369,17,8.94
369,18,7.319999999999999
369,19,28.3
369,20,17.39
370,0,25.53
370,3,26.1
370,6,8.26
370,7,28.46
370,8,7.43375
370,9,16.86888888888889
370,10,18.537333333333333
370,11,11.951666666666666
370,12,14.86909090909091
370,13,12.932631578947369
370,14,12.321578947368423
370,15,9.96
370,16,10.184
370,17,14.608571428571429
370,18,25.252432432432432
370,19,16.77695652173913
370,20,29.916666666666668
370,21,25.391363636363636
370,22,23.01047619047619
370,23,31.74666666666667
371,0,35.55
371,1,42.85
371,4,26.19
371,6,4.67
371,7,37.37
371,8,11.959999999999999
371,9,18.655
371,10,11.132
371,11,21.776
371,12,14.98846153846154
371,13,10.598181818181818
371,14,17.6
371,15,9.752727272727272
371,16,20.620625
371,17,17.419999999999998
371,18,23.641851851851854
371,19,25.8896
371,20,21.50111111111111
371,21,23.405625
371,22,22.485999999999997
371,23,30.87
372,0,35.765
372,1,40.343333333333334
372,3,0.81
372,7,31.6
372,8,31.45
372,9,24.2
372,11,41.555
372,12,8.166
372,13,23.168333333333333
372,14,38.475
372,15,16.347857142857144
372,16,17.954285714285714
372,17,31.705000000000002
372,18,20.729285714285712
372,19,26.611818181818183
372,20,29.55909090909091
372,21,35.45444444444445
372,22,31.732
372,23,28.860833333333332
373,0,33.69157894736842
373,1,36.88
373,2,38.85
373,4,47.53
373,5,16.375
373,6,15.81
373,7,15.444285714285714
373,8,26.869999999999997
373,9,16.365
373,10,23.925
373,11,8.825
373,12,15.498999999999999
373,13,15.604285714285714
373,14,17.55666666666667
373,15,22.126666666666665
373,16,19.08
373,17,32.068333333333335
373,18,23.970750000000002
373,19,30.924500000000002
373,20,34.212
373,21,43.92214285714285
373,22,34.95230769230769
373,23,29.30818181818182
374,0,26.12470588235294
374,1,37.48333333333333
374,2,26.784285714285716
374,3,13.770000000000001
374,4,18.575
374,5,19.939999999999998
374,6,9.37
374,7,16.655555555555555
374,8,26.59
374,9,45.225
374,10,16.65
374,12,30.835714285714285
374,13,11.045
374,14,26.906666666666666
374,15,23.95875
374,16,12.271666666666667
374,17,24.41
374,18,23.485416666666666
374,19,24.645454545454548
374,20,33.13076923076923
374,21,33.42090909090909
374,22,16.314999999999998
374,23,25.794098360655738
375,0,31.39666666666667
375,1,40.989999999999995
375,2,12.96
375,5,16.65
375,6,34.315
375,7,35.95
375,8,28.368333333333336
375,9,13.307777777777778
375,10,21.80875
375,11,15.25375
375,12,19.087272727272726
375,13,15.727272727272727
375,14,13.209285714285715
375,15,22.65909090909091
375,16,26.346999999999998
375,17,25.17535714285714
375,18,28.827222222222222
375,19,36.27857142857143
375,20,36.16692307692308
375,21,40.564
375,22,23.860714285714288
375,23,28.175238095238093
376,0,34.97909090909091
376,1,29.5425
376,2,20.63
376,3,21.295
376,4,23.64
376,5,12.12
376,6,10.556000000000001
376,7,10.83
376,8,28.755
376,9,14.034
376,10,11.9575
376,12,21.996000000000002
376,13,19.2825
376,14,30.38333333333333
376,15,16.847
376,16,20.046666666666667
376,17,34.413333333333334
376,18,21.684666666666665
376,19,23.919999999999998
376,20,35.05833333333333
376,21,38.6375
376,22,26.88375
376,23,27.048372093023254
377,0,44.60875
377,1,43.2225
377,2,36.86
377,5,15.84
377,8,11.57
377,9,17.265
377,10,53.35
377,11,5.235
377,12,30.615000000000002
377,13,8.316666666666666
377,14,11.135000000000002
377,15,29.450000000000003
377,16,20.05
377,17,6.05
377,18,11.691999999999998
377,19,11.160000000000002
377,20,28.825000000000003
377,21,40.31388888888889
377,22,41.57086956521739
377,23,43.05471428571428
378,10,7.33
378,13,22.05
378,14,42.07
378,15,17.99
378,16,10.746666666666664
379,6,6.6
379,7,9.611612903225806
379,8,8.4
379,9,10.51
379,11,24.94
379,14,10.87
379,17,10.86
380,2,30.73
380,5,44.37
380,7,7.423333333333333
380,8,8.065
380,11,4.88
380,12,11.350000000000001
380,13,28.136666666666667
380,14,9.6425
380,15,15.138
380,16,16.098333333333333
380,17,13.6
380,18,13.055
380,19,20.44
381,9,14.67
381,10,8.42
382,7,5.73
382,8,5.603333333333333
382,9,13.67
382,10,11.85
382,12,19.45
382,16,10.3275
382,20,27.77
383,7,7.9
383,23,18.83
384,6,18.083333333333332
384,7,15.09
384,8,29.0
384,9,17.175
384,10,10.835
384,11,22.509999999999998
384,12,13.059999999999999
384,13,14.366666666666667
384,15,9.88
384,16,3.44
384,17,13.0475
384,18,18.113333333333333
384,19,27.22
384,20,18.203333333333333
385,13,18.795
385,15,21.75583333333333
385,16,12.565
387,9,10.43
387,10,14.07
387,11,11.67
387,12,10.65
387,13,15.51
387,15,15.41
387,17,4.73
387,18,11.25
387,21,9.03
388,12,29.22
388,13,23.29
388,14,28.42
388,18,24.41
389,13,24.71
389,14,16.84
389,15,22.99666666666667
389,16,9.78
389,17,21.898571428571426
389,18,21.465
389,19,22.465
389,20,28.38
389,21,16.5
389,22,26.56
390,9,15.9
390,11,21.3
390,16,17.3
390,17,22.53333333333333
390,18,18.7
390,20,21.299999999999997
390,21,17.9
391,15,21.200000000000003
391,16,20.35
391,17,24.2
391,18,20.1
391,21,15.7
392,16,15.79
392,17,12.829999999999998
393,11,3.1
393,12,12.0
393,13,3.6
393,14,3.5
393,15,12.55
393,16,1.0
393,17,51.3
393,18,8.9
393,20,53.2
393,21,34.8
394,7,16.63
394,8,14.0625
394,9,5.84
394,10,15.25
394,11,7.3
394,12,9.385
394,14,7.1850000000000005
394,15,17.8875
394,16,6.5840000000000005
394,17,10.663333333333334
394,18,13.475999999999999
394,19,17.485
394,20,19.032
394,21,6.9
394,22,19.455
395,8,21.19
395,9,15.200000000000001
395,10,13.642000000000001
395,11,16.205000000000002
395,12,17.44142857142857
395,13,16.2
395,14,22.97666666666667
395,15,17.96
395,17,27.25
395,18,22.064999999999998
395,19,18.1125
395,20,9.175
395,21,7.88
396,8,10.6
396,9,3.57
396,12,10.41
396,16,15.835
396,17,14.126
396,18,14.258571428571429
396,19,10.17
396,20,13.14
396,21,15.31
397,8,8.005
397,10,7.553999999999999
397,11,14.295
397,12,5.4
397,13,9.78
397,14,11.513333333333334
397,15,12.729999999999999
397,16,14.040000000000001
397,17,9.050869565217392
397,18,13.944444444444445
397,19,10.835833333333333
397,20,9.27
397,21,8.522
398,9,18.68
398,10,8.5
398,11,9.53
398,12,12.645
398,13,10.94
398,16,21.555
398,18,6.66
398,21,18.82
399,10,21.845
399,12,21.656666666666666
399,13,18.26
399,14,25.7
399,15,19.4
399,16,20.26
399,17,14.04
399,18,27.46
399,19,22.55333333333333
400,8,16.1
400,9,12.96
400,10,15.004999999999999
400,11,13.666666666666666
400,12,4.64
400,14,9.396666666666667
400,15,17.205
400,16,13.317222222222222
400,17,11.86025641025641
400,18,9.835116279069767
400,19,7.736
400,20,16.0925
400,21,15.405000000000001
401,6,16.8
401,9,12.92
401,10,14.469999999999999
401,11,14.930000000000001
401,12,10.96
401,13,14.833333333333334
401,14,13.258
401,15,11.43
401,16,10.506
401,17,7.324999999999999
401,18,13.656666666666666
401,19,13.98
402,8,16.085
402,9,18.967142857142854
402,10,16.913999999999998
402,11,18.3
402,12,17.63
402,13,16.99888888888889
402,14,17.86263157894737
402,15,16.798571428571428
402,16,14.32846153846154
402,17,8.925
402,21,40.3
402,22,22.88
403,10,5.96
403,13,3.76
403,14,8.72
404,11,4.42
404,16,2.46
405,8,22.56
405,9,13.06
405,10,23.5
405,11,16.28
405,12,19.91
405,14,22.74
405,15,23.3
405,16,15.030000000000001
405,17,12.893333333333333
405,19,14.5
406,9,5.85
406,11,4.29
406,12,4.005
406,15,1.34
407,12,13.31
408,16,6.4
408,18,12.1
409,8,34.23
409,11,14.49
409,13,25.060000000000002
409,15,12.9
409,16,31.01
409,17,15.683333333333332
409,19,22.64
409,23,9.74
410,14,14.9
411,13,21.89
411,14,31.55
411,17,30.86
411,18,14.61
411,19,16.57
411,20,23.71
411,21,9.81
411,22,30.53
412,8,22.47
412,10,17.12
412,11,22.46
412,16,14.52
412,17,13.853333333333333
412,18,9.64
412,20,9.74
413,16,9.79
414,4,3.03
414,8,0.46
414,9,13.35
414,10,9.348333333333334
414,11,17.175
414,13,10.407499999999999
414,14,6.4399999999999995
414,15,11.46
414,16,7.67
414,17,3.06
415,8,13.61
415,10,16.13
415,11,9.68
415,13,7.635
415,14,4.42
415,15,13.303333333333333
415,16,13.251428571428571
415,17,12.5275
415,18,8.008125
415,19,11.18
415,20,10.872
416,14,5.34
416,16,15.31
416,17,15.97
416,19,17.12
417,3,7.98
417,9,16.56
417,10,9.5
417,11,9.24
417,12,16.16
417,17,10.969999999999999
417,18,10.91
418,15,12.15
418,16,16.03
418,18,31.0
418,19,34.46
418,23,26.835
419,11,12.81
419,14,3.99
419,16,1.26
420,18,18.22
421,10,16.37
421,16,20.44
421,17,10.283333333333333
421,18,21.47
421,19,4.79
422,7,13.92
422,8,16.11
422,9,15.41
422,10,4.4
422,11,11.8
422,12,15.743333333333334
422,13,14.4875
422,14,19.813333333333333
422,15,14.0975
422,16,13.065
422,17,10.43
422,19,15.0
422,20,16.45
423,8,4.0
423,10,10.9475
423,11,12.92
423,12,12.82
423,13,10.745999999999999
423,14,5.5120000000000005
423,15,1.8299999999999998
423,16,9.84
423,17,5.88
423,18,13.693333333333333
423,20,22.89
423,21,15.415
423,22,15.895
423,23,14.26
424,8,3.76
424,11,10.99
424,12,15.03
424,13,4.604
424,14,5.54
424,16,7.816666666666666
424,19,19.355
425,8,16.24
425,9,22.494
425,10,28.27
425,11,24.975
425,12,17.685000000000002
425,13,30.02666666666667
425,14,16.281111111111112
425,15,19.71142857142857
425,17,7.715
425,18,18.740000000000002
425,21,5.03
425,23,12.65
426,7,22.666666666666668
426,8,22.385714285714283
426,9,7.2
426,10,10.5
426,13,10.0
426,14,10.950000000000001
426,16,1.95
427,7,17.900000000000002
427,8,20.157142857142855
427,10,3.0
427,12,12.7
427,13,12.8
427,14,3.5
427,15,2.0
427,16,3.4
427,18,9.55
428,8,7.34
428,15,22.27
428,16,13.31
428,18,12.12
428,19,11.16
428,22,39.83
429,7,23.599999999999998
429,8,18.683333333333334
429,10,4.0
429,11,7.3
429,12,27.3
429,13,12.9
429,14,0.9
429,15,2.1
430,0,20.356666666666666
430,1,18.877499999999998
430,2,59.58
430,3,19.413999999999998
430,4,19.6175
430,5,17.624285714285715
430,6,17.86
430,7,19.286666666666665
430,8,19.55
430,9,15.5075
430,10,16.8775
430,11,15.528333333333334
430,12,21.14777777777778
430,13,15.271
430,14,17.34857142857143
430,15,28.665
430,16,22.585454545454546
430,17,26.64894736842105
430,18,29.26421052631579
430,19,31.166470588235295
430,20,33.46035714285714
430,21,37.61380952380952
430,22,23.75692307692308
430,23,36.18875
431,0,26.64
431,1,30.293333333333333
431,3,19.89
431,4,17.97
431,5,20.614285714285717
431,6,22.907777777777778
431,7,23.41774193548387
431,8,23.780833333333334
431,9,15.96
431,10,20.104375
431,11,16.393
431,12,10.554545454545455
431,13,18.01909090909091
431,14,17.836000000000002
431,15,13.977500000000001
431,16,18.65277777777778
431,17,24.103
431,18,25.4228125
431,19,24.539761904761907
431,20,31.3885
431,21,30.785384615384615
431,22,25.400624999999998
431,23,33.19266666666667
432,0,39.00333333333333
432,2,14.51
432,3,12.25
432,4,13.165
432,6,27.875
432,7,54.74
432,10,7.89
432,11,29.955
432,12,22.47
432,13,5.27
432,14,5.48
432,16,39.946666666666665
432,17,23.578333333333333
432,18,20.584
432,19,25.325714285714287
432,20,41.042857142857144
432,21,31.0825
432,22,38.3775
432,23,41.718
433,0,33.012
433,1,23.5
433,2,13.495
433,3,27.205000000000002
433,4,20.479999999999997
433,5,17.416666666666668
433,6,19.67125
433,7,22.87
433,8,20.143846153846155
433,9,11.105555555555556
433,10,16.628999999999998
433,11,15.902857142857142
433,12,13.3425
433,13,20.442857142857143
433,14,17.652
433,15,21.347
433,16,33.988
433,17,26.173809523809524
433,18,28.3803125
433,19,28.585151515151512
433,20,32.69871794871795
433,21,38.525238095238095
433,22,32.59583333333334
433,23,34.46083333333333
434,3,10.38
434,4,6.19
434,7,14.489999999999998
434,9,13.495
434,12,3.4
434,13,22.24
434,15,12.06
434,16,16.71
434,17,20.44
434,18,15.627272727272727
434,19,12.8975
434,20,13.18375
434,21,16.83
435,7,23.4546875
435,8,21.56
435,9,0.19
435,10,24.45
435,12,19.64
435,13,13.674000000000001
435,15,19.42
435,16,23.36
436,5,8.315
436,7,14.6
436,8,15.126666666666665
436,9,7.506666666666667
436,11,14.89
436,12,8.85
436,13,16.1
436,14,9.38
436,16,8.89
437,4,9.215
437,5,11.388
437,7,16.81
437,8,20.78
437,9,14.983333333333334
437,10,10.055
437,11,9.68
437,12,2.76
437,13,3.59
437,14,6.416666666666667
437,15,15.443999999999999
437,16,4.99
438,13,17.64
438,18,17.575000000000003
438,19,19.186666666666664
438,20,3.28
439,8,23.845
439,13,8.35
439,18,48.76
439,21,16.95
440,17,40.22
440,18,13.01
441,10,7.37
441,11,10.74
441,12,10.6
441,13,14.684999999999999
441,14,10.9
441,15,7.67
441,16,6.81
441,18,11.21
441,21,4.27
441,22,5.97
441,23,8.78
442,12,21.56
442,16,11.82
443,8,13.61
443,10,13.41
443,12,16.450000000000003
443,19,11.045
444,7,21.84
444,10,24.55
444,14,14.42
444,15,18.02
444,18,21.67
445,6,27.516666666666666
445,7,26.57
445,8,5.5
445,9,14.645
445,10,13.7925
445,12,28.09
445,14,17.653333333333332
445,15,38.47666666666667
445,18,5.35
445,19,20.155
445,20,21.69
445,21,36.89
445,22,11.87
446,7,26.655
446,11,6.5
446,14,20.36
446,15,21.07
446,18,25.97
446,19,9.55
447,7,12.525
447,8,18.746666666666666
447,9,6.09
447,10,2.66
447,11,19.84
447,12,13.355
447,13,18.78
447,15,26.55
447,16,17.95
447,17,10.995
447,18,5.62
447,19,5.73
447,20,14.13
448,7,5.629999999999999
448,9,0.33
448,16,16.685
448,18,15.100000000000001
448,19,9.74
449,9,29.8
449,10,27.49
449,11,25.395
449,13,44.803333333333335
449,17,37.93333333333333
449,18,39.910833333333336
449,19,31.488333333333333
449,20,36.536
449,21,28.610000000000003
450,8,25.6
450,10,26.18
450,12,26.14
450,13,25.76
450,14,22.23
450,15,29.92
450,17,22.18
450,18,24.56
450,21,12.48
450,22,21.8
451,8,31.15
451,9,26.1
451,10,24.78
451,12,24.39
451,13,24.548571428571428
451,14,27.393333333333334
451,15,21.866666666666664
451,16,20.386666666666667
451,21,13.82
452,10,8.790000000000001
452,11,29.75
452,12,9.395
452,13,7.953333333333333
452,14,4.418
452,15,8.926666666666668
452,16,5.9
452,19,20.35
453,3,20.6
453,7,6.053333333333334
453,8,8.15
453,9,7.385
453,10,8.078
453,11,6.055
453,12,3.8449999999999998
453,13,8.395
453,14,7.286666666666666
453,15,6.623333333333333
453,16,6.4314285714285715
453,17,8.363333333333333
453,19,13.309999999999999
453,20,12.783333333333333
454,8,3.18
454,9,4.72
454,15,24.42
454,17,11.98
455,6,11.72
455,8,14.63
455,12,8.165
455,14,11.12
455,15,23.745
455,16,23.060000000000002
455,17,10.13
456,8,10.06
456,11,11.465
456,12,10.638571428571428
456,13,13.18
456,14,1.01
456,15,19.36
456,16,7.37
456,17,7.0687500000000005
456,18,20.7975
456,19,49.1
456,20,8.69
457,13,13.21
457,14,8.58
457,16,20.14
457,18,14.770000000000001
457,19,11.65
458,13,19.12
458,16,4.95
460,15,5.6
460,19,27.52
461,9,26.68
461,10,22.96
461,11,21.369999999999997
461,12,7.73
461,13,7.846666666666667
461,14,5.93
461,15,19.09
461,16,23.74
461,18,20.83
461,19,26.49
462,9,0.8
462,13,0.9
462,22,48.4
463,23,49.4
464,1,9.29
464,7,20.365000000000002
464,8,14.54
464,9,17.259999999999998
464,10,3.66
464,11,8.158333333333333
464,12,13.935
464,13,6.585000000000001
464,14,6.48
464,15,10.05
464,16,15.633333333333333
464,17,7.253333333333334
464,18,13.48
464,19,14.934285714285716
464,23,16.11
466,16,9.86
467,11,28.83
467,12,8.83
467,13,17.59
467,16,23.95
467,17,14.63
467,18,10.74
467,19,24.51
468,0,9.2
468,6,7.9
468,7,9.2
468,8,17.866666666666667
468,9,10.4
468,10,1.35
468,11,7.85
468,12,6.028571428571429
468,13,9.175
468,14,10.84
468,15,10.049999999999999
468,16,8.422222222222222
468,17,6.949999999999999
468,18,9.52
468,19,8.370000000000001
468,20,7.1800000000000015
468,21,11.0
468,22,8.066666666666666
468,23,8.6
469,10,11.84
469,11,7.47
469,12,12.350000000000001
469,13,2.33
469,14,12.12
469,15,8.346666666666666
469,16,13.116666666666667
469,17,0.6
469,18,5.835
469,19,15.64
469,20,1.3
469,21,20.25
469,23,9.7
472,8,46.05
472,10,10.24
472,20,19.64
473,9,20.52
473,10,14.78
473,11,33.7575
473,12,19.634999999999998
473,13,12.74
473,14,26.38888888888889
473,15,11.799999999999999
473,16,20.848000000000003
473,17,25.66
473,18,28.745
473,19,23.082727272727272
473,20,27.576666666666668
473,21,26.94888888888889
473,22,23.743333333333336
473,23,32.982
474,9,5.19
474,10,16.5
474,11,9.34
474,12,24.005
474,13,21.07
474,14,26.34
474,17,22.58
474,18,9.35
474,19,13.26
474,20,13.81
474,21,14.9
475,5,26.76
475,8,27.82
475,9,13.33
475,10,15.74
475,11,3.47
475,13,15.83
475,14,0.72
475,15,2.03
475,18,24.495
475,20,30.005000000000003
475,21,37.72
475,23,40.23666666666667
477,9,11.83
477,10,11.14
477,11,5.734999999999999
477,14,20.88
477,15,1.8
477,17,0.71
477,18,12.88
477,19,2.87
477,20,8.64
477,21,45.65
477,23,28.64
479,9,9.41
479,10,8.96
479,12,4.23
479,14,0.15
479,15,6.1
479,16,5.015
479,17,16.063333333333333
479,21,22.42
481,0,47.63
481,5,25.35
481,7,13.98
481,8,18.2975
481,10,15.11
481,11,22.3
481,12,10.5
481,14,22.31
481,15,22.31
481,16,19.916666666666668
481,18,25.148
481,19,29.055
481,20,12.285
481,21,10.833333333333334
481,22,29.6025
481,23,22.0
482,0,34.6
482,1,4.4
482,8,12.05
482,10,1.0
482,11,5.7
482,13,8.95
482,15,5.7
482,16,10.075
482,17,6.3
482,18,15.86
482,19,17.116666666666667
482,20,16.509090909090908
482,21,17.433333333333334
482,22,31.8
482,23,30.2
483,0,19.175
483,1,20.433333333333334
483,7,12.1
483,8,13.125
483,9,6.3
483,10,6.2
483,11,3.6
483,12,6.185714285714285
483,13,5.536363636363636
483,14,9.775
483,15,13.776923076923076
483,16,11.700000000000001
483,17,11.2
483,18,17.7375
483,19,16.7
483,20,22.25714285714286
483,21,20.39333333333333
483,22,24.311111111111114
483,23,29.35
489,6,7.779999999999999
489,7,0.75
489,8,7.425000000000001
489,9,0.03
489,12,5.539999999999999
489,14,3.72
489,16,2.235
489,17,8.9275
489,18,4.48
489,19,15.966666666666667
489,20,52.21
489,21,1.97
489,22,21.744999999999997
489,23,1.23
491,0,16.7
491,6,53.5
491,7,10.6
491,8,15.75
491,9,3.5
491,10,0.75
491,12,13.633333333333333
491,13,7.533333333333334
491,14,21.266666666666666
491,15,17.85
491,16,13.525
491,17,21.7625
491,18,18.071428571428573
491,19,17.716666666666665
491,20,28.727272727272727
491,21,23.02
491,22,32.67142857142857
491,23,27.52
492,3,14.8
492,5,13.005897435897436
492,6,7.09
492,7,9.403333333333334
492,8,20.04081081081081
492,9,15.392142857142858
492,10,13.126666666666665
492,11,15.03
492,12,11.7025
492,13,15.136666666666665
492,14,15.518
492,15,7.433333333333334
492,16,16.735
492,17,15.44
492,19,0.15
492,22,2.08
495,10,12.85
495,11,5.09
495,12,12.585
495,14,20.549999999999997
495,15,39.45
495,16,24.95
495,17,11.753333333333332
495,18,11.84
495,21,20.61
497,16,26.84
500,18,2.0549999999999997
501,12,11.05
501,14,0.05
501,17,8.0
502,12,11.02
502,15,12.46
502,22,19.81
503,3,15.55
503,6,29.09
503,7,13.420000000000002
503,8,0.96
503,11,15.76
503,12,4.86
503,14,21.61
503,15,10.74
503,16,15.67
503,19,22.11
504,10,41.59
504,12,10.98
504,14,14.6
504,15,21.52
504,16,20.11
504,17,31.884999999999998
504,18,20.78
505,20,8.266666666666667
505,21,11.22
506,9,8.06
506,10,28.41
506,11,55.345
506,13,24.12
506,14,21.235
506,15,13.84
506,16,46.260000000000005
506,17,23.36
506,21,14.44
507,12,32.36
507,14,28.97
507,16,21.055
507,20,32.4
508,7,13.803333333333333
508,10,7.6
508,11,32.36
508,12,25.206666666666663
508,13,17.8025
508,15,17.7575
508,17,21.319999999999997
508,18,15.226666666666667
508,19,15.49
508,23,21.78
509,10,18.065
509,11,15.42
509,15,23.99
509,17,5.81
509,18,30.55
509,21,14.81
510,13,24.63
510,16,10.44
510,17,8.73
510,18,8.97
510,19,9.88
511,9,23.67
511,10,29.2
511,11,20.01
511,13,1.58
511,15,4.21
511,16,2.07
511,17,14.825
511,18,32.099999999999994
512,1,62.2
512,8,18.3625
512,9,17.26311475409836
512,10,18.23076923076923
512,11,16.814285714285713
512,12,8.799999999999999
512,13,13.799999999999999
512,14,10.1
512,15,15.95
512,16,0.2
512,17,8.466666666666667
512,18,11.66
512,19,55.56666666666666
512,20,6.6
512,21,35.875
512,22,28.599999999999998
512,23,68.7
513,0,9.2
513,1,12.4
513,7,11.9
513,8,22.22222222222222
513,9,14.016216216216216
513,10,15.236363636363636
513,11,6.766666666666667
513,12,8.25
513,13,8.305
513,14,13.70625
513,15,10.776923076923076
513,16,13.77
513,17,10.22258064516129
513,18,10.048571428571428
513,19,17.0
513,20,10.646153846153847
513,21,8.7
513,22,7.985714285714286
513,23,53.779999999999994
514,10,1.05
514,14,6.28
514,15,18.85
514,16,10.333333333333334
514,17,2.59
514,19,4.49
514,21,10.0
514,23,7.02
515,10,10.25
515,11,9.3
515,12,5.3
515,13,4.766666666666667
515,14,2.2
515,16,14.1
515,17,16.9
515,21,32.3
516,15,11.55
516,17,3.69
516,21,38.82
517,15,8.58
517,16,14.15
517,17,9.13
517,18,10.8
517,20,24.07
518,9,18.1
518,12,9.3
518,13,6.2
518,14,10.0
518,16,0.8
521,12,3.47
521,19,25.04
521,20,25.07
522,6,7.76
522,7,13.465
522,8,22.218333333333334
522,9,15.37
522,10,16.92833333333333
522,11,19.03
522,12,13.201999999999998
522,14,19.005
522,15,21.01
522,16,23.669999999999998
522,17,16.66
522,18,17.805714285714284
522,19,22.69666666666667
522,20,10.44
522,21,26.67
522,22,27.115000000000002
523,17,14.26
523,18,34.339999999999996
523,19,35.76
523,20,22.97
524,0,28.35
524,11,17.51
524,12,28.2
524,13,20.69
524,19,22.123333333333335
524,20,18.228
524,21,22.165
524,22,18.21
524,23,23.915
525,6,5.6
525,8,11.92
525,10,47.08
525,12,0.21
525,13,16.395
525,14,36.325
526,11,3.54
526,13,2.16
526,16,4.88
526,19,12.2
528,9,29.93
528,13,20.37
528,17,42.9
528,18,27.23
529,13,8.2
530,7,31.11
530,8,21.444
530,9,16.068
530,10,18.265
530,11,13.37
530,12,24.80666666666667
530,13,24.945
530,14,15.15
530,15,14.915
530,16,17.948
530,17,28.48
530,18,19.59
530,19,22.878888888888888
530,20,19.9675
530,21,21.603333333333335
530,22,16.82
531,0,5.09
531,13,16.255000000000003
531,14,10.24
531,15,51.215
531,16,19.494999999999997
531,17,0.13
531,22,17.13
532,9,2.14
532,12,12.99
532,14,15.68
532,15,0.8480000000000001
532,17,1.656666666666667
532,20,27.485
532,21,6.98
532,22,13.17
533,10,12.195
533,11,17.3
533,12,24.86
533,13,19.085
533,15,19.907999999999998
533,16,18.476
533,17,24.310000000000002
533,18,15.72
533,19,19.226666666666667
533,20,21.970000000000002
533,21,34.23625
533,22,17.954
533,23,35.35
534,12,16.54
534,14,21.16
534,17,10.0
534,20,2.86
536,10,17.17
536,13,38.04
536,15,19.46
536,16,34.31
536,18,56.35
536,19,24.72
536,20,16.880000000000003
537,9,3.2
537,10,8.24
537,17,3.72
537,18,13.28
538,7,21.48
538,8,6.05
538,11,14.725
538,12,18.0
538,13,13.11
538,17,15.443333333333333
538,19,5.73
539,9,13.62
539,11,33.36
539,12,30.7
539,15,11.215
539,16,44.69
539,17,36.71
539,19,22.0175
539,20,32.644999999999996
539,21,23.325
539,22,44.195
539,23,34.34
540,11,18.04
540,14,14.815000000000001
540,15,27.91
540,18,4.09
541,6,32.01
541,8,22.927777777777777
541,9,26.6475
541,10,18.43
541,11,26.816666666666666
541,12,13.2175
541,13,17.162
541,14,26.113333333333333
541,15,20.423333333333336
541,16,17.935
541,17,14.792857142857143
541,18,19.494
541,20,24.983333333333334
541,21,26.74666666666667
541,22,19.065
542,12,5.645
542,13,5.0200000000000005
542,16,6.41
542,18,12.45
542,20,47.89
542,21,17.34
543,9,1.56
543,12,15.82
543,14,14.97
543,15,7.98
543,16,19.805
543,17,25.465
543,19,39.17
544,6,15.26
544,8,60.095
544,9,56.3
544,15,2.35
544,16,15.695
544,17,8.68
544,18,15.75
544,19,12.843333333333334
544,20,27.545
544,21,17.72
545,1,4.65
545,10,0.02
545,15,0.65
545,16,47.95
545,18,1.6500000000000001
546,11,14.17
546,12,27.07
546,14,15.21
546,15,48.89
546,16,15.68
546,19,11.09
546,23,35.69
548,4,10.933333333333332
548,5,11.3
548,6,11.15
548,7,9.05
548,8,8.715384615384615
548,9,5.733333333333333
548,10,9.5
548,12,2.7
548,13,4.6
548,14,5.2
548,16,10.8
548,17,22.3
548,18,39.4
548,20,0.1
548,21,32.0
549,10,6.466666666666666
549,11,13.469999999999999
549,12,6.99
549,13,15.04
549,14,19.82
549,15,7.765000000000001
549,16,23.105
549,21,21.29
549,22,20.51
550,10,15.762
550,11,18.823333333333334
550,12,18.64
550,13,20.91
550,14,21.63
550,15,22.377499999999998
550,16,19.08
550,17,3.39
550,19,20.654000000000003
550,20,13.615
550,22,13.76
551,2,21.6
551,4,10.0
551,5,9.6375
551,6,8.35
551,7,9.414285714285715
551,8,8.113333333333333
551,9,7.75
551,10,4.85
551,11,6.35
551,12,4.4
551,13,4.8
551,14,4.875
551,15,9.766666666666667
551,16,11.899999999999999
551,17,19.8
551,19,22.6
551,22,25.8
552,4,11.125
552,5,11.2
552,6,11.45
552,7,10.425
552,8,9.05
552,9,8.05
552,10,8.983333333333333
552,11,10.95
552,12,7.1499999999999995
552,14,5.1
552,18,6.6
552,19,12.9
552,23,58.0
553,0,40.9
553,4,10.6
553,5,10.6
553,9,9.5
553,11,7.1
553,16,44.8
553,19,23.15
553,21,24.2
554,9,21.7
554,10,19.96
554,11,14.595
554,12,11.344999999999999
554,13,14.89
554,14,17.8275
554,15,17.516666666666666
554,16,19.71
554,18,4.91
554,19,12.705
554,20,7.71
555,4,11.3
555,5,6.733333333333333
555,6,7.866666666666667
555,7,10.5
555,8,8.171428571428573
555,10,10.633333333333333
555,11,8.3
555,12,10.2
555,13,7.050000000000001
555,14,7.525
555,16,4.6
555,17,9.8
555,18,32.666666666666664
555,19,57.15
555,21,61.1
555,22,25.0
556,4,10.375
556,5,8.879999999999999
556,6,10.8
556,8,8.033333333333333
556,10,5.75
556,11,10.2
556,12,3.0500000000000003
556,13,11.1
556,18,11.6
556,19,22.1
556,23,56.3
557,5,10.3
557,6,10.914285714285713
557,7,10.15
557,8,10.9
557,9,9.6
557,10,8.2
557,11,9.3
557,12,8.899999999999999
557,13,10.5
557,14,10.7
557,15,6.266666666666666
557,16,8.2
557,17,37.1
557,19,33.3
558,16,23.83
558,19,12.53
559,9,3.55
559,10,1.3900000000000001
559,11,13.18
559,12,8.85
559,13,17.5
559,14,16.68
559,16,23.11
559,17,12.433333333333332
559,18,9.515
559,19,13.37
559,20,15.686666666666667
559,21,21.59
560,13,7.02
560,18,33.14
561,0,10.9
561,8,27.95
561,9,14.876666666666665
561,10,22.495
561,12,10.286666666666667
561,14,9.7
561,15,1.7650000000000001
561,16,9.08
561,17,15.03
561,19,22.6
561,23,24.59
562,10,12.36
562,11,22.16
562,14,15.83
562,16,11.05
563,1,40.94
563,9,21.93
563,10,10.14
563,11,46.6
563,12,17.2
563,13,8.19
563,14,4.225
563,16,20.63
563,17,6.26
563,19,14.71
564,0,6.4
564,6,13.64
564,9,3.47
564,13,10.783333333333333
564,16,9.745000000000001
564,18,2.84
564,20,9.14
564,22,0.75
565,8,4.96
565,9,17.811666666666667
565,10,10.483
565,11,12.96
565,12,19.226666666666667
565,13,14.566000000000003
565,14,17.308333333333334
565,15,10.090000000000002
565,16,15.37857142857143
565,17,13.31
565,18,8.325
565,19,16.184
565,20,17.255454545454544
565,21,15.592857142857143
565,22,7.525
565,23,19.205
566,11,12.34
566,14,23.125
567,1,20.795
567,2,6.65
567,9,11.24
567,10,2.13
567,11,15.766666666666666
567,12,12.5
567,13,23.18
567,14,16.345
567,15,12.161428571428571
567,16,14.780000000000001
567,17,15.306666666666667
567,18,11.455
567,19,12.94
567,21,16.745
567,22,14.14
568,7,2.35
568,13,29.73
568,14,18.65
568,16,21.606666666666666
568,17,14.253333333333332
568,18,21.67
568,20,7.24
569,7,6.31
569,8,9.397272727272728
569,9,8.67
569,10,6.83
569,11,11.280000000000001
569,12,9.178571428571429
569,13,5.424285714285714
569,14,6.27375
569,15,4.038333333333333
569,16,4.0200000000000005
569,17,5.3
569,21,1.14
570,0,12.28
570,9,12.29
570,11,12.16
570,12,9.44
570,13,12.0
570,14,14.225
570,15,3.3425
570,16,8.7875
571,7,16.2925
571,8,18.888333333333332
571,9,14.09076923076923
571,10,13.860000000000003
571,11,16.55
571,12,13.530000000000001
571,13,16.45
571,14,15.318000000000001
571,15,13.41375
571,16,16.53076923076923
571,17,16.414444444444445
571,18,12.28375
571,19,14.4975
571,20,13.41
571,21,10.39
572,7,6.9
572,8,3.5
572,10,5.8
572,12,8.55
572,14,9.1
572,16,6.1000000000000005
572,17,8.3
573,0,28.884999999999998
573,1,26.88
573,3,28.03
573,6,6.43
573,7,8.588571428571429
573,8,37.726216216216216
573,9,15.174000000000001
573,10,9.61
573,11,6.841500000000001
573,12,8.730526315789474
573,13,6.4363636363636365
573,14,6.793055555555556
573,15,6.197567567567567
573,16,4.160571428571429
573,17,4.241379310344827
573,18,7.563283582089553
573,19,6.524565217391304
573,20,9.530857142857142
573,21,19.909545454545455
573,22,13.209285714285715
573,23,20.185714285714287
574,9,6.66
574,13,0.97
574,16,35.29
574,18,3.19
575,8,8.83
575,10,4.12
575,12,13.81
575,13,3.22
575,21,10.39
575,22,1.68
575,23,9.94
576,9,12.22
576,13,2.38
576,16,6.05
576,19,15.24
577,7,3.3
577,8,37.9
577,9,29.1
577,11,19.55
577,12,7.5200000000000005
577,13,8.26
577,14,3.05
577,16,2.2
577,17,3.45
577,18,5.35
578,7,20.76
578,8,7.3
578,9,4.74
578,10,8.64
578,11,6.7700000000000005
578,12,15.77
578,13,12.805
578,14,15.979999999999999
578,15,11.514999999999999
578,16,14.189583333333333
578,17,12.453896103896104
578,18,10.349047619047619
578,19,13.263333333333335
579,3,20.76
579,9,17.774
579,10,8.723125
579,11,9.033636363636363
579,12,11.993333333333334
579,13,8.0375
579,14,9.075416666666667
579,15,11.544642857142858
579,16,10.962758620689655
579,17,11.995000000000001
579,18,12.4575
579,20,0.57
580,8,6.46
580,9,11.045
580,10,8.531666666666666
580,11,5.74
580,12,8.421000000000001
580,13,9.133333333333333
580,14,5.118333333333333
580,15,13.261666666666665
580,16,12.751111111111111
580,17,11.29722891566265
580,18,9.38962962962963
580,19,4.89
581,5,8.67
581,8,4.705
581,9,12.029
581,10,4.951666666666667
581,12,7.23
581,13,9.745000000000001
581,14,5.205
581,15,14.5325
581,16,10.075263157894737
581,17,12.0015
581,18,10.868
581,19,12.645
582,9,28.29
582,10,22.310000000000002
582,11,29.036666666666665
582,13,27.26
582,14,9.74
582,15,38.00333333333334
582,16,22.44
586,9,0.7
586,10,4.6
586,13,2.45
587,9,38.85
587,10,33.739999999999995
587,12,7.37
587,13,11.26
588,15,42.3
588,16,18.71
589,7,5.97
589,8,5.674
589,9,1.81
589,11,3.1
589,12,6.53
589,13,2.71
589,14,18.11
589,15,7.58
589,16,7.03
589,19,3.64
590,10,13.38
590,12,33.14
590,14,39.58
590,15,12.69
590,16,28.4
590,17,38.15
590,18,20.685000000000002
590,19,16.014
590,21,19.99
592,4,10.15
592,5,4.97
592,6,18.84
592,7,4.51
592,8,13.42
592,9,6.94
592,11,23.063333333333333
592,12,16.69222222222222
592,13,10.3925
592,14,22.72
592,15,26.21
592,16,24.205000000000002
592,17,2.9333333333333336
592,18,13.491666666666667
592,19,21.765
592,20,23.333333333333332
592,21,15.413333333333334
595,13,40.38
595,14,40.24
595,16,15.495000000000001
596,7,24.28
596,8,30.81
596,9,10.545
596,10,30.41
596,11,20.485
596,12,11.72
596,13,17.723333333333333
596,16,27.84
596,17,25.36
596,18,30.97
596,19,23.67
596,20,28.69333333333333
596,21,27.86
598,10,20.935000000000002
598,11,25.755
598,12,24.22
598,13,19.55
598,15,19.17
598,16,14.21
598,17,28.735
598,18,5.95
598,23,18.81
599,14,7.46
599,16,10.79
599,17,11.170000000000002
599,20,10.78
601,11,35.275
601,13,11.4
602,11,14.55
602,12,11.55
602,14,8.71
602,15,18.29
602,16,9.17
602,18,21.1
602,19,7.17
602,20,12.88
604,10,23.81
604,11,25.85
604,12,18.54
604,13,30.63
604,14,18.88
604,15,23.835
604,23,16.37
606,13,14.71
606,14,26.56
606,15,38.45666666666666
606,17,24.12
606,18,9.27
606,19,50.43
607,8,19.036666666666665
607,9,12.0
607,10,17.182
607,11,10.585
607,12,18.34
607,13,11.546666666666667
607,14,15.569999999999999
607,15,10.930000000000001
607,16,20.258
607,17,25.35272727272727
607,18,13.435714285714287
607,19,16.91
607,20,14.274999999999999
608,14,27.88
608,15,40.2
608,16,18.2
608,18,9.21
609,8,11.99
609,10,22.91
609,11,0.28
609,13,2.6100000000000003
609,15,33.91
609,18,12.17
611,10,5.65
611,12,7.2
611,13,3.3
611,14,5.466666666666666
611,15,5.1
612,8,14.7
612,11,6.61
612,12,10.31
612,13,15.125
612,16,12.953333333333333
612,17,3.1550000000000002
612,18,5.395
612,19,8.36
612,21,12.3
613,8,8.88
613,11,13.275
613,12,9.692857142857141
613,13,10.668666666666667
613,14,11.96
613,15,21.345999999999997
613,16,75.74
613,17,25.46
613,19,53.084999999999994
613,20,36.18
614,9,17.58
614,14,18.215
618,7,36.3
618,8,4.6
618,11,7.35
618,13,29.5
618,16,14.1
618,17,6.5
619,7,18.09
619,9,24.47
619,11,21.546666666666667
619,13,16.669999999999998
619,14,0.255
619,15,16.677500000000002
619,16,18.005
619,17,16.56
619,18,14.223333333333334
619,19,25.92
619,22,20.7675
619,23,16.1
620,7,15.865000000000002
620,8,18.61
620,12,1.93
620,16,11.58
620,18,15.14
621,6,44.19
621,8,25.04
621,9,52.26
621,11,22.44
621,12,35.335
621,13,40.406666666666666
621,14,19.64
621,15,25.89
621,18,7.28
621,19,6.79
621,20,22.83
621,21,16.38
622,9,28.64
622,11,21.91
622,12,8.86
622,13,25.16
622,15,24.19
622,21,13.74
622,22,17.58
622,23,17.286666666666665
623,9,15.195
623,10,24.28
623,13,14.1275
623,14,1.48
623,15,21.735
623,17,10.06
623,18,14.57
623,19,11.125
624,0,22.36
624,5,12.95
624,10,12.83
624,15,11.22
624,16,26.16
624,17,10.196
624,18,30.12
624,19,16.11
624,20,23.46666666666667
624,21,12.455
624,23,23.84
625,11,10.84
625,12,7.195
625,15,18.946666666666665
625,16,7.32
625,18,18.35
625,19,38.57
625,22,11.77
627,10,22.15
627,11,12.870000000000001
627,12,13.713333333333333
627,14,19.38
627,15,7.18
627,16,5.008
627,17,15.190000000000001
627,18,20.98
627,19,23.16
627,20,13.84
629,11,4.4350000000000005
629,12,5.57
629,14,4.59
629,16,10.94
629,17,9.35
630,11,10.299999999999999
630,12,9.8
630,13,11.0
630,14,9.0
630,15,9.799999999999999
630,16,10.55
630,17,7.95
630,18,9.85
630,19,8.0
630,21,10.2
631,8,9.94
631,10,12.98
631,11,7.635
631,13,1.77
631,14,8.45
631,15,3.92
631,21,30.87
632,11,9.649999999999999
632,12,11.0
632,14,10.0
632,16,10.1
632,19,10.0
632,22,6.7
633,20,4.55
633,21,0.1
634,11,8.9675
634,12,10.1
634,13,10.83
634,14,10.075
634,17,10.61
634,18,9.48
635,13,11.2
635,17,35.300000000000004
635,18,49.666666666666664
635,19,49.45
635,20,44.0
635,21,41.5
636,11,3.05
637,11,6.2
638,10,7.28
638,12,6.64
638,14,2.9699999999999998
638,16,4.26
638,17,7.26
638,18,5.09
639,15,29.49
640,5,15.346666666666666
640,6,20.148571428571426
640,7,20.66857142857143
640,8,16.095
640,9,15.64
640,10,12.71
640,11,19.63
640,12,20.43
640,13,16.16
640,15,5.73
640,16,14.06
640,18,21.39
640,19,17.016666666666666
640,20,13.63
640,21,12.155000000000001
641,5,46.89
641,7,47.7
641,8,42.85
641,9,33.26
641,10,37.35
641,11,23.740000000000002
641,12,43.31
641,14,16.715
641,16,30.62
641,17,34.15
641,18,38.07
641,20,45.91
641,21,38.22
641,22,7.14
642,7,24.426666666666666
642,10,24.58666666666667
642,11,7.49
642,12,20.98
642,13,2.34
642,15,12.39
642,16,19.945
642,18,22.62
642,20,19.27333333333333
642,21,5.51
643,8,9.645
643,10,23.855
643,11,16.726666666666667
643,12,28.12
643,13,22.256666666666664
643,14,24.095555555555556
644,10,10.829999999999998
644,11,9.515
644,12,9.6
644,13,11.18
644,14,10.563333333333333
644,15,9.29
644,16,13.455
644,17,11.183333333333332
644,18,14.354
644,19,10.52
644,21,12.36
645,16,7.25
645,17,15.555
645,18,13.9
646,4,6.95
646,6,8.700000000000001
646,7,7.833333333333333
646,8,13.299999999999999
646,9,11.866666666666665
646,10,10.1
646,11,4.35
646,12,8.5
646,13,8.566666666666666
646,14,11.133333333333333
646,15,8.366666666666667
646,16,10.216666666666667
646,17,9.855555555555556
646,18,11.1
646,19,11.333333333333334
646,20,20.880000000000003
646,21,11.422222222222222
646,22,8.866666666666667
648,8,9.99
648,12,45.79
648,13,33.14
648,14,15.04
648,16,14.79
648,18,30.86
648,20,26.62
650,10,26.22
650,12,9.81
650,20,19.48
651,12,15.72
651,13,16.795
651,14,11.035
651,15,11.99
651,16,14.396666666666667
651,17,11.322727272727272
651,18,11.64375
651,19,18.57
651,20,14.735
652,17,29.61
653,12,0.9
653,13,7.7
654,17,29.95
654,20,21.87
656,15,23.5
656,19,29.6
657,9,26.865000000000002
657,10,24.22
657,12,22.78
657,13,18.38
657,16,10.29
657,17,6.82
658,12,28.49
658,14,17.48
658,15,11.24
658,18,6.42
659,8,10.8
659,10,9.766666666666667
659,14,8.5
659,17,0.1
660,8,45.34
660,9,43.18666666666667
660,11,36.45
660,12,53.26
660,13,36.9
660,16,25.189999999999998
660,17,31.21
660,21,36.58
661,20,24.62
662,7,14.71
662,8,28.355555555555558
662,9,37.96666666666667
662,10,23.37
662,11,15.805
662,12,7.878571428571428
662,13,13.65
662,14,18.633333333333333
662,15,10.957777777777778
662,16,11.50157894736842
662,17,12.794883720930232
662,18,18.19344827586207
662,19,22.933333333333334
662,20,20.625
663,8,32.1125
663,9,18.254285714285714
663,10,20.76
663,11,3.8850000000000002
663,12,0.12
663,13,10.625
663,14,9.576666666666666
663,15,11.098333333333334
663,16,11.653571428571428
663,17,11.5646875
663,18,14.06551724137931
663,19,16.318571428571428
663,20,17.235
664,7,36.0475
664,8,26.266428571428573
664,9,23.781666666666666
664,10,20.145
664,11,10.158
664,12,7.285
664,13,15.3675
664,14,13.896666666666667
664,15,9.403333333333334
664,16,12.139583333333334
664,17,13.774473684210525
664,18,15.46625
664,19,13.562000000000001
664,20,19.73
665,7,41.415
665,8,30.8915625
665,9,27.649
665,10,18.326666666666668
665,13,12.045
665,14,17.08666666666667
665,16,11.102
665,17,15.738260869565218
665,18,13.982000000000001
665,19,14.235714285714286
665,20,14.8325
666,7,34.89
666,8,15.431999999999999
666,9,15.353333333333333
666,10,19.166666666666668
666,11,7.136666666666667
666,12,12.724
666,13,11.68
666,14,9.716
666,15,17.238
666,16,13.092727272727274
666,17,15.294615384615385
666,18,18.24214285714286
666,19,15.0525
666,20,16.5
667,7,35.632000000000005
667,8,26.64090909090909
667,9,17.698333333333334
667,10,31.51666666666667
667,11,5.82
667,12,17.023333333333333
667,13,20.286666666666665
667,14,10.6
667,15,10.12
667,16,12.925454545454546
667,17,14.109791666666666
667,18,16.25938775510204
667,19,15.004285714285714
667,20,18.212500000000002
668,8,28.3
668,9,38.57
668,11,31.07
668,14,26.925
668,15,34.95
668,16,33.39
668,17,31.16
668,18,40.5
669,7,30.69
669,8,2.82
669,10,34.67
669,11,3.78
669,13,27.57
669,14,16.78
669,17,15.58
669,19,15.61
669,22,17.045
670,11,13.54
670,13,8.42
670,14,17.38
670,15,5.446666666666666
670,16,8.605
670,18,15.915
670,21,11.603333333333333
670,23,10.75
671,13,23.6
671,15,27.37
671,16,24.39
671,18,15.844999999999999
671,20,11.530000000000001
671,21,25.27
672,5,5.72
672,6,38.65
672,7,29.066
672,8,33.735
672,9,13.15
672,10,46.335
672,11,56.46
672,12,20.31
672,13,27.4825
672,14,16.5
672,15,48.08
672,17,29.67833333333333
672,18,36.099999999999994
672,19,46.6
672,20,48.035
672,21,32.873333333333335
672,22,38.25666666666667
672,23,21.970000000000002
673,10,18.05
673,16,15.53
673,18,10.85
673,21,44.15
674,4,10.52
674,6,41.86
674,7,19.729999999999997
674,8,43.34
674,10,18.27
674,11,9.1875
674,12,3.7566666666666664
674,13,4.955
674,15,26.83
674,16,8.79
674,17,34.625
674,18,27.97
674,19,34.026666666666664
674,20,24.085
674,21,46.608000000000004
674,22,46.24666666666667
674,23,18.93
675,9,32.77
675,10,13.27
675,11,24.935
675,12,18.7
675,14,39.38
675,15,12.54
675,16,24.98
675,18,31.75
675,19,33.58
675,22,11.834999999999999
677,6,29.88
677,11,13.14
677,12,8.780000000000001
677,13,22.47
677,14,20.5375
677,15,19.32
677,17,11.576666666666666
677,18,23.91
677,20,21.103333333333335
677,21,27.79
677,22,28.945
678,6,20.73
678,9,10.113333333333335
678,11,10.15
678,12,13.485
678,13,10.26
678,14,17.695
678,15,13.594999999999999
678,16,11.623333333333335
678,19,19.15
679,15,13.28
679,17,21.67
679,18,16.3
679,20,16.0
679,21,17.98
680,12,29.88
680,13,27.74
680,15,9.129999999999999
680,19,14.459999999999999
680,21,25.42
680,22,24.38
681,13,11.88
681,17,11.535
682,8,7.49
682,9,18.673333333333336
682,10,13.299999999999999
682,11,0.79
682,12,21.11
682,13,12.559999999999999
682,14,16.228333333333335
682,15,22.854999999999997
682,16,27.78333333333333
682,17,13.035
682,18,6.27
683,6,14.54
683,8,12.882857142857144
683,10,24.39
683,12,9.67
683,13,18.87
683,14,24.650000000000002
683,15,22.03333333333333
683,16,22.448333333333334
683,17,19.583333333333332
683,20,46.07
683,21,4.11
684,12,18.4
684,15,16.675
684,16,24.59
684,17,15.15
684,20,48.41
685,7,15.76
685,10,12.98
685,11,4.29
685,14,24.83
685,15,43.42
685,16,12.55
685,17,9.1
685,18,40.96
685,20,24.33
685,21,37.355000000000004
686,9,8.496666666666668
686,10,2.44
686,11,3.538571428571429
686,12,14.896666666666667
686,13,6.901666666666666
686,14,13.635
686,15,13.55
686,17,28.33
686,18,11.605
686,19,21.134999999999998
686,20,20.544999999999998
686,22,5.52
687,9,23.86
687,10,21.78
687,11,13.42
687,12,9.43
687,14,18.42
687,17,22.51
687,18,20.63
687,20,17.73
687,21,1.85
688,14,14.26
688,15,16.119999999999997
688,17,23.78
688,18,23.78
688,19,22.46
688,20,20.05
688,21,23.97
689,14,30.155
689,15,32.51
689,16,65.51
689,17,29.6875
689,19,4.99
689,20,21.805
689,21,36.28
690,12,12.72
690,17,29.69
691,13,16.68
692,11,20.24
692,12,12.23
692,16,11.09
692,17,9.54
693,10,8.69
693,14,13.24
693,16,26.06
693,17,18.485
693,21,30.285
694,10,3.63
694,11,5.51
694,12,5.605
695,0,20.86
695,12,11.34
695,15,0.96
695,16,5.48
696,10,44.525000000000006
696,18,18.81
697,10,11.29
697,12,25.04
697,14,1.47
697,16,22.729999999999997
698,15,21.59
699,10,8.902
699,11,4.23
699,13,3.44
699,14,4.4
699,15,4.346666666666667
699,16,5.52
699,17,5.77
699,18,5.6000000000000005
699,19,6.976666666666667
699,22,5.29
699,23,11.56
700,10,13.88
700,12,6.67
700,13,7.636666666666667
700,14,13.83
700,15,11.39
700,16,39.46
700,20,8.73
700,21,21.45
701,8,4.52
701,9,5.455
701,10,11.46
701,11,6.063333333333333
701,12,5.66
701,13,3.0
701,14,5.6850000000000005
701,15,4.445
701,16,9.308000000000002
701,17,10.91
701,18,10.21
701,19,6.58
701,20,1.73
702,11,15.07
702,13,20.34
702,14,43.79
702,15,16.86
702,18,25.68
702,19,32.625
702,20,24.42
703,0,12.61
703,1,11.746666666666668
703,2,12.829999999999998
703,3,12.64
703,7,12.63
703,9,12.357272727272727
703,10,11.865555555555554
703,11,11.508333333333333
703,12,3.34
703,13,10.467142857142857
703,14,7.015000000000001
703,15,13.004999999999999
703,16,12.469999999999999
703,17,2.86
703,18,9.145000000000001
703,19,11.298636363636364
703,20,12.213750000000001
703,21,12.79
703,22,12.39
703,23,12.52
704,9,9.55
704,10,5.739999999999999
704,11,6.66
704,12,6.3725000000000005
704,13,4.581666666666666
704,15,4.45
704,18,10.24
704,19,6.37
705,15,7.05
705,18,23.7
705,20,15.266666666666666
706,8,36.42
706,10,3.2800000000000002
706,11,25.72
706,12,6.68
706,14,12.18
706,15,11.295000000000002
706,16,8.65
706,17,9.07
706,18,12.27
706,19,4.38
707,9,16.225
707,10,22.23
707,11,7.21
707,13,4.28
707,14,6.24
708,11,14.8675
708,16,20.27
708,19,8.67
710,10,0.03
710,12,9.21
710,14,6.34
710,15,5.48
710,16,5.95
711,10,12.19
711,14,5.9
711,17,5.85
711,19,21.11
711,22,34.45
711,23,11.415000000000001
712,10,4.141666666666667
712,11,3.73
712,13,7.88
712,14,3.0533333333333332
712,16,4.835
712,19,3.46
713,9,9.92
713,10,6.33
713,14,2.53
714,0,20.099999999999998
714,1,22.45
714,2,22.5
714,3,21.75
714,4,23.4
714,5,13.5125
714,6,12.242857142857144
714,7,12.466666666666667
714,8,16.366666666666667
714,9,7.779999999999999
714,13,13.95
714,14,4.9
714,15,16.35
714,16,9.266666666666667
714,17,17.4
714,18,16.975
714,19,14.35
714,20,14.600000000000001
714,21,19.95
715,8,4.68
715,9,4.15
715,10,5.02
715,11,6.79
715,12,6.752
715,13,6.42
715,17,5.44
715,19,1.82
716,13,0.33
716,14,22.525
716,16,9.195
716,18,10.57
716,20,25.56
716,21,0.99
717,10,8.6
717,11,5.0
717,14,15.4
717,16,6.3
717,17,21.5
717,20,46.300000000000004
718,8,44.71
718,11,5.36
718,12,5.46
718,13,5.533333333333334
718,16,11.969999999999999
718,18,8.44
718,19,22.86
718,20,4.24
719,1,7.3
719,3,6.6
719,8,8.35
719,9,11.16
719,10,6.025
719,11,5.6
719,12,4.777777777777778
719,13,8.116666666666667
719,14,6.51
719,15,7.8375
719,16,8.511111111111111
719,17,9.82
719,18,8.92
719,19,9.333333333333334
719,20,10.32
719,21,6.762499999999999
719,22,7.5
719,23,10.9
720,7,24.1
720,10,21.4
720,14,4.1
721,13,1.4
721,15,1.7
722,14,3.25
723,7,19.8
723,8,19.433333333333334
723,9,18.8
723,10,18.5
723,11,23.2
723,12,6.4
723,18,22.2
724,7,18.9
724,8,19.447058823529414
724,9,15.2
724,11,14.450000000000001
724,12,19.04
724,13,20.7
724,14,16.75
724,16,12.0
724,17,4.7
725,10,19.5
725,11,66.43
725,12,6.25
725,13,6.49
725,14,25.02
725,15,18.67
725,16,11.91
725,17,12.49
725,19,9.11
726,7,0.54
726,8,3.01
726,17,0.93
726,21,13.05
726,22,4.425
727,8,17.78
727,11,23.9
727,12,14.7
727,13,18.6
728,8,23.51
728,10,13.568333333333333
728,11,14.437000000000001
728,12,16.2225
728,13,16.645
728,14,9.002727272727272
728,15,13.434000000000001
728,16,9.02
728,17,0.02
728,18,4.993333333333333
728,19,30.293333333333333
728,21,22.65
729,8,19.81
729,16,22.79
730,9,5.22
730,12,6.76
730,13,13.21
730,15,1.59
730,16,6.21
731,8,35.045
731,9,38.835
731,10,42.58
731,12,44.71
731,14,29.240000000000002
731,16,18.51
731,17,21.215
731,18,21.02
731,19,40.965
731,20,32.14
731,22,19.04
732,1,13.68
732,3,10.86
732,7,22.415
732,8,28.34
732,9,44.76666666666667
732,10,38.97
732,11,33.416666666666664
732,12,28.778333333333332
732,13,37.92285714285715
732,14,27.28
732,15,25.877272727272725
732,16,28.545714285714286
732,17,22.91
732,18,13.51
732,19,28.468
732,20,26.375999999999998
732,21,15.536666666666667
732,22,19.378
732,23,13.42
733,5,7.9
733,6,4.85
733,8,5.65
733,9,6.5
733,10,3.4
733,11,7.5
733,12,8.899999999999999
733,13,7.300000000000001
733,14,14.45
733,15,3.4875000000000003
733,16,12.25
733,18,3.0333333333333337
733,19,30.3
733,20,7.2
733,21,41.2
734,12,5.2
734,14,19.3
734,15,7.28
734,17,3.84
735,12,24.270000000000003
735,13,22.795
735,14,6.170000000000001
735,15,17.947499999999998
735,16,20.3125
735,17,25.365
735,18,23.836875
735,19,15.267272727272728
735,20,34.595
735,22,57.34
736,20,6.19
737,11,5.37
737,12,22.63
737,14,11.71
737,17,19.767500000000002
737,18,10.95
737,19,13.21
738,0,10.18
738,8,15.516666666666666
738,9,12.265
738,10,14.127500000000001
738,11,10.450000000000001
738,12,14.365714285714287
738,13,13.06
738,14,10.246666666666668
738,15,18.03166666666667
738,16,35.513999999999996
738,17,13.29
738,18,22.320588235294117
738,19,24.95230769230769
738,20,12.293000000000001
738,21,12.166
738,22,10.215
738,23,36.86
739,10,5.28
739,14,10.51
739,15,4.78
740,6,55.41
740,14,4.96
740,15,2.558
740,16,0.88
740,17,48.815
740,18,10.243333333333332
740,19,12.287142857142856
740,20,16.85142857142857
740,21,11.285
741,8,12.75
741,9,12.06
741,10,10.49
741,11,19.9925
741,13,19.018333333333334
741,14,10.433333333333332
741,15,10.586666666666666
741,16,32.615
741,17,44.36
741,18,15.667777777777777
741,19,31.973333333333333
741,20,27.133076923076924
741,21,36.685
741,22,17.536666666666665
741,23,44.62
742,13,1.64
742,17,2.63
743,13,3.74
744,14,17.99
744,15,15.39
745,6,22.06
745,12,11.805
745,13,21.57
745,14,17.915
745,15,16.98
745,19,15.25
745,20,15.45
746,8,1.32
746,13,6.550000000000001
746,14,1.46
746,19,10.584999999999999
746,21,15.285
747,5,0.61
747,8,28.95
747,9,6.02
747,10,23.98
747,11,10.4
747,13,21.174999999999997
747,14,1.39
747,15,31.95
747,16,17.189999999999998
749,14,20.7
749,15,0.69
750,9,7.64
751,8,14.306666666666667
751,9,7.715
751,11,9.835
751,12,24.76
751,13,25.73
751,14,18.41
751,15,9.696666666666667
751,16,10.564
751,17,10.290000000000001
751,18,22.546666666666667
751,19,12.59
751,20,11.63
751,21,29.63
751,22,22.87
752,7,1.44
752,9,21.13
752,10,22.71
753,9,20.65
753,11,34.46
753,12,27.26
753,13,20.39
753,15,15.51
753,16,50.36
753,18,32.74
754,1,37.41
754,8,34.355000000000004
754,12,12.605
754,15,12.04
754,16,13.065000000000001
754,17,19.093333333333334
754,21,9.875
754,22,5.62
755,7,14.86
755,11,26.895
755,14,21.12
755,15,22.96
755,17,22.87
755,18,12.96
755,19,33.7
756,7,23.995
756,9,17.92
756,14,17.12
759,7,8.469999999999999
759,8,13.2
759,10,22.41
759,11,6.65
759,13,16.98
759,14,16.805
759,16,11.585
759,18,21.94
759,20,17.28
760,1,13.82
760,2,0.01
760,7,11.43
760,8,14.479999999999999
760,10,23.424999999999997
760,12,11.12
760,13,22.936666666666667
760,14,10.32
760,15,1.3
760,16,42.7
760,20,22.45
761,10,18.28
761,17,19.48
761,19,0.04
761,20,45.04
762,7,13.81
762,11,11.16
762,13,8.755
762,14,9.175
762,15,14.59
763,8,9.32
763,9,10.26375
763,10,6.470000000000001
763,11,20.645
763,12,10.92
763,13,16.11
763,14,9.99
763,15,6.475
764,2,14.05
764,11,9.809999999999999
764,18,12.89
764,19,13.01
764,20,7.44
764,21,12.98
765,5,52.07
765,8,3.64
765,9,10.1525
765,10,11.076666666666666
765,11,8.78
765,13,10.09
765,14,1.76
765,15,21.515
765,17,19.97
765,18,6.605
765,19,15.34
766,9,18.785
766,10,17.75
766,11,22.34
766,12,18.39
766,13,16.73
766,15,24.17
766,16,21.930000000000003
766,17,23.428
766,18,15.0
766,19,18.846666666666668
766,20,14.575000000000001
766,22,21.52
767,12,15.07
767,16,25.846666666666664
768,7,18.72
768,9,12.08
768,12,11.71
768,13,21.49
768,14,30.84
768,15,7.65
768,16,22.79
768,17,12.93
768,18,27.13
769,8,8.84
769,11,19.523333333333333
769,12,21.505
769,13,16.84
769,17,9.305
769,18,5.09
769,19,7.32
769,20,10.89
770,6,41.25909090909091
770,8,30.14
770,9,37.66
770,10,47.515
770,11,45.269999999999996
770,14,57.16
770,15,35.23
770,16,13.290000000000001
770,17,41.355000000000004
770,18,51.82
770,20,32.8
770,21,35.83
770,22,54.86
771,7,26.349999999999998
771,8,14.57
771,9,27.796666666666667
771,10,26.33
771,12,27.79
771,16,31.2
771,17,28.53
771,18,25.53333333333333
771,19,0.54
771,21,27.99
771,23,27.11
772,15,17.57
773,7,56.01
773,8,38.403333333333336
773,9,32.81666666666666
773,10,26.5175
773,11,25.91333333333333
773,12,15.77
773,13,24.235
773,14,16.195
773,15,18.04
773,16,34.205
773,17,42.38
773,20,29.04
773,21,13.26
774,6,19.79
774,13,20.493333333333336
774,14,29.455000000000002
774,15,13.065
774,16,18.166666666666668
774,18,18.28
774,19,30.16
774,21,9.33
775,10,19.78
775,12,0.13
775,13,28.69
775,14,23.653333333333336
775,15,22.905
775,16,0.14
775,17,11.005
776,10,12.45
776,12,41.13
776,14,25.657999999999998
776,15,5.08
776,17,15.6
777,10,17.38
777,12,18.58
777,14,1.52
777,15,4.46
777,16,12.31
777,18,11.985
777,19,19.06
777,20,9.84
778,10,50.89
778,12,28.26
778,13,51.18
778,14,35.725
778,15,20.174999999999997
778,16,30.445
778,17,13.55
778,18,27.5475
778,20,18.59
779,11,21.015
779,13,8.64
779,14,35.42
779,15,7.93
779,16,24.58
779,17,33.080000000000005
779,18,23.134
779,20,21.884999999999998
779,21,28.398333333333337
779,22,20.5475
780,10,49.75
780,11,42.21
780,12,11.48
780,14,31.84
780,18,50.64
780,20,18.11
781,10,24.13
781,11,31.63
781,12,31.28
781,18,34.94
781,19,25.95
782,13,0.12
782,16,5.5566666666666675
782,19,10.56
783,6,3.93
783,8,1.47
783,12,9.95
783,13,6.52
783,14,1.93
783,15,11.434999999999999
783,16,3.59
783,17,12.48
783,18,1.51
783,19,7.88
783,20,6.063846153846153
783,22,5.34
784,8,1.315
784,11,3.4
784,12,4.93
784,13,1.43
784,16,1.67
784,17,8.16
784,19,8.1
785,13,11.04
785,14,5.39
785,20,12.25
785,23,12.82
786,19,8.24
786,20,9.84
786,22,3.38
787,9,19.15
787,12,10.78
787,13,4.28
787,14,3.0766666666666667
787,15,4.485
788,14,12.22
789,5,21.04
789,6,18.0
789,7,4.56
789,8,5.4
789,10,9.12
789,14,8.24
789,16,3.4
789,18,3.42
789,19,8.92
791,8,9.89
791,9,10.73
791,10,9.03
791,12,2.82
791,14,7.64
791,15,41.51
791,16,4.92
791,17,30.881999999999998
791,18,20.534999999999997
791,19,5.04
791,20,6.916666666666667
791,21,26.76
791,22,8.55
792,7,4.86
792,8,3.62
792,9,18.3
792,11,14.099
792,12,14.43
792,13,11.977500000000001
792,14,14.473333333333334
792,15,10.729999999999999
792,16,17.36826086956522
792,17,14.753333333333332
792,18,15.916428571428572
792,19,10.596666666666668
792,20,8.414285714285715
792,22,8.015
793,15,2.97
796,14,10.5
797,13,9.57
798,15,11.4
799,10,0.18
799,12,12.344999999999999
799,15,1.545
799,16,6.396666666666667
799,17,2.83
799,18,2.04
799,19,10.82
799,22,11.035
801,10,11.0
801,11,25.0
801,14,17.2
802,14,0.08
803,11,5.3
803,13,2.53
804,13,2.0
805,14,3.25
805,16,8.235
806,10,7.2
806,21,10.7
807,14,7.59
808,15,5.55
809,16,11.03
809,21,28.55
810,12,15.77
810,13,49.34
810,15,1.2
811,5,8.03
811,7,4.12
811,8,51.585
811,9,4.25
811,12,3.03
811,14,1.7933333333333332
811,16,2.445
811,17,6.805
811,18,2.28
811,20,0.4
812,11,7.7
812,12,2.9
813,10,3.73
813,11,3.96
813,13,2.47
813,14,5.24
813,15,2.31
813,19,3.29
814,10,0.3
814,14,17.8
814,15,2.0
815,8,15.5
815,10,9.25
815,13,16.200000000000003
815,16,5.4
815,17,3.5
815,18,6.3
816,6,9.15
816,7,8.6
816,8,7.966666666666666
816,11,3.9
816,13,2.95
816,14,5.5
816,15,6.25
816,18,8.2
817,8,20.95
817,9,3.33
817,10,8.62
817,11,12.67
817,12,8.58
817,15,23.4
817,16,2.58
817,17,7.913333333333334
817,18,7.6899999999999995
817,20,32.879999999999995
817,21,19.62333333333333
817,22,10.96
818,15,2.8
819,7,48.5
819,8,32.2
819,9,4.7
819,12,4.6
819,13,6.449999999999999
819,14,4.2
819,16,9.0
819,17,5.2
819,18,13.0
820,20,9.899999999999999
820,21,10.9
820,22,10.4
821,7,5.7
821,12,12.8
821,15,1.6
821,17,10.7
821,23,12.7
822,13,0.19
823,9,12.43
823,11,8.379999999999999
823,12,10.39
823,15,4.46
824,12,1.56
824,14,8.84
824,17,5.81
824,20,12.77
825,13,12.1
825,14,3.7
826,5,20.4
826,6,12.726
826,8,20.4
826,9,9.33
826,10,23.5
826,14,16.096666666666668
826,17,8.07
826,18,15.96
827,5,16.726
827,6,17.39125
827,7,12.75
827,8,31.07
827,9,2.29
827,10,16.69
827,11,11.0
827,12,20.58
827,13,18.21
827,14,15.99
827,15,18.4675
827,16,19.926666666666666
827,17,13.66
827,18,21.09
827,20,12.1
829,9,21.55
829,13,13.14
829,15,15.302499999999998
829,17,20.46
829,18,19.41
830,9,2.04
830,11,0.82
830,12,1.99
830,13,6.42
830,14,0.13
830,15,25.71
830,19,4.91
830,22,12.28
831,11,1.99
831,15,1.32
831,20,4.61
832,8,11.12
832,9,15.043333333333331
832,10,14.27
832,11,13.06
832,12,4.45
832,13,3.89
832,14,14.57
832,15,10.82
832,16,13.03
832,19,1.98
832,20,13.84
833,9,12.74
833,11,22.63
833,13,14.905
833,14,4.82
833,15,14.290000000000001
833,18,15.1575
833,19,6.163333333333333
834,9,15.54
834,10,2.93
834,11,0.01
834,13,0.01
834,14,0.01
834,17,40.6
834,19,31.99
835,9,7.14
835,10,9.85
835,11,4.31
835,14,6.44
835,15,18.028333333333332
835,16,6.380000000000001
835,17,5.5
835,18,13.82
836,10,15.7625
836,12,6.74
836,14,20.22
836,18,13.11
837,7,19.39
837,18,11.84
838,8,11.92
838,9,8.295
838,10,12.91
838,11,0.65
838,13,1.47
838,14,4.68
839,8,8.74
839,9,10.3
839,11,8.59
839,12,4.52
839,13,17.95
839,14,17.1
839,15,9.73
839,16,9.37
839,18,16.4
839,20,6.37
840,6,7.41
840,7,7.67
840,9,9.96
840,10,4.015000000000001
840,12,4.406666666666666
840,13,6.16
840,14,8.045
840,16,0.53
840,17,5.0600000000000005
840,19,1.93
840,20,3.23
840,21,18.035
841,7,16.57
841,12,16.27
841,13,36.56
841,14,19.08
841,15,32.25
841,16,31.215
841,17,32.53
841,18,43.91
841,19,47.95
841,20,41.553333333333335
841,21,39.48666666666667
841,22,20.62
842,7,25.84
842,9,41.964999999999996
842,11,17.77
842,12,5.65
842,13,12.790000000000001
842,15,24.3
842,17,12.48
842,18,20.6825
842,19,13.62
843,12,13.55
843,13,11.35
843,14,32.92
843,15,4.12
843,17,9.27
843,20,7.34
843,21,7.905
843,22,4.38
844,4,2.94
844,6,9.98
844,7,2.73
844,9,3.3449999999999998
844,11,19.725
844,12,14.775
844,17,6.74
844,20,4.68
844,22,8.34
845,9,7.395
845,10,6.29
845,11,21.3675
845,12,12.489999999999998
845,13,8.803333333333333
845,14,11.12
845,15,14.651428571428571
845,16,17.857499999999998
845,17,10.623333333333333
845,18,6.885
845,19,11.82
845,20,11.635
846,9,14.56
846,15,19.69
846,16,19.57
846,17,20.03
846,20,11.92
846,21,19.835
847,9,16.19
847,13,18.1
847,14,15.43
847,17,2.3
847,19,8.26
848,16,6.45
849,20,7.13
851,7,0.04
851,11,4.38
851,12,1.84
851,13,8.36
851,16,1.24
851,17,10.37
851,19,4.069999999999999
852,16,35.19
853,7,50.09
853,8,19.61
853,10,0.025
853,11,6.415
853,13,16.075
853,14,24.94666666666667
853,15,10.26
853,16,27.59
853,17,5.43
853,18,25.41
853,20,0.02
853,21,9.47
854,5,27.68
854,6,49.07
854,7,23.12
854,8,0.035
854,9,6.84
854,10,0.05
854,11,28.565
854,12,18.678
854,13,14.1025
854,15,2.32
854,16,15.3225
854,17,14.625
854,18,1.54
854,20,0.135
855,7,34.35333333333333
855,9,11.576666666666666
855,11,6.36
855,12,20.502
855,13,20.762500000000003
855,14,31.349999999999998
855,15,12.67
855,16,20.57
855,18,24.69
855,19,20.945
855,21,19.064999999999998
856,8,26.44
856,14,28.08
858,7,24.68
858,9,14.48
858,10,0.14
861,7,4.69
861,12,14.05
861,14,13.52
861,15,15.36
861,16,0.58
861,17,20.68
862,13,0.97
862,20,29.18
862,21,16.19
863,9,39.7125
863,10,46.03
863,11,59.01
863,12,3.515
863,16,32.88
863,19,46.82
864,7,0.74
864,8,9.75
864,9,13.34
864,10,5.09
864,12,6.74
864,14,13.055
864,15,6.775
864,16,10.49
864,17,5.869999999999999
864,19,37.07
864,20,17.685000000000002
865,12,79.45
866,6,23.755000000000003
866,7,8.315
866,8,21.0925
866,9,18.79
866,10,25.608333333333334
866,11,12.535714285714286
866,12,9.599
866,13,16.765
866,14,11.096666666666666
866,15,26.99
866,16,31.39
866,17,17.13
866,18,19.34
866,20,30.53
866,22,28.08
868,11,11.47
868,14,1.105
868,20,10.75
868,22,23.72
869,10,24.12
869,11,18.9
869,19,15.77
869,21,25.14
870,8,19.91
870,12,20.176666666666666
870,13,15.445
870,14,21.36
870,15,17.195
870,17,20.78
870,18,8.49
870,22,21.65
871,7,15.943333333333333
871,8,9.61
871,12,14.423333333333332
871,13,5.085
871,14,17.28
871,15,12.276666666666666
871,16,14.31
871,17,8.68
871,18,8.135
871,19,13.883333333333333
871,20,14.09
871,21,7.63
872,13,26.69
872,15,48.75
873,6,10.24
873,7,72.59
873,9,16.23
873,10,22.02
873,12,7.36
873,13,4.15
873,14,13.12
873,16,15.952499999999999
873,17,39.8
873,18,13.4
873,19,6.77
873,20,14.46
873,21,22.61
874,13,32.75
874,20,3.14
875,16,7.43
876,10,18.44
876,15,7.57
876,17,16.814999999999998
876,18,11.585
876,20,32.37
877,10,7.73
877,11,15.82
877,12,13.2
877,14,10.99
877,16,12.59
877,18,7.14
878,9,17.28
879,13,17.28
879,15,14.465
880,9,7.285
880,10,5.635
880,13,12.0
880,15,8.79
880,17,5.95
880,19,19.98
880,20,25.270000000000003
880,21,4.04
881,11,27.33
882,2,7.64
882,8,13.83
882,9,4.805
882,10,12.835
882,12,22.7
882,13,2.7
882,14,5.56
882,15,14.801999999999998
882,16,14.254285714285714
882,17,20.296666666666667
882,18,9.73
882,19,6.359999999999999
882,21,19.09
882,22,26.47
882,23,14.77
886,8,11.425
886,9,14.583333333333334
886,10,16.456
886,11,16.5
886,13,5.93
886,14,14.419999999999998
886,16,10.739999999999998
886,17,26.825
886,18,12.043333333333335
886,19,18.34
886,21,18.973333333333333
886,22,15.605
886,23,16.31
887,7,5.89
887,8,8.68
887,10,7.69
887,11,16.663333333333334
887,14,8.576666666666666
887,15,5.1
888,9,19.09
888,14,8.9
888,15,9.71
888,18,66.48
889,8,7.22
890,6,28.77
890,8,11.67
890,11,34.92
891,10,15.64
891,11,16.933333333333334
891,12,9.4
891,15,14.61
891,16,17.29
891,17,22.555
891,21,29.98
892,8,24.615
892,9,9.06
892,10,48.07
892,12,21.67
892,16,26.45
892,18,18.2
892,19,11.810000000000002
893,8,4.68
893,10,5.895
893,11,33.4
894,13,2.27
894,15,31.8
894,20,5.62
894,21,4.6
894,22,26.380000000000003
895,10,3.35
895,13,5.14
895,15,2.46
895,19,4.5600000000000005
895,20,2.99
896,9,26.42
896,10,22.11
896,11,24.12
896,12,37.71
896,13,43.23
896,15,28.02
896,17,15.29
896,18,34.68
896,20,17.02
897,11,10.91
897,14,11.18
897,17,41.46
897,21,32.84
897,23,31.6
898,18,3.42
898,19,1.57
899,14,5.92
899,16,14.54
900,7,28.89
900,9,19.346666666666668
900,10,16.478
900,11,18.735
900,12,16.55857142857143
900,13,25.669999999999998
900,14,20.90375
900,15,18.007777777777775
900,16,13.3375
900,17,20.287142857142857
900,18,23.234285714285715
900,19,19.82
900,20,18.278333333333332
900,21,20.625999999999998
902,9,17.9
902,12,8.79
902,13,19.69
902,16,19.78
902,17,18.66
904,1,13.55
904,9,8.64
904,10,11.26
904,11,18.58
904,13,21.43
904,16,24.07
904,17,20.8525
904,19,23.7
904,23,23.04
905,14,19.3
905,16,25.69
906,5,15.04
906,7,21.27
906,8,23.065
906,9,23.47
906,10,23.2525
906,14,23.463333333333335
906,15,23.36
906,16,16.008333333333333
906,17,22.97
906,18,18.52
907,9,31.305
907,10,24.896666666666665
907,11,27.024
907,12,24.395
907,13,26.03
907,14,27.242
907,15,25.054444444444446
907,16,22.735
907,17,22.161666666666665
907,18,18.12
907,19,17.625
907,20,21.055
908,12,25.465
908,13,28.225
908,14,27.29
908,15,17.436666666666667
908,16,25.013333333333335
908,17,17.7175
908,19,7.846666666666667
908,21,10.68
909,7,10.26
909,10,9.27
909,11,8.11
909,12,7.89
909,13,7.585000000000001
909,16,11.02
910,21,11.74
911,8,17.1
911,10,1.3
911,12,10.700000000000001
911,15,1.0
911,17,2.8
912,10,11.21
912,13,30.055
912,14,27.46
912,15,23.45
912,17,30.1
912,19,5.226666666666667
913,8,25.43
913,9,17.35
913,10,18.6
913,11,19.745
913,12,19.628
913,13,17.43
913,14,17.853333333333335
913,15,20.045
913,16,21.33
913,17,10.406666666666666
913,18,14.14
913,19,26.48
913,20,19.105
913,22,9.14
914,10,31.33
914,11,43.05
914,12,18.625
914,13,35.17
914,14,27.89
914,15,12.05
914,16,32.71333333333333
914,17,42.03
914,18,26.91333333333333
914,19,13.185
914,20,58.08
914,21,39.88
915,7,14.373333333333333
915,8,29.505
915,9,32.39333333333334
915,10,19.48
915,11,19.619999999999997
915,12,18.645
915,13,38.98
915,14,34.20666666666667
915,15,28.34
915,16,34.694
915,17,26.795
915,18,30.36625
915,19,30.6575
915,20,35.589999999999996
915,21,21.474444444444444
916,16,31.84
916,20,38.04333333333333
916,21,35.705
917,14,0.34
917,15,24.0
918,10,44.735
918,11,25.88
918,12,26.29
918,13,42.26
918,16,17.165
918,17,20.32
918,18,12.27
918,19,0.21
918,22,30.21
919,7,22.75
919,9,10.67
919,11,22.495
919,12,28.66
919,14,22.849999999999998
919,15,20.01
919,19,6.635
920,7,21.916666666666668
920,8,14.635
920,9,12.090000000000002
920,10,29.453999999999997
920,11,14.14
920,13,29.426666666666666
920,14,39.052
920,15,33.96
920,16,36.004
920,17,14.71
920,18,30.97375
920,19,33.29666666666667
920,20,37.89
920,21,11.645
920,22,41.480000000000004
921,7,25.69
921,9,41.68
921,11,0.07
921,15,36.545
921,17,8.795
921,19,1.85
921,21,6.45
921,22,35.76
922,11,41.08
922,17,51.99
922,18,22.11
923,10,51.55
923,11,29.24
924,11,47.61
924,12,21.619999999999997
924,15,7.67
924,16,21.31
924,18,15.06
924,19,18.47
924,20,50.17
925,10,33.18
925,12,16.05
925,13,24.855
925,15,21.995
925,16,35.1
925,17,17.080000000000002
925,18,20.058
926,10,17.82
926,12,37.864999999999995
926,15,49.69
926,19,14.85
926,20,39.39
927,11,9.47
927,12,5.39
927,13,3.87
927,17,10.165
927,19,9.08
927,20,50.06
928,17,5.3
929,10,26.72
929,11,43.6
929,12,27.63
929,14,48.870000000000005
929,15,2.5
929,16,28.71333333333334
929,18,14.86
929,20,27.215
929,21,9.733333333333334
930,10,5.65
930,13,5.89
930,14,1.78
930,16,0.57
930,17,15.77
930,18,11.64
930,19,7.22
931,11,65.48
931,13,36.34
931,16,7.795
931,17,35.69
931,18,27.92
931,19,22.6
931,20,18.07
931,21,50.12
932,5,41.24
932,6,37.29
932,7,31.615000000000002
932,8,28.055
932,9,19.12
932,10,0.25
932,11,34.13
932,13,41.49
932,15,0.11
933,9,9.743333333333334
933,10,16.64
933,11,15.290000000000001
933,12,10.982000000000001
933,13,14.805
933,14,16.71
933,16,10.459999999999999
933,17,15.69
933,18,8.64
933,20,16.4
934,17,25.17
934,22,6.66
935,15,10.34
935,17,29.91
935,18,10.79
935,20,15.45
935,21,1.22
936,6,5.69
936,7,28.68
936,8,52.28888888888889
936,9,50.205
936,10,45.805
936,12,21.91333333333333
936,13,35.870000000000005
936,14,64.62
936,15,23.23
936,16,13.595
936,17,25.73
936,18,11.09
937,6,16.01
937,9,9.973333333333334
937,10,4.94
937,11,5.862
937,12,11.963333333333333
937,13,8.8025
937,15,11.520000000000001
937,16,6.11
937,17,4.59
937,18,11.97
937,20,5.09
937,21,13.7
938,7,23.47
938,8,28.099999999999998
938,9,25.677999999999997
938,10,22.268333333333334
938,12,40.6
938,13,26.04
938,14,16.44333333333333
938,18,23.08
938,19,23.223333333333333
938,20,24.153333333333336
938,21,22.495
938,22,22.82
938,23,24.67
939,6,46.74
939,9,9.65
940,9,28.134999999999998
940,10,30.68
940,11,23.235
940,13,25.64
940,16,30.49
941,9,5.0
941,11,13.8
941,12,2.4
941,13,0.4
941,16,24.8
941,18,0.6
942,11,15.05
942,16,28.28
944,1,8.14
944,10,10.39
945,9,13.825
945,10,19.99
945,12,20.529999999999998
945,13,16.215
945,17,10.12
945,18,9.87
945,19,8.42
945,20,27.006666666666664
945,21,51.34
945,23,50.985
946,8,20.38
946,10,18.99
946,14,2.63
946,15,21.455
946,16,15.145
946,18,23.195
946,19,22.71
946,20,23.19
946,21,24.42
947,11,16.48
947,15,4.24
947,16,0.07
948,9,4.5
948,10,0.4
948,12,3.7
948,13,14.2
948,14,3.4
948,17,5.85
948,18,11.0
948,19,7.5
948,20,9.7
948,21,11.45
949,12,16.41
949,14,13.77
949,15,6.22
949,16,17.16
949,19,19.1
949,21,9.95
950,13,12.74
950,14,4.79
950,15,1.4075000000000002
950,16,3.1900000000000004
950,18,21.008
950,19,29.386666666666667
950,20,47.25666666666666
951,9,4.12
951,11,20.58
951,12,6.21
951,13,10.59
951,14,2.0
951,15,3.1814285714285715
951,16,1.146
951,18,10.06
951,19,5.21
951,20,7.038333333333334
951,21,10.09
952,12,5.29
952,17,6.84
953,6,31.68
953,9,25.814999999999998
953,11,32.51
953,12,26.39
953,14,32.15
953,15,20.127499999999998
953,16,27.935
953,17,32.01
953,18,19.536666666666665
953,19,10.51
954,5,17.98
954,9,5.36
954,13,16.64
955,17,1.34
956,0,11.6
956,9,9.1
956,10,7.75
956,11,2.8
956,13,13.9
956,15,13.65
956,16,7.3
956,17,7.866666666666667
956,19,7.1
957,0,13.326666666666666
957,8,23.299999999999997
957,10,8.29
957,11,13.79
957,13,21.92
957,15,16.56
957,16,22.83
957,17,13.903333333333334
957,18,31.5
957,19,14.34
957,20,14.46
957,21,15.26125
957,22,18.903333333333332
957,23,19.11
958,10,5.1
958,11,1.6
958,12,5.5
958,13,5.15
958,14,3.8
959,8,18.97
959,13,14.72
959,14,16.88
959,17,23.95
959,18,24.08
960,10,20.599999999999998
960,11,22.97
960,12,22.2
960,13,26.695
960,14,25.81
960,15,19.762500000000003
960,17,28.5
960,19,27.92
960,21,27.86
961,9,0.39
961,10,0.09
961,11,10.01
961,12,8.01
961,16,11.11
962,0,58.24
962,9,10.309999999999999
962,10,12.557500000000001
962,11,11.270000000000001
962,12,14.295714285714286
962,13,17.53
962,14,11.566666666666668
962,15,14.895
962,16,19.32
962,17,13.313333333333333
962,18,14.55
962,22,45.92
963,6,5.385
963,8,23.99857142857143
963,9,23.623333333333335
963,11,19.126666666666665
963,12,40.63
963,13,16.98
963,15,8.83
963,16,0.04
963,17,20.353333333333335
963,18,15.53
964,10,31.25
964,14,24.85
966,12,15.31
966,19,1.15
967,5,20.15
967,7,22.19
967,8,12.01
967,9,16.97666666666667
967,10,16.618000000000002
967,11,13.736666666666666
967,12,16.615
967,13,19.128
967,14,15.472222222222221
967,15,19.15285714285714
967,16,16.01
967,17,15.462857142857144
967,18,16.174285714285713
967,19,11.35
967,20,13.765
967,21,8.67
968,7,33.935
968,8,18.17
968,10,18.076666666666668
968,12,21.669999999999998
968,14,30.96
968,15,24.200000000000003
968,16,18.0
968,17,16.855
969,7,37.01
969,8,14.79
969,11,23.79
969,12,16.604999999999997
969,13,30.44
969,16,40.2
969,18,38.19
970,6,17.03
970,7,31.03
970,8,20.66
970,9,20.314
970,10,30.02
970,11,22.545714285714286
970,12,23.83666666666667
970,13,24.227
970,14,22.69
970,15,17.02
970,16,23.536666666666665
970,17,18.505
970,18,19.152
970,19,3.72
970,20,11.54
970,21,8.59
971,6,17.24
971,8,11.655
971,9,13.13
971,10,10.723
971,11,11.535
971,12,6.46
971,13,8.313333333333334
971,14,10.612
971,15,6.598000000000001
971,16,8.9125
971,17,9.73
971,18,9.085
971,19,12.91
971,20,12.3
972,8,26.97333333333333
972,9,28.81
972,11,23.59
972,13,42.21
973,6,18.8
973,7,25.0
973,10,25.0
973,11,18.133333333333336
973,12,16.445
973,13,6.2
973,14,14.8
974,6,8.6
974,7,40.8
974,10,29.3
974,11,14.963333333333333
974,12,14.733333333333334
974,13,14.7
974,14,12.8
974,15,5.3999999999999995
975,12,2.9
975,15,2.8
975,16,2.1
976,8,10.3
976,9,3.5999999999999996
976,10,8.4
976,12,12.533333333333333
976,13,19.1
976,14,4.7
976,16,12.600000000000001
976,18,3.1
976,19,6.7
977,5,10.12
977,11,2.51
977,12,3.4404545454545454
977,13,4.86
977,18,12.639999999999999
977,19,12.46
978,14,22.11
979,6,23.1
979,9,21.895
979,11,31.96
979,12,3.9166666666666665
979,13,14.45
979,18,18.64
979,19,29.69
980,8,17.23
980,11,14.27
980,12,2.97
980,13,12.535
980,14,20.57
980,16,16.09
981,10,4.48
982,11,20.98
982,12,1.905
982,13,2.86
983,13,4.06
983,14,13.24
983,15,3.14
983,16,5.475
984,11,3.2
984,12,1.34
984,15,0.8
985,13,4.97
985,15,1.84
985,17,2.05
985,19,11.0
986,12,2.183333333333333
986,18,18.6
987,12,2.3
987,17,5.1
988,11,29.45
988,12,9.02
988,14,11.84
988,15,8.89
988,16,9.235000000000001
988,20,18.669999999999998
989,8,19.15
989,9,12.0575
989,11,13.99
989,12,7.94
989,14,9.96
989,16,10.945
989,17,9.73
989,18,5.84
989,20,18.47
990,12,2.9
990,17,5.9
991,12,4.406315789473684
991,16,4.125
992,9,7.5
992,12,2.625
993,9,21.46
993,11,20.45
993,12,7.3133333333333335
993,20,30.38
993,21,24.47
994,12,3.272
994,13,15.690000000000001
995,12,2.675
996,16,3.23
997,14,0.09
997,15,20.03
997,18,5.31
998,18,19.58
999,14,0.1
1000,8,5.58
1000,11,16.72
1000,19,18.2
1000,22,22.69
1001,10,19.725
1001,11,17.94860465116279
1001,12,17.725833333333334
1001,13,22.335
1001,14,15.623333333333335
1001,17,14.780000000000001
1001,18,24.175
1001,19,19.795
1001,20,19.91
1001,21,11.32
1002,5,4.76
1002,6,29.045
1002,8,18.163999999999998
1002,9,13.0
1002,10,15.583333333333334
1002,11,11.940000000000001
1002,12,23.0025
1002,13,5.04
1002,14,26.766666666666666
1002,15,18.098333333333333
1002,16,20.80333333333333
1002,18,21.665
1002,19,23.726666666666663
1002,20,9.04
1002,22,31.73
1002,23,17.465
1003,0,22.44
1003,5,30.04
1003,6,28.9
1003,9,16.59
1003,10,17.915
1003,11,20.23
1003,12,21.865000000000002
1003,14,9.370000000000001
1003,15,18.005
1003,16,24.45
1003,17,17.921666666666667
1003,18,15.184285714285716
1003,21,5.05
1004,1,16.16
1004,5,16.92
1004,6,19.4225
1004,7,15.540000000000001
1004,8,23.455
1004,9,12.2525
1004,10,16.74833333333333
1004,11,17.55
1004,12,18.402
1004,13,8.06
1004,14,13.636666666666668
1004,15,18.1375
1004,16,16.22375
1004,17,14.918000000000001
1004,18,15.42111111111111
1004,19,10.683333333333332
1004,20,18.97
1004,21,15.515
1004,22,13.205
1005,0,11.46
1005,8,21.95
1005,11,19.776666666666667
1005,12,25.556129032258063
1005,13,12.86
1005,16,20.006666666666668
1005,19,14.37
1005,20,18.57
1005,21,14.1
1005,23,11.78
1006,5,17.881999999999998
1006,7,22.55
1006,9,19.06
1006,12,14.307500000000001
1006,13,13.014999999999999
1006,14,24.05
1006,15,25.11
1006,16,18.786666666666665
1006,17,15.530000000000001
1006,18,24.65
1006,20,17.52
1007,15,26.74
1007,19,18.68
1008,7,11.18
1008,13,15.44
1008,21,24.84
1009,15,1.35
1009,18,0.01
1010,0,16.503333333333334
1010,1,22.176666666666666
1010,2,18.65
1010,5,10.95
1010,6,24.49
1010,7,16.553333333333335
1010,8,19.71
1010,9,18.71666666666667
1010,10,19.74
1010,11,4.66
1010,12,8.17
1010,13,7.16
1010,14,5.52
1010,17,21.979999999999997
1010,18,12.36
1010,19,25.11
1010,20,23.063333333333333
1010,21,20.795
1011,9,11.99
1011,10,12.635000000000002
1011,14,16.906666666666666
1012,13,19.74
1013,0,13.4
1013,1,12.69
1013,15,11.06
1013,19,0.04
1014,6,15.889999999999999
1014,9,14.653333333333334
1014,10,17.955000000000002
1014,12,29.65
1014,13,15.088
1014,14,18.615
1014,15,9.91
1014,17,12.616666666666667
1014,18,10.03
1014,19,16.17
1014,20,5.13
1014,21,6.5
1015,9,11.18
1015,12,9.23
1015,13,11.47
1015,18,10.2
1015,19,10.144285714285715
1015,20,10.393333333333333
1015,21,9.906
1015,22,21.77
1016,10,5.985
1016,14,10.08
1016,16,4.61
1017,9,19.58
1017,10,23.982
1017,11,19.15
1017,12,5.145
1017,13,20.333333333333332
1017,16,8.6
1017,17,9.036666666666667
1018,8,11.64125
1018,9,10.995000000000001
1018,10,11.34
1018,11,10.23
1018,12,11.42
1018,13,11.57
1018,14,2.81
1018,19,12.4
1018,21,15.46
1019,7,7.715
1019,8,5.925
1019,9,7.27
1019,12,3.89
1019,13,5.1
1019,14,3.1
1019,17,1.5766666666666669
1019,18,6.05
1019,19,7.19
1020,7,6.06
1020,9,15.38
1020,10,12.54
1020,11,12.030000000000001
1020,13,19.07
1020,14,21.54
1021,8,15.180000000000001
1021,12,4.36
1022,9,12.43
1022,12,30.93
1022,14,8.23
1022,15,14.004999999999999
1022,21,19.26
1023,9,8.6
1023,12,4.7
1023,13,3.9
1023,15,8.7
1023,17,4.0
1023,21,42.4
1023,22,55.5
1024,9,2.5
1024,13,1.6
1025,9,0.08
1025,11,21.65
1025,17,0.13
1026,10,4.63
1026,12,18.27
1028,13,2.98
1028,15,4.545
1028,18,10.79
1029,7,18.53
1029,11,2.91
1029,12,16.09
1029,13,17.835
1029,14,15.58
1029,15,2.96
1030,9,18.8
1031,9,22.54
1031,11,30.1825
1031,12,38.63
1031,14,59.01
1031,15,30.36
1031,16,40.45
1031,17,43.78
1031,18,10.685
1031,19,27.9325
1031,20,37.504999999999995
1031,21,42.4
1031,22,27.09
1031,23,42.98
1032,7,21.55
1032,9,14.432500000000001
1032,10,12.94818181818182
1032,11,8.435555555555556
1032,12,19.286666666666665
1032,13,15.812727272727273
1032,14,14.932142857142859
1032,15,7.12
1032,16,15.433333333333332
1032,17,10.39
1032,20,3.295
1032,23,18.03
1033,7,24.46
1033,10,18.5
1033,11,9.37
1033,12,24.08
1033,14,20.28
1033,15,13.635
1033,18,18.06
1034,11,13.64
1034,12,2.24
1034,14,12.74
1034,17,25.8
1034,18,11.18
1035,9,7.949999999999999
1035,11,7.0
1035,12,7.75
1035,15,13.5
1036,15,10.36
1036,16,11.72
1037,11,9.02
1037,12,9.15
1037,17,13.04
1037,18,14.606666666666667
1037,22,0.013333333333333334
1038,17,0.02
1038,22,0.01
1038,23,14.41
1039,9,11.1
1039,22,8.7
1041,0,12.46
1041,7,12.65
1041,9,9.665
1041,10,9.895714285714286
1041,11,6.859999999999999
1041,12,17.1575
1041,13,2.24
1041,14,12.42
1041,15,3.6
1041,16,6.87
1041,18,8.7
1041,19,8.22
1041,20,4.16
1041,21,12.25
1042,6,18.63
1042,9,14.99
1042,10,19.153333333333332
1042,11,13.0875
1042,12,8.5325
1042,13,10.773333333333333
1042,14,10.925
1042,15,13.75
1042,16,5.6
1042,17,6.7075
1042,18,9.265
1042,19,9.022
1042,20,11.196000000000002
1042,21,17.48
1043,10,9.54
1043,12,14.192499999999999
1043,13,12.571428571428571
1043,14,4.529999999999999
1043,15,0.74
1043,16,7.2
1043,17,8.7675
1043,18,33.58
1043,19,5.52
1043,20,4.4
1043,21,9.61
1043,22,12.63
1045,4,47.83
1045,5,46.43
1045,7,25.29
1045,8,16.177500000000002
1045,11,17.3
1045,12,30.69
1045,13,36.6025
1045,14,28.439999999999998
1045,15,33.38
1045,16,15.38
1045,17,32.11
1045,18,27.371666666666666
1045,21,23.776666666666667
1046,1,27.3
1046,9,20.53333333333333
1046,13,19.74
1046,14,16.34
1046,18,6.94
1046,19,21.113333333333333
1046,22,27.2
1046,23,23.72
1047,1,31.51
1047,6,17.28
1047,7,46.27
1047,8,28.912857142857142
1047,9,18.913999999999998
1047,10,31.119999999999997
1047,11,25.009999999999998
1047,12,26.590000000000003
1047,13,26.35833333333333
1047,14,18.332
1047,15,15.92
1047,16,23.165
1047,17,11.1
1047,18,27.695
1047,19,34.05
1047,20,51.765
1047,21,26.09
1047,23,31.62
1048,11,26.65
1048,12,17.276666666666667
1048,13,12.136
1048,14,16.086000000000002
1048,15,22.488
1048,16,16.316
1048,17,44.5
1048,19,21.439999999999998
1048,21,26.96
1049,13,26.88
1049,15,18.82
1050,11,2.8449999999999998
1050,13,10.56
1050,16,9.45
1051,11,8.4
1051,14,14.24
1051,15,15.89
1051,16,1.7
1051,17,13.97
1052,13,0.03
1053,10,23.97
1053,11,40.6775
1053,12,35.52
1053,13,31.41
1053,14,14.830000000000002
1053,15,2.78
1053,16,30.0125
1053,17,34.285
1053,18,30.23333333333333
1053,19,25.94
1053,21,31.64
1053,22,9.46
1054,8,14.599999999999998
1054,11,2.725
1054,13,2.16
1054,15,31.45
1054,16,13.36
1055,5,13.79
1055,6,16.595
1055,7,22.46
1055,8,7.7250000000000005
1055,9,15.532499999999999
1055,10,11.214
1055,11,14.675
1055,12,13.556666666666667
1055,13,11.79625
1055,14,3.165
1055,15,5.3125
1055,16,8.34
1055,17,9.132666666666667
1055,18,11.59
1055,19,13.413333333333334
1056,6,5.41
1056,7,26.17
1056,9,12.56
1056,10,14.134
1056,11,6.86
1056,13,13.07
1056,14,9.7025
1056,15,12.893333333333333
1056,16,3.92
1056,17,12.139
1056,18,7.824000000000001
1056,19,10.99
1057,12,18.345
1057,13,32.54
1057,14,18.6225
1057,15,16.7
1057,16,30.52
1057,17,24.19
1057,18,24.023333333333337
1057,19,1.69
1058,14,31.5
1058,15,4.38
1058,18,13.06
1059,1,40.8
1059,8,27.116666666666664
1059,10,2.0
1059,11,5.4
1059,12,11.35
1059,13,3.6
1059,14,6.6
1059,22,19.75
1060,11,13.84
1060,12,7.355
1060,13,26.73
1060,14,15.11
1060,15,21.11
1060,16,8.4
1061,8,18.59
1061,10,34.97
1061,14,10.83
1061,15,47.94
1061,16,16.09
1061,19,33.85
1061,21,35.41
1062,1,10.03
1062,8,18.13
1062,9,16.4725
1062,10,13.026666666666666
1062,11,16.30666666666667
1062,12,12.773333333333333
1062,13,18.0625
1062,14,10.756666666666666
1062,15,19.8075
1062,16,11.736666666666666
1062,18,23.35
1062,19,9.12
1062,20,8.94
1062,22,14.3
1063,12,25.36
1063,16,15.42
1064,8,12.475
1064,9,11.523846153846154
1064,10,15.375
1064,11,14.24
1064,12,14.478
1064,13,15.297999999999998
1064,14,8.65
1064,15,13.62
1064,16,11.597142857142858
1064,17,13.62
1064,18,13.14
1064,19,13.33
1064,21,12.903333333333334
1064,22,13.15
1065,9,10.43
1065,12,16.72
1065,16,16.26
1065,17,13.71
1065,23,16.18
1066,14,16.88
1066,21,27.16
1067,13,18.81
1068,12,13.65
1068,15,41.11
1068,16,22.88
1068,18,20.64
1068,19,41.15
1069,16,3.58
1070,10,17.55
1070,11,4.285
1070,12,33.84
1070,14,18.41
1070,15,9.895
1070,16,19.375
1070,17,9.63
1070,19,27.83
1070,20,31.88
1070,21,7.05
1071,15,0.03
1071,20,11.38
1072,10,12.35
1072,14,0.01
1073,7,8.06
1073,8,13.488333333333335
1073,9,9.38
1073,10,0.01
1073,13,26.75
1073,15,13.24
1074,8,24.05
1074,9,12.950000000000001
1074,10,3.61
1074,11,21.82
1074,12,16.436
1074,15,14.57
1074,16,19.296666666666667
1074,17,10.096
1074,18,20.726666666666663
1074,19,20.49
1074,20,19.79
1075,7,11.015
1075,8,4.88
1075,11,4.19
1075,16,27.22
1075,18,6.82
1076,7,11.14
1076,11,1.69
1076,15,17.27
1076,16,15.75
1076,22,29.88
1077,5,11.79
1077,6,14.96
1077,7,13.515
1077,9,8.105
1077,10,3.91
1078,7,6.881666666666667
1078,9,11.48
1078,10,13.64
1078,12,8.83
1078,14,11.15
1078,16,17.86
1078,17,12.455
1078,18,10.91
1078,19,14.479999999999999
1079,5,16.57
1079,6,14.635
1079,7,13.885
1079,8,11.665
1079,10,1.5
1080,11,4.0
1080,14,6.25
1080,15,2.8
1080,17,7.033333333333332
1080,18,8.16
1080,20,7.15
1080,22,4.5
1081,8,6.17
1081,9,5.026666666666666
1081,10,10.55
1081,13,10.16
1081,14,11.37
1081,15,4.53
1081,16,7.11
1081,17,9.81
1081,18,7.86
1081,21,6.26
1081,22,10.92
1082,1,14.79
1082,8,24.65
1082,10,8.17
1082,12,0.013333333333333334
1082,13,28.82
1082,15,9.0
1082,16,18.343333333333334
1082,17,13.01
1082,18,20.68
1082,19,6.39
1082,21,26.78
1082,23,26.85
1083,9,18.985
1083,10,14.615000000000002
1083,11,18.62
1083,12,18.63
1083,13,17.05
1083,15,12.404
1083,16,17.922
1083,19,19.76
1083,20,15.98
1084,8,20.85
1084,9,47.35
1084,10,30.744999999999997
1084,12,32.87
1084,14,25.105
1084,15,35.35
1084,16,40.66
1084,18,10.52
1084,19,38.74
1084,21,19.69
1085,9,27.205000000000002
1085,13,19.0
1085,16,27.7
1087,10,11.405000000000001
1087,11,13.463333333333333
1087,12,12.9675
1087,13,36.9
1087,16,5.69
1088,7,25.423333333333332
1088,8,30.03
1088,9,6.51
1088,10,15.669999999999998
1088,11,13.57
1088,13,15.559999999999999
1088,15,18.493333333333332
1088,16,14.26
1088,17,11.898571428571428
1088,18,18.582
1088,19,11.906666666666666
1088,20,15.015
1088,21,6.61
1089,9,4.04
1089,10,6.39
1089,11,2.3
1089,12,7.640000000000001
1089,14,8.006666666666666
1089,15,5.3725000000000005
1089,16,0.71
1089,17,4.48
1090,9,3.7
1090,11,20.5
1090,14,26.88
1090,19,20.05
1090,20,19.06
1091,9,26.59
1091,11,9.73
1091,12,9.255
1091,14,3.3
1091,15,19.37
1091,16,19.52
1091,18,17.426666666666666
1091,22,26.495
1092,11,10.2
1092,14,7.5
1092,15,4.2
1092,16,11.4
1092,17,9.666666666666666
1092,19,11.12
1093,9,18.15
1093,10,4.89
1093,11,5.93
1093,13,24.225
1093,14,15.465
1093,15,12.466666666666667
1093,17,9.685
1093,19,18.13
1093,21,12.055
1094,8,5.06
1094,16,7.24
1094,19,19.78
1094,20,13.93
1094,22,4.17
1095,10,8.8
1095,11,15.45
1095,14,21.81
1095,17,21.38
1095,19,5.51
1095,20,4.38
1096,12,11.58
1096,14,15.23
1096,16,7.836666666666667
1096,17,8.867333333333333
1096,18,6.226666666666667
1096,19,5.6899999999999995
1096,20,9.633333333333333
1096,21,9.880434782608695
1097,8,14.86
1097,10,18.990000000000002
1097,11,34.345
1097,13,9.4
1098,8,12.525
1098,12,22.195
1098,13,21.14
1098,19,10.24
1100,8,17.046666666666667
1100,9,5.78
1100,13,13.030000000000001
1101,5,4.25
1101,10,15.38
1101,11,10.25
1101,12,29.43
1101,13,5.6
1101,14,0.02
1101,15,4.53
1101,17,0.01
1101,18,3.17
1103,11,16.606666666666666
1103,12,18.575
1103,13,10.33
1103,14,14.37
1103,15,16.6
1103,19,5.66
1103,20,22.47
1104,6,10.78
1104,9,8.6
1104,10,9.501999999999999
1104,11,9.02
1104,15,20.616666666666667
1104,16,15.316666666666668
1104,17,14.325000000000001
1104,18,18.95
1105,8,10.9
1105,10,1.7
1106,7,30.62
1106,8,23.833333333333332
1106,9,23.395714285714288
1106,10,21.26
1106,11,13.03
1106,12,23.74
1106,13,24.595
1106,14,20.716666666666665
1106,15,21.62
1106,16,22.233333333333334
1106,17,23.89333333333333
1106,18,30.51
1106,19,27.74
1108,13,7.31
1109,9,6.94
1109,10,14.29
1109,11,10.77
1109,13,2.23
1109,15,4.43
1109,16,8.3
1109,21,7.51
1111,5,20.55
1111,7,15.416666666666666
1111,8,20.435000000000002
1111,9,26.2
1111,10,25.78
1111,12,19.96
1111,13,22.0
1111,15,14.54
1111,16,22.96
1112,8,6.616
1112,9,4.4079999999999995
1112,10,9.18
1112,12,5.85
1112,16,9.95
1112,19,4.355
1114,5,28.44
1114,7,9.36
1114,8,25.296666666666667
1114,9,15.57
1114,11,10.987142857142857
1114,12,9.192857142857141
1114,13,13.168000000000001
1114,14,19.916666666666668
1114,15,12.075
1114,16,16.04
1114,17,7.15
1114,18,12.45
1114,19,25.03
1114,20,19.31
1115,12,14.94
1116,9,17.26
1116,10,15.61
1116,11,10.476666666666667
1116,13,13.754999999999999
1116,14,13.465
1116,15,10.983333333333334
1116,16,15.87375
1116,17,20.302500000000002
1116,20,28.95
1117,9,39.01
1117,13,10.61
1117,15,22.07
1117,16,20.3
1117,18,18.240000000000002
1117,20,30.26
1117,23,20.01
1118,10,23.549999999999997
1118,14,16.185000000000002
1118,17,21.41
1118,18,23.52
1119,7,22.26
1119,8,31.903333333333336
1119,9,40.16
1119,10,11.07
1119,13,40.725
1119,14,17.3
1119,18,10.24
1120,12,10.97
1120,15,0.71
1120,18,10.81
1120,21,10.6
1121,7,7.66
1121,8,2.72
1121,9,9.91
1121,12,8.04
1121,18,6.47
1122,11,4.76
1123,7,35.622
1123,8,34.625217391304346
1123,9,36.18333333333333
1123,10,32.43
1123,11,18.725
1123,12,36.5
1123,13,33.255
1123,14,20.15
1123,15,41.59
1123,16,35.33
1123,18,37.34666666666667
1123,19,32.68
1124,15,5.08
1125,7,23.48
1125,8,19.106666666666666
1125,9,22.86
1125,10,16.813333333333333
1125,11,14.52
1125,14,23.54
1125,16,23.14
1125,17,23.229999999999997
1126,15,27.35
1126,16,21.78
1127,8,11.29
1127,9,11.43
1127,13,20.24
1127,14,17.86
1127,15,22.13
1127,17,21.64
1128,13,12.77
1128,17,8.18
1128,23,10.42
1129,13,25.2
1129,14,16.24
1129,21,23.08
1130,10,4.4
1130,11,3.9
1131,13,11.1
1131,19,33.1
1132,9,11.5
1132,11,2.72
1132,16,6.5
1133,7,0.02
1133,10,19.09
1133,11,13.92
1133,12,17.6
1133,14,38.24
1133,15,24.555
1133,16,18.305
1133,19,13.485
1133,20,35.82
1133,23,16.21
1134,15,10.004999999999999
1134,19,12.3
1135,10,11.035
1135,11,18.03
1135,15,36.325
1135,17,27.589999999999996
1135,18,17.07
1135,19,24.92
1135,20,18.546666666666667
1136,8,31.54
1136,10,17.985
1136,11,12.31
1136,12,2.98
1136,13,10.45
1136,14,26.355
1136,15,13.885000000000002
1136,17,19.775000000000002
1136,19,47.16
1137,9,18.27
1137,11,15.549999999999999
1137,12,9.703333333333333
1137,13,18.36
1137,14,10.21
1137,16,8.48
1138,0,11.54
1138,7,3.05
1138,8,46.16
1138,10,11.755
1138,13,12.783333333333333
1138,14,14.735
1139,12,3.47
1139,13,1.07
1139,14,12.985
1139,15,37.15
1139,16,5.2775
1140,13,13.77
1140,16,14.13
1140,17,15.41
1140,18,11.29
1141,8,7.08
1141,10,16.98
1141,11,11.06
1141,12,4.16
1141,14,19.84
1141,15,10.920000000000002
1141,17,8.87
1141,19,6.17
1142,7,2.49
1142,9,4.33
1142,11,27.59
1142,15,4.6
1142,16,4.21
1142,17,4.93
1142,18,3.885
1142,19,10.01
1142,20,8.52
1143,1,22.55
1143,7,4.1
1143,9,40.79
1143,11,16.025
1143,13,5.21
1143,14,10.24
1143,16,7.965
1143,17,21.385
1143,18,13.91
1143,19,13.865000000000002
1143,21,0.7999999999999999
1144,6,5.05
1144,7,13.625
1144,8,3.75
1144,9,1.47
1144,10,20.42
1144,11,4.385
1144,12,5.333333333333333
1144,15,1.93
1144,17,6.400000000000001
1144,18,1.33
1144,19,13.15
1144,20,5.34
1145,10,1.5
1146,9,9.466666666666667
1146,10,20.2
1146,11,1.1
1146,13,11.700000000000001
1146,14,7.3
1146,15,4.9
1146,16,9.3
1146,18,10.350000000000001
1147,8,32.211999999999996
1147,9,6.1
1147,10,6.95
1147,11,8.9
1147,15,6.3
1147,16,8.0
1147,17,1.8
1147,22,22.0
1147,23,21.7
1148,7,10.78
1148,8,3.095
1148,9,6.76
1148,11,5.28
1148,13,9.69
1149,10,1.47
1149,11,1.37
1149,12,0.675
1149,14,1.35
1150,11,1.565
1151,9,8.82
1151,10,11.17
1151,16,11.13
1152,0,11.1
1152,6,0.1
1152,9,10.7
1152,12,10.79
1152,14,9.99
1152,15,5.619999999999999
1152,16,11.073333333333332
1153,12,10.71
1153,15,10.9
1154,11,4.890000000000001
1154,12,6.23
1154,13,8.776666666666666
1154,16,11.4
1154,17,7.49
1154,20,3.31
1155,5,10.755789473684212
1155,6,10.661818181818182
1155,16,9.54
1155,19,10.93
1156,5,10.955
1156,6,10.326666666666666
1156,7,3.7
1156,11,5.44
1157,7,6.611111111111111
1157,8,7.227586206896552
1157,9,7.071428571428571
1157,10,10.3
1157,11,7.166666666666667
1157,12,4.45
1157,13,3.7
1157,14,6.1499999999999995
1157,15,6.725
1158,12,1.805
1158,14,21.78
1158,18,13.06
1159,12,19.62
1160,9,12.7775
1160,10,21.36
1160,11,14.56
1160,12,18.03
1160,13,15.585
1160,14,12.335
1160,15,12.296666666666667
1160,16,11.811666666666667
1160,17,14.395
1161,8,18.9825
1161,10,4.3
1161,11,21.52
1161,12,25.445
1161,13,22.8775
1161,14,29.91
1161,15,27.45
1161,19,27.93
1162,18,7.746666666666667
1162,19,29.18
1162,20,17.346666666666668
1162,21,23.46
1163,7,59.51666666666667
1163,8,56.214444444444446
1163,9,56.4775
1163,10,53.205
1163,11,58.61333333333332
1163,12,50.75333333333333
1163,13,43.53
1163,15,18.5
1163,22,18.76
1164,9,29.03
1164,11,28.63
1164,16,19.88
1164,17,14.153333333333334
1164,19,25.94
1166,8,30.38
1166,11,29.63
1166,13,27.08
1166,14,29.403333333333336
1167,7,23.275
1168,0,45.0
1168,8,49.38
1168,9,19.75
1168,10,26.0675
1168,11,19.282
1168,12,28.274
1168,13,31.27857142857143
1168,14,35.06666666666667
1168,15,23.265
1168,16,20.186666666666667
1168,17,10.16
1168,18,19.03
1168,19,21.333333333333332
1168,20,26.002
1168,21,25.570000000000004
1168,22,39.86
1169,7,9.26
1169,9,8.24
1169,12,13.31
1169,13,11.34
1169,15,26.88
1169,16,8.55
1169,18,13.745
1169,20,30.51
1170,9,10.99
1170,20,19.11
1171,6,22.25
1171,7,27.01
1171,12,13.73
1172,7,13.06
1172,16,27.14
1172,21,10.44
1173,9,14.65
1174,12,1.1
1175,10,23.4
1175,13,10.05
1176,8,23.2
1177,10,11.18
1177,21,21.5
1177,22,14.09
1178,8,16.9
1178,9,13.799999999999999
1178,10,16.2
1178,11,10.55
1178,12,7.45
1178,13,7.7
1178,14,9.35
1178,18,24.75
1179,8,24.7
1179,10,26.75
1179,13,21.2
1179,14,14.9
1180,9,18.51
1180,13,1.815
1180,14,4.86
1180,15,8.14
1180,20,49.65
1181,8,11.2
1181,9,16.366666666666667
1181,10,15.3
1181,12,16.2
1181,13,5.366666666666667
1181,14,16.4
1181,15,2.5
1181,19,9.5
1181,20,5.2
1182,10,20.5
1183,7,26.1
1183,8,22.15
1183,14,0.5
1183,15,13.8
1186,9,36.68
1186,11,56.81
1186,12,34.59
1186,14,37.20666666666667
1186,15,40.629999999999995
1186,16,36.36
1186,19,29.814999999999998
1186,20,29.564999999999998
1187,18,6.28
1187,19,7.1
1187,20,6.885
1188,6,7.484999999999999
1188,7,2.23
1188,8,5.096666666666667
1188,9,7.063333333333333
1188,10,9.065000000000001
1188,11,7.75
1188,12,9.18
1188,13,20.373333333333335
1188,14,15.55
1188,15,4.74
1188,16,23.28
1188,17,10.34
1188,18,11.356666666666667
1188,19,7.22
1188,20,4.42
1188,21,16.12
1189,8,8.16
1189,15,11.27
1189,19,2.64
1189,20,3.74
1190,22,29.57
1192,8,1.21
1192,11,11.11
1192,12,19.619999999999997
1192,13,11.1
1192,14,5.1899999999999995
1192,15,7.6899999999999995
1192,16,58.58
1192,17,14.74
1192,18,1.6
1192,19,10.54
1193,15,37.37
1193,16,6.41
1194,7,37.99
1194,10,8.36
1194,12,5.64
1194,13,1.82
1194,14,13.17
1194,16,5.486666666666667
1194,17,5.7
1194,19,4.02
1195,6,14.614285714285714
1195,7,12.561428571428573
1195,8,37.51095238095238
1195,9,55.92
1195,12,27.729999999999997
1195,13,35.27
1195,18,14.355555555555554
1195,19,16.642500000000002
1195,20,16.306
1195,21,9.23
1195,22,14.03
1195,23,17.73
1197,5,10.41
1197,6,11.27
1197,7,12.266666666666666
1197,9,12.94
1197,10,4.37
1197,11,5.866666666666667
1197,12,6.34
1197,13,1.61
1197,16,3.86
1197,17,9.28
1197,18,5.2
1197,19,10.965
1197,20,7.403333333333333
1197,21,10.2
1197,22,10.798
1198,5,12.0
1198,6,11.5
1198,7,11.075
1198,9,12.3
1198,11,3.4
1198,12,12.4
1198,15,12.0
1198,16,11.3
1198,17,10.8
1198,18,9.6
1198,21,21.1
1199,13,1.79
1199,16,6.59
1199,18,10.29
1199,19,7.85
1200,12,3.97
1200,16,10.89
1200,17,8.8025
1200,18,10.686
1200,19,8.73
1200,20,12.59
1200,21,9.023333333333333
1200,22,10.485
1200,23,12.79
1201,6,11.09
1201,7,12.25
1201,8,12.4
1201,9,10.9
1201,10,10.95
1201,11,31.3
1201,12,11.8
1201,15,8.8
1201,16,10.6
1201,17,1.6
1202,6,4.3
1202,8,18.6
1202,9,24.0
1202,15,5.699999999999999
1202,18,6.9
1202,19,2.7
1203,9,12.89
1203,11,5.23
1203,12,2.19
1203,14,5.529999999999999
1203,15,12.41
1203,19,1.45
1204,2,5.38
1204,9,0.03
1204,10,0.01
1204,12,2.32
1204,13,5.78
1204,16,12.8
1204,18,8.44
1204,19,3.79
1204,20,4.225
1205,17,9.27
1206,15,14.9
1206,21,4.4
1206,22,7.0
1208,16,7.45
1208,20,2.0
1209,0,3.3600000000000003
1209,8,2.32
1209,9,6.22
1209,10,3.02
1209,12,5.408571428571428
1209,13,4.934285714285714
1209,14,8.658
1209,15,6.695714285714286
1209,16,7.816666666666666
1209,17,7.734444444444445
1209,18,9.316666666666666
1209,19,4.859999999999999
1209,20,8.046875
1209,21,8.187999999999999
1209,22,8.696000000000002
1209,23,6.1499999999999995
1210,0,11.85
1210,13,5.2
1210,14,3.28
1210,16,3.0
1210,17,12.5
1210,18,8.483333333333333
1210,19,2.64
1210,20,9.732
1210,21,8.03
1210,22,5.7
1210,23,2.79
1211,10,13.88
1211,14,5.23
1211,20,12.51
1211,23,4.82
1212,0,3.82
1212,1,11.66
1212,12,9.225
1212,13,6.96
1212,14,3.34
1212,20,11.58
1212,21,3.72
1213,17,30.31
1213,20,3.29
1213,23,5.734999999999999
1214,0,8.345
1214,1,4.56
1214,2,5.08
1214,9,12.44
1214,11,3.39
1214,15,11.7
1214,16,5.573333333333333
1214,17,18.71
1214,18,6.77
1214,19,16.405
1214,20,9.83
1214,21,5.9750000000000005
1214,23,6.14
1215,16,17.74
1215,17,4.68
1215,21,8.65
1216,17,10.44
1217,15,3.27
1217,17,6.095000000000001
1217,18,8.802
1217,20,10.411428571428571
1217,21,11.96
1217,22,10.712499999999999
1217,23,9.603333333333333
1218,9,11.43
1218,12,6.92
1218,14,10.68
1219,8,3.25
1219,17,1.7
1219,19,7.95
1219,20,25.05
1219,21,0.04
1220,1,23.56
1220,2,11.28
1220,7,7.02
1220,8,12.211666666666668
1220,9,14.13
1220,10,11.02
1220,11,2.75
1220,13,7.831999999999999
1220,14,7.066666666666666
1220,15,7.08
1220,16,4.49
1220,17,14.403333333333334
1220,18,9.04
1220,19,14.87
1220,23,22.7725
1222,18,21.035
1222,19,23.28
1222,20,51.26
1222,21,54.75
1223,12,22.68
1223,13,18.75
1223,18,23.013333333333335
1223,19,13.29
1223,20,42.97
1223,21,46.23
1223,22,47.19
1224,5,15.63
1224,9,25.38
1224,11,50.38
1224,13,17.72
1224,17,43.29
1224,19,43.95
1224,21,28.78
1225,9,16.494999999999997
1225,10,8.88
1225,11,12.36
1225,13,6.78
1225,14,11.906666666666666
1225,16,11.32
1225,17,4.446666666666666
1225,18,10.545
1225,21,14.85
1225,22,16.06
1226,9,14.05
1226,11,18.165
1226,12,23.6025
1226,13,22.678571428571427
1226,14,22.252499999999998
1226,15,11.99
1226,16,19.255
1226,17,35.44
1226,18,13.295000000000002
1226,19,44.37
1226,20,23.43
1226,21,12.68
1227,12,30.775
1227,13,26.596666666666664
1227,14,21.3725
1227,15,48.74
1227,16,10.68
1227,17,14.92
1227,18,12.72
1228,14,28.5
1228,15,27.69
1228,16,17.42
1228,20,43.29
1229,9,40.86
1229,14,0.01
1229,15,25.965
1229,17,25.49
1229,18,10.66
1229,19,25.14
1230,8,15.406666666666666
1230,9,10.86
1230,11,21.82
1230,12,34.15
1230,13,22.835
1230,14,17.275
1230,15,12.649999999999999
1230,16,15.986666666666666
1230,20,3.49
1231,9,22.12
1231,11,41.81
1231,13,32.54
1231,14,44.4
1231,16,10.53
1233,8,41.98
1233,9,2.74
1233,11,24.46666666666667
1233,12,22.05
1233,13,20.447142857142858
1233,14,22.3
1233,16,22.31
1233,17,13.922
1233,18,23.378888888888888
1233,19,17.897
1233,20,19.740000000000002
1233,21,31.195
1233,22,22.115000000000002
1233,23,4.92
1234,9,23.38
1234,14,23.04
1234,18,0.34
1234,19,22.25
1235,12,19.24
1235,14,30.73
1235,15,7.79
1235,22,63.43
1236,13,37.39
1236,16,24.735
1237,9,8.96
1237,18,30.87
1237,19,21.195
1237,20,30.89
1238,16,13.89
1238,17,16.12
1238,19,16.85
1238,21,21.88
1239,6,42.22
1239,7,29.61
1239,14,32.48
1239,15,27.53
1239,17,38.53666666666667
1239,18,23.81
1240,9,16.06
1240,10,16.44
1240,11,13.02
1240,12,16.226666666666667
1240,13,11.726666666666667
1240,15,8.73
1240,17,14.290000000000001
1240,19,12.13
1240,20,11.8575
1240,22,10.33
1241,8,18.63
1241,9,23.73
1241,10,20.8475
1241,12,22.737142857142857
1241,13,19.38
1241,14,23.33
1241,15,11.915
1241,18,11.855
1241,19,16.61
1241,20,17.595
1241,21,13.405000000000001
1242,14,12.29
1243,10,24.09
1243,12,18.08
1243,16,25.48
1244,8,25.33
1244,10,53.46
1244,11,14.52
1244,15,43.65
1244,16,49.73
1245,11,7.42
1245,13,15.05
1245,14,26.83
1245,15,26.06
1245,16,25.76
1245,17,10.78
1245,20,26.42
1245,21,26.33
1246,13,31.97
1246,14,10.364999999999998
1246,16,14.94
1246,19,30.49
1247,10,13.3
1247,13,15.02
1247,14,12.46
1247,17,21.16
1247,18,21.04
1248,7,14.74
1249,8,10.2
1249,11,17.2
1249,12,7.84
1249,14,17.18
1249,15,17.3
1249,17,13.32
1250,10,3.55
1250,13,5.7
1250,14,9.3
1250,15,1.9
1251,7,20.814999999999998
1251,8,18.503333333333334
1251,9,19.82
1251,10,24.04
1251,11,17.253333333333334
1251,12,15.096666666666666
1251,13,10.45
1251,15,21.88
1251,16,9.8
1251,20,7.93
1252,11,24.16
1252,12,13.64
1253,9,25.17
1253,11,96.35
1253,13,97.0
1254,13,15.27
1254,14,4.19
1254,17,7.91
1254,18,3.7
1254,19,8.77
1254,20,5.02
1254,21,4.836666666666667
1254,22,16.71
1254,23,5.1
1255,11,15.143333333333333
1255,13,26.62
1255,16,14.765
1255,18,31.59
1255,19,21.53
1255,22,31.65
1256,7,19.6
1256,8,30.02
1256,9,37.64333333333334
1256,10,37.11
1256,11,24.134999999999998
1256,12,43.77333333333333
1256,13,36.995000000000005
1256,15,22.575000000000003
1256,16,39.5
1256,18,34.805
1256,19,42.513999999999996
1256,20,38.14
1256,21,29.66
1257,19,35.67
1258,15,10.57
1259,9,13.690000000000001
1259,11,13.926666666666668
1259,15,5.27
1259,18,0.28
1260,8,13.61
1260,10,10.910000000000002
1260,14,22.16
1260,15,11.926666666666668
1260,16,15.64
1260,17,7.84
1260,19,7.82
1260,20,14.235
1260,21,13.12
1261,9,16.11
1261,10,30.2
1261,11,21.68
1261,13,20.03
1261,16,18.52
1261,18,14.846666666666666
1261,20,41.38
1261,22,32.19
1261,23,32.78
1263,12,12.625
1263,14,11.93
1263,16,20.44
1263,17,18.65
1263,18,36.49
1263,19,6.95
1263,20,17.685
1263,22,37.955
1264,10,32.75
1264,12,34.16
1264,14,14.133333333333333
1264,15,19.82
1264,16,43.39
1264,22,28.16
1265,10,20.3
1265,11,11.356666666666667
1265,13,11.01
1265,14,20.465
1265,15,19.015
1265,16,19.37
1265,22,17.59
1268,18,3.36
1274,11,8.13
1274,13,8.865
1276,12,31.99
1276,13,42.5
1276,15,14.96
1276,17,14.73
1277,11,24.72
1277,13,29.939999999999998
1277,14,31.78
1277,15,23.126666666666665
1277,16,14.465
1277,17,12.3
1278,12,10.76
1278,15,7.56
1281,13,2.7
1281,15,4.9
1281,16,1.9
1281,17,19.6
1281,21,13.5
1282,8,11.25
1282,9,8.933333333333334
1282,10,5.5
1282,11,4.5
1282,12,8.75
1282,13,6.0200000000000005
1282,14,5.340000000000001
1282,15,5.363636363636363
1282,16,3.275
1282,17,4.8
1282,18,6.8
1282,20,3.5
1282,21,3.6
1282,22,3.6
1283,6,9.46
1283,7,9.45
1283,8,6.917142857142857
1283,9,1.49
1283,12,6.72
1283,13,8.93
1283,16,4.546
1283,17,4.2
1284,7,34.05
1284,8,10.1
1284,9,38.8
1284,10,12.2
1284,12,0.2
1284,14,55.0
1284,16,47.4
1284,18,14.1
1285,5,7.8
1285,6,6.85
1285,7,10.3
1285,8,9.825
1285,9,7.85
1285,10,5.0
1285,11,9.5
1285,12,6.9
1285,13,8.075
1285,14,6.325
1285,15,5.05
1285,16,3.425
1285,17,3.6
1285,18,2.5
1285,19,2.9
1285,20,5.1
1285,21,3.55
1286,14,11.0
1287,10,8.3
1287,14,7.1
1287,16,2.0
1287,18,2.9
1287,19,4.4
1288,7,6.997999999999999
1288,8,7.894
1288,9,4.58
1288,10,8.69
1288,14,10.34
1288,15,6.6850000000000005
1288,16,6.126666666666666
1288,17,2.04
1289,13,6.45
1289,14,3.62
1290,8,6.07
1290,11,8.79
1290,15,5.59
1291,18,19.93
1291,19,19.28
1293,8,3.46
1293,9,19.31
1293,10,5.75
1293,15,16.14
1293,17,17.8
1293,18,18.263333333333332
1293,19,16.56
1293,20,9.895
1293,21,19.223333333333333
1293,22,21.665
1294,12,10.67
1294,13,11.12
1294,15,12.312000000000001
1294,16,12.151111111111112
1294,17,13.606666666666667
1294,18,10.58
1295,7,15.7
1295,8,40.8525
1295,13,2.41
1295,18,13.79
1295,19,26.203333333333333
1295,20,8.68
1296,11,15.13
1296,16,2.75
1297,7,7.731428571428571
1297,11,12.219999999999999
1297,12,4.92
1297,13,10.28
1297,15,3.62
1297,16,24.48
1297,17,10.225
1298,7,9.235
1298,8,15.870000000000001
1298,9,11.72
1298,11,11.75
1298,12,10.8775
1298,13,2.2725
1298,15,11.58
1298,16,12.489999999999998
1298,17,13.135
1298,18,10.56
1298,19,13.455000000000002
1298,21,15.32
1299,11,25.04
1299,16,13.27
1300,6,24.42
1300,8,20.08
1300,10,20.91
1300,18,45.87
1300,22,43.05
1301,3,9.72
1301,7,16.31
1301,8,16.74642857142857
1301,10,16.39
1301,11,11.11
1301,13,7.32
1301,14,15.93
1301,15,6.79
1301,16,9.46
1301,17,5.265000000000001
1301,19,12.545
1301,21,10.23
1302,10,2.6
1303,5,7.74
1303,12,5.090000000000001
1303,15,10.024999999999999
1303,16,5.5
1304,7,11.41
1304,9,1.96
1304,14,6.5225
1304,15,7.9
1304,16,9.085
1305,1,21.88
1305,10,3.595
1305,15,17.34
1305,17,4.06
1305,18,13.44
1305,20,12.14
1305,23,22.98
1306,10,5.13
1306,17,6.12
1307,10,16.64
1307,15,10.87
1307,20,12.28
1307,21,7.673333333333333
1307,22,7.276666666666666
1308,11,8.14
1309,10,1.65
1309,11,5.02
1309,14,9.61
1309,16,12.41
1309,18,4.41
1309,22,5.57
1310,5,10.16
1310,10,27.64
1310,13,29.04
1310,14,5.1
1310,19,28.86
1311,11,27.93
1311,12,10.44
1311,14,25.14
1311,17,0.02
1311,19,5.49
1312,16,26.58
1312,17,21.54
1313,15,11.04
1314,7,4.54
1314,8,9.345
1314,9,8.748636363636363
1314,10,8.142
1314,11,8.610625
1314,12,6.821818181818181
1314,13,4.5025
1314,14,10.687999999999999
1314,15,7.093333333333334
1314,16,5.9575
1314,17,3.19
1315,9,3.225
1316,0,11.11
1316,1,11.14
1316,11,11.43
1316,12,8.61
1316,16,23.35
1316,17,7.46
1316,18,11.81
1316,19,9.85
1316,20,10.76
1316,21,9.606666666666667
1316,23,10.66
1317,1,9.825
1317,3,10.5
1317,6,9.29
1317,12,11.15
1317,17,7.835
1318,16,11.45
1318,18,11.9
1318,19,8.95
1319,9,22.93
1319,13,16.54
1319,17,19.285
1319,18,18.96
1319,19,24.11
1319,20,13.8
1319,21,18.39
1319,22,15.01
1320,7,12.91
1320,9,17.42
1320,10,17.895
1320,12,15.715
1320,13,19.775
1320,14,17.236666666666665
1320,15,24.8375
1320,16,40.9
1320,17,23.505
1320,18,23.3
1320,19,23.175
1320,20,21.43
1320,21,17.52
1321,6,17.91
1321,11,28.13
1321,12,25.880000000000003
1321,13,17.68
1321,17,6.5
1321,18,18.335
1321,19,22.6
1321,20,22.201999999999998
1322,12,14.26
1322,13,17.47
1322,14,5.76
1322,16,24.47
1322,17,20.32
1322,19,16.95
1323,7,11.825
1323,9,29.28333333333333
1323,10,26.67
1323,11,33.015
1323,12,19.35
1323,13,21.186666666666667
1323,15,5.38
1323,16,26.75
1323,17,21.35
1323,19,21.44
1323,20,31.33
1324,7,18.38
1324,12,14.06
1324,14,30.869999999999997
1324,15,5.01
1324,16,14.46
1324,17,32.13
1326,18,53.0
1327,9,37.35
1327,11,31.206666666666667
1327,13,37.135000000000005
1327,14,26.0
1327,15,35.27
1327,18,34.315
1327,20,19.45
1327,21,6.53
1328,14,3.2
1331,10,20.91
1331,16,6.88
1331,18,6.29
1331,19,12.32
1331,20,5.05
1332,11,21.49
1332,14,13.36
1332,15,19.53
1332,19,8.37
1333,9,33.35
1333,10,24.997500000000002
1333,12,42.8
1333,17,38.71
1333,18,6.91
1334,11,35.82
1334,14,22.945
1334,18,28.09
1334,19,8.43
1334,20,26.25
1334,21,29.32
1335,7,31.975
1335,8,17.53
1335,10,13.315
1335,13,14.36
1335,15,20.384999999999998
1335,16,34.27214285714286
1335,17,25.5325
1335,18,26.78
1335,19,25.485
1335,20,10.3
1336,9,26.76
1336,12,15.56
1336,13,10.0
1336,14,21.16
1336,15,16.5
1338,7,37.44
1340,15,12.36
1340,17,19.47
1340,19,43.504999999999995
1341,11,5.01
1341,13,1.78
1341,14,3.68
1341,15,10.92
1341,18,26.796666666666667
1341,19,9.61
1341,20,8.254999999999999
1341,22,33.85
1342,10,63.78
1342,11,9.32
1342,12,33.64
1342,14,46.63999999999999
1342,15,45.8575
1342,16,27.8275
1342,17,39.665
1342,18,11.72
1342,19,33.68
1343,14,25.98
1343,15,26.96
1343,16,12.3
1343,20,13.48
1344,11,36.44
1344,12,7.11
1344,14,4.71
1344,15,7.905
1344,16,34.89
1344,17,5.51
1344,19,0.01
1344,20,11.5
1344,21,30.64
1345,6,16.85
1345,13,27.65
1345,14,28.475
1345,15,18.64
1345,16,8.74
1346,13,0.43
1346,17,3.99
1346,18,3.66
1346,19,0.03
1346,20,0.515
1347,13,23.1
1348,13,4.33
1348,14,2.37
1348,15,18.22
1348,19,27.58
1349,1,13.3
1349,9,12.8
1349,11,12.373333333333335
1349,12,3.87
1349,14,11.17
1349,17,5.98
1349,18,4.74
1349,22,13.54
1350,7,8.875
1350,8,6.333333333333333
1350,10,3.7
1350,11,7.26
1350,12,9.725
1350,13,10.3
1350,14,7.85
1350,15,26.8
1350,17,15.024999999999999
1350,18,15.700000000000001
1350,20,9.850000000000001
1350,21,9.36
1350,22,10.95
1352,8,18.776666666666667
1352,9,15.93
1352,11,18.58
1352,12,15.53
1352,16,6.74
1352,18,12.29
1355,6,21.45
1355,8,37.946666666666665
1355,11,18.4
1355,13,29.12
1355,14,27.99
1355,17,16.02
1355,21,20.41
1357,9,10.27
1357,10,12.54
1357,11,22.450000000000003
1357,14,23.88
1357,15,45.35
1357,17,2.12
1358,7,50.6
1358,8,42.71666666666666
1358,9,48.505
1358,10,56.629999999999995
1358,11,45.0525
1358,12,20.5
1358,13,55.73
1358,14,34.9625
1358,15,62.97
1358,17,15.36
1358,23,57.03
1359,12,15.53
1359,13,17.75
1359,17,4.98
1360,0,23.6
1360,9,11.543333333333331
1360,10,8.69
1360,15,12.28
1360,16,8.21
1360,17,4.885
1360,18,10.94
1361,10,25.16
1361,12,18.8275
1361,15,19.975
1362,11,19.9
1362,13,12.1
1363,12,4.69
1365,14,2.5
1365,21,19.8
1366,13,8.35
1366,14,19.54
1366,16,19.76
1367,8,9.17
1367,9,13.78
1367,11,15.9
1367,12,16.203333333333333
1367,13,2.77
1367,14,16.91
1367,15,9.075
1367,16,13.135
1367,17,16.355
1367,21,18.57
1367,22,20.32
1368,9,21.265
1368,11,16.151333333333334
1368,12,17.146666666666665
1368,13,17.91
1368,14,17.78
1368,16,7.45
1368,20,31.71
1369,8,6.16
1369,12,21.846666666666668
1369,14,20.33
1369,20,23.136666666666667
1370,10,14.57
1370,11,9.61
1370,15,25.34
1370,16,16.48
1370,18,24.35
1371,12,18.49
1372,8,31.985714285714288
1372,13,32.9
1372,17,5.6
1373,11,13.62
1373,14,15.32
1373,22,21.66
1374,11,29.19
1374,16,15.47
1374,18,12.28
1375,17,32.206
1376,12,39.68
1377,8,42.4025
1377,9,27.22
1377,12,50.89
1377,13,20.46
1377,14,14.88
1377,15,57.29
1377,16,29.86
1377,20,51.18
1378,10,2.19
1378,12,11.975
1378,13,11.045
1378,14,7.79
1378,15,5.36
1379,16,59.31
1380,8,29.14
1380,17,31.67
1381,8,12.63
1381,10,28.65
1381,11,19.0
1382,10,15.45
1383,6,17.49
1383,7,8.28
1383,8,2.61
1383,11,6.53
1383,12,10.94
1383,15,3.53
1383,16,0.84
1383,21,3.94
1384,10,20.51
1384,16,11.1
1385,11,16.32
1385,13,26.57
1386,16,19.71
1387,16,20.476666666666667
1388,1,9.07
1388,10,15.48
1389,0,10.8
1389,7,5.8999999999999995
1389,9,7.4
1389,10,10.100000000000001
1389,12,2.0999999999999996
1389,13,3.0833333333333335
1389,14,2.6
1389,16,5.75
1389,18,10.6
1389,19,10.75
1389,20,10.8
1389,21,7.883333333333333
1389,22,9.9
1390,13,10.82
1390,14,5.59
1390,15,2.71
1391,13,9.34
1391,20,2.8
1392,5,12.1
1392,9,10.24
1392,10,7.1
1392,11,5.8
1392,12,7.949999999999999
1392,13,6.9111111111111105
1392,14,8.528571428571428
1392,15,11.033333333333333
1392,16,4.4714285714285715
1392,17,10.275
1392,18,16.0
1392,19,12.776923076923076
1392,20,15.725
1392,21,6.4
1392,22,36.06666666666667
1392,23,19.85
1393,10,10.75
1393,12,3.98
1393,13,3.68
1393,14,13.446666666666665
1393,15,5.19
1393,20,6.07
1394,9,32.91
1394,10,12.57
1394,13,3.6833333333333336
1394,14,6.245
1394,15,9.74
1394,16,7.82
1394,17,19.03
1394,18,8.24
1394,19,3.45
1395,10,4.6
1395,13,4.0
1395,14,1.3
1395,15,1.9
1395,16,5.9
1396,8,14.54
1396,9,16.84
1396,11,19.88
1396,12,36.86
1396,15,25.94
1396,16,23.24
1396,17,22.793333333333333
1396,18,39.98
1396,19,12.195
1396,21,40.22
1397,7,2.48
1397,12,31.52
1397,14,7.75
1397,16,24.755
1398,8,10.31
1398,11,17.92
1398,12,5.94
1398,13,10.23
1398,15,12.15
1398,16,8.05
1398,17,18.9
1398,19,35.07
1398,21,13.09
1399,12,4.49
1400,12,2.6
1400,19,5.08
1401,10,26.34
1401,14,18.85
1401,15,22.47
1401,17,22.73
1402,17,6.5
1402,21,20.9
1403,16,21.64
1404,14,21.04
1405,10,17.88
1405,11,16.153333333333332
1405,12,7.84
1405,13,26.96
1405,14,17.386666666666667
1405,15,20.14
1405,16,9.38
1405,18,26.515
1405,19,21.77
1405,20,41.31
1405,21,17.89
1406,8,17.486666666666665
1406,9,16.89
1406,10,18.05
1406,11,20.45
1406,12,19.83
1406,13,20.29
1406,15,9.68
1406,18,15.57
1406,19,19.38
1406,21,3.48
1407,8,20.55
1407,12,24.7
1407,15,5.295
1407,16,20.3
1407,17,28.14
1407,21,22.98
1408,15,18.17
1408,17,22.51
1409,11,3.635
1409,16,9.36
1410,16,7.24
1410,22,22.64
1411,6,9.56
1411,13,29.96
1411,14,11.03
1411,16,6.7250000000000005
1411,17,0.02
1411,18,3.62
1411,19,13.4
1412,7,22.76
1412,8,38.76
1412,9,34.300000000000004
1412,13,20.26
1412,14,25.939999999999998
1412,15,17.34
1412,16,13.11
1412,17,28.8
1412,20,19.939999999999998
1413,18,0.10500000000000001
1414,10,24.64
1414,13,25.3
1414,14,14.99
1414,16,11.72
1414,17,24.820000000000004
1414,18,10.913333333333334
1415,11,0.01
1415,12,21.51
1415,13,23.235
1415,14,22.705
1416,9,33.79
1416,11,6.44
1416,14,10.26
1416,16,6.73
1417,6,24.4975
1417,8,21.16
1417,11,13.03
1417,13,36.125
1417,14,31.26
1417,16,44.9
1417,22,14.32
1418,9,7.9975
1418,10,9.32
1418,13,12.99
1418,14,4.28
1418,15,3.915
1418,18,2.6233333333333335
1418,19,24.23
1418,21,9.67
1419,6,14.546666666666667
1419,7,14.636000000000001
1419,8,6.64
1419,9,18.32
1419,10,8.3
1419,11,13.03
1419,12,7.595000000000001
1419,16,16.65
1419,17,8.816666666666668
1420,9,6.51
1420,12,18.47
1420,14,0.02
1420,16,6.17
1420,18,9.99
1421,11,34.97
1421,12,18.3375
1421,13,7.91
1421,17,30.173333333333336
1421,18,8.59
1422,15,13.44
1424,19,48.364999999999995
1424,20,41.575
1427,10,13.4
1427,11,7.8
1427,12,2.0
1427,14,13.6
1428,8,4.131818181818182
1428,9,5.279999999999999
1428,10,7.49
1428,12,7.765000000000001
1428,13,6.333809523809523
1428,14,5.234999999999999
1428,15,6.02
1428,18,12.765
1428,19,14.52
1429,6,5.64
1429,8,0.28
1429,9,11.3
1430,8,12.469999999999999
1430,9,8.950000000000001
1430,11,8.673333333333334
1430,16,2.2
1431,9,18.68
1431,11,2.95
1431,12,3.445
1431,13,2.54
1431,14,8.86
1431,15,10.395
1431,19,4.33
1432,9,19.505000000000003
1432,10,11.442
1432,11,5.891666666666667
1432,12,1.49
1432,13,7.340000000000001
1432,14,6.246666666666666
1432,15,11.273333333333333
1432,16,15.89
1432,18,14.41
1432,21,14.04
1433,9,19.435
1433,10,18.5225
1433,11,8.4
1433,12,17.189999999999998
1433,13,9.325
1433,14,9.403333333333334
1433,15,11.955
1433,16,9.24625
1433,17,15.311428571428573
1433,18,4.02
1433,19,12.56
1434,9,49.02
1434,10,15.45
1434,12,9.82
1434,15,7.28
1435,7,22.63
1435,16,36.13
1435,17,12.3
1436,8,11.39
1436,12,39.2
1436,14,14.17
1436,16,57.71
1436,19,6.03
1444,5,48.73
1444,7,38.21
1444,8,42.46666666666667
1444,9,35.095
1444,11,45.03
1444,14,46.43
1444,15,51.455
1444,16,33.739999999999995
1444,18,31.87
1444,20,32.47
1444,21,47.59166666666667
1444,22,25.595
1444,23,41.96
1446,10,2.9
1446,13,8.4
1446,14,3.5
1446,16,3.1666666666666665
1446,17,8.3
1446,20,21.95
1446,21,26.3
1446,23,22.7
1447,11,13.17
1447,12,14.195
1447,14,21.92
1447,17,11.834999999999999
1447,18,21.08
1448,11,9.47
1448,12,7.08
1448,13,9.92
1448,14,14.08
1448,15,16.54
1448,16,13.879999999999999
1449,8,32.01
1449,9,11.68
1449,11,38.37
1449,12,10.34
1449,13,23.29
1449,17,21.78
1450,8,3.84
1450,10,3.64
1450,11,17.4
1450,12,14.43
1450,13,13.86
1450,14,2.68
1450,15,12.64
1450,16,14.12
1450,17,7.8
1451,0,21.27
1451,10,12.97
1451,11,11.745000000000001
1451,13,23.810000000000002
1451,20,17.9
1451,21,26.6
1452,12,16.36
1452,13,10.87
1453,5,21.4
1453,8,42.9
1453,9,23.5
1453,12,3.0
1453,13,1.8
1453,14,1.1
1453,15,2.8
1454,9,20.03
1454,10,10.335
1454,11,20.2
1454,12,18.76
1454,13,8.04
1454,14,12.07
1454,15,24.22
1454,17,24.03
1455,6,19.18
1456,7,8.6
1456,10,11.18
1456,15,12.36
1456,21,12.77
1457,13,5.84
1457,15,10.443333333333333
1457,16,5.605
1457,17,10.979999999999999
1457,19,20.11
1457,20,6.11
1457,22,6.99
1458,4,12.0
1458,6,8.9
1458,7,9.0
1458,8,10.0
1458,9,9.414285714285715
1458,10,14.05
1458,11,7.0
1458,12,7.05
1458,13,9.75
1458,14,7.2
1458,15,3.9
1458,17,11.6
1458,19,9.48
1458,20,8.25
1459,6,4.033333333333334
1459,8,7.7
1459,10,8.45
1459,11,4.766666666666667
1459,12,1.7
1459,14,1.1
1459,15,9.5
1459,16,5.733333333333333
1459,17,9.625
1459,19,9.8
1459,20,5.375
1460,5,3.9
1460,6,5.25
1460,8,7.15
1460,9,10.433333333333334
1460,11,4.4
1460,12,3.95
1460,13,8.600000000000001
1460,14,4.4
1460,15,12.5
1460,19,10.4
1460,20,2.8
1460,22,30.7
1461,7,9.0
1461,8,14.45
1461,9,16.483333333333334
1461,10,13.95
1461,12,10.45
1461,13,6.9
1461,15,10.8
1461,16,4.0
1461,17,2.95
1462,9,14.085
1462,10,15.42
1462,11,22.01
1462,12,22.67
1462,13,7.53
1462,14,18.01
1462,15,30.34
1462,16,34.25
1462,18,29.67
1462,19,32.16
1462,22,24.32
1463,14,19.31
1463,18,19.46
1464,9,6.39
1464,10,9.66
1464,11,3.5149999999999997
1464,15,9.62
1464,19,8.15
1464,20,19.83
1466,9,18.5
1466,11,19.58
1466,14,20.47
1466,15,3.83
1466,17,13.843333333333334
1466,21,0.05
1467,8,16.23
1467,9,18.740000000000002
1467,11,12.15
1467,12,5.11
1467,13,16.46
1467,15,5.92
1467,16,8.205
1467,18,18.73
1467,20,26.75
1468,11,21.54
1468,12,2.22
1468,13,9.95
1468,14,13.0
1468,16,9.1
1468,17,14.120000000000001
1469,11,18.87
1469,13,1.85
1469,14,39.42
1469,16,8.55
1469,17,23.275
1469,20,21.25
1469,23,29.0
1470,8,37.25
1470,11,11.1
1470,12,5.2
1470,15,1.7000000000000002
1470,16,5.65
1471,8,29.599999999999998
1471,17,6.2
1472,7,13.47
1472,9,10.76
1472,10,12.99
1472,11,8.004999999999999
1472,12,23.77
1472,13,6.3975
1472,14,7.8
1472,17,16.39
1472,19,22.08
1473,10,7.1
1473,17,4.9
1474,13,25.57
1474,14,13.165
1474,18,10.24
1475,12,35.97
1477,10,50.31
1477,15,33.26
1477,18,6.62
1477,19,46.61
1478,9,4.88
1478,11,9.43
1478,13,10.17
1478,14,13.53
1478,15,13.2
1478,17,16.49
1478,18,15.145
1478,19,11.23
1479,7,21.47
1480,0,14.91
1480,11,19.8
1480,12,18.83
1480,15,18.81
1481,9,6.74
1481,19,10.13
1482,12,8.32
1482,13,15.12
1483,9,23.4
1483,13,10.9
1483,15,5.1
1484,12,9.1
1484,14,14.9
1484,16,7.35
1485,17,5.68
1486,6,19.81
1486,9,9.35
1486,10,37.2
1486,12,55.86
1486,13,56.09
1486,15,35.95
1487,12,8.11
1488,0,21.4
1488,8,6.785
1488,9,21.634999999999998
1488,10,14.637142857142857
1488,11,13.32
1488,12,14.004
1488,13,22.05333333333333
1488,14,21.62666666666667
1488,15,22.418
1488,16,16.369999999999997
1488,19,0.08
1488,20,16.066666666666666
1488,22,26.18
1489,9,6.84
1489,12,22.85
1489,13,23.263333333333335
1489,14,22.116
1489,15,16.73
1489,16,15.219999999999999
1489,17,15.098000000000003
1489,18,12.026666666666666
1489,19,5.53
1489,20,17.81
1490,5,14.59
1490,6,18.598000000000003
1490,7,17.0928
1490,8,17.903333333333332
1490,9,8.73
1490,10,21.459999999999997
1490,11,21.32
1490,12,16.195
1490,13,12.21
1490,14,13.800000000000002
1490,15,8.856
1490,16,8.438571428571429
1490,17,7.502222222222222
1490,18,15.254
1490,19,11.82
1490,20,7.9399999999999995
1490,21,13.463333333333333
1491,14,37.52
1491,15,8.91
1491,16,17.9
1491,17,13.04
1495,16,19.8
1495,17,23.786666666666665
1495,20,20.58
1496,10,23.08
1496,14,14.39
1496,23,9.44
1497,13,4.05
1497,14,3.31
1497,15,7.71
1497,16,25.29
1497,17,24.165
1497,20,20.98
1497,22,10.91
1497,23,15.51
1498,11,9.5
1498,18,8.31
1499,2,59.46
1499,14,9.06
1500,11,2.79
1500,15,4.09
1500,17,22.854999999999997
1501,20,23.25
1502,7,16.786666666666665
1502,13,0.01
1502,15,4.22
1502,19,3.23
1502,20,5.89
1503,9,14.08
1503,10,9.64
1503,11,23.37
1503,12,27.23
1503,14,3.37
1503,15,12.39
1503,16,32.43
1503,17,23.6725
1503,19,27.25
1503,20,0.46
1504,9,17.58
1504,11,20.11
1504,12,19.5
1504,13,24.44
1504,16,10.45
1504,17,23.13
1504,18,21.126666666666665
1504,19,11.715
1505,14,17.31
1506,9,22.95
1506,10,30.416666666666668
1506,11,33.517500000000005
1506,12,13.66
1506,13,36.32
1506,14,30.05333333333333
1506,15,14.59
1506,18,36.465
1506,22,47.34
1507,20,17.2
1507,21,12.428333333333333
1507,22,4.04
1510,12,3.27
1511,5,4.04
1511,6,3.47
1511,8,8.33
1511,9,10.576666666666666
1511,10,11.216666666666667
1511,12,8.125
1511,15,11.24
1511,19,11.4
1511,20,10.58
1511,21,10.5075
1511,22,11.142857142857142
1511,23,11.4
1512,6,10.128
1512,9,12.44
1512,12,6.53
1512,14,4.81
1512,17,10.7
1512,18,11.11
1512,19,8.22
1513,11,54.010000000000005
1513,12,12.72
1513,14,15.29
1513,17,20.73
1514,15,17.76
1515,9,25.56
1515,12,10.03
1516,9,5.01
1516,11,3.12
1516,12,5.69
1516,13,19.28
1516,14,4.976666666666667
1517,7,18.78
1517,11,18.5
1517,12,2.66
1517,14,0.85
1517,15,11.66
1517,16,24.16
1517,17,14.56
1517,19,18.173333333333332
1521,12,16.25
1521,13,13.16
1521,14,22.365000000000002
1521,16,18.96
1521,17,21.975
1521,19,22.885
1521,21,5.37
1523,12,66.36
1523,13,12.14
1523,15,15.96
1523,16,5.42
1524,14,16.735
1524,15,1.78
1524,17,16.83
1524,21,16.06
1525,11,23.939999999999998
1525,12,7.01
1525,14,6.61
1525,20,11.3
1525,22,10.31
1526,8,9.94
1526,10,16.29
1532,7,17.59
1532,10,4.45
1532,14,14.33
1532,15,8.943333333333333
1533,9,20.73
1533,12,28.8
1533,16,11.95
1536,8,11.57
1536,9,12.218
1536,10,9.3825
1536,11,14.299999999999999
1536,12,6.051666666666667
1536,13,16.830000000000002
1536,14,8.805
1536,15,7.4125
1536,16,7.972727272727272
1536,17,17.330000000000002
1536,18,16.845999999999997
1536,19,32.61
1536,20,26.8
1536,21,26.31
1538,11,20.69
1538,16,46.64333333333334
1538,17,42.142
1538,18,52.214
1538,19,48.27
1538,20,49.88833333333333
1538,21,43.20666666666667
1538,23,57.17
1539,10,1.7149999999999999
1540,10,4.46
1540,11,33.51
1540,20,4.85
1540,21,44.53
1540,23,55.745
1541,13,26.7
1541,14,35.41
1541,19,0.01
1545,18,7.595000000000001
1545,19,5.640000000000001
1546,17,5.88
1546,19,8.575
1546,20,5.09
1547,2,4.57
1547,17,16.439999999999998
1547,18,9.93
1547,20,11.43
1547,21,7.869999999999999
1548,10,5.25
1548,11,8.12
1548,12,7.8549999999999995
1548,13,7.405
1548,14,11.51
1548,15,3.56
1548,16,4.4
1548,17,7.555
1548,18,11.98
1548,20,12.26
1548,22,5.31
1549,10,11.51
1549,13,10.346666666666666
1550,18,10.93
1550,22,7.98
1551,15,5.88
1551,16,39.72
1551,17,56.76
1551,19,8.96
1553,7,7.688
1553,9,12.49
1553,10,15.04
1553,12,20.369999999999997
1553,16,4.94
1553,17,44.01
1553,18,11.44
1553,20,8.63
1553,21,7.7
1555,7,18.96
1555,12,16.395
1555,13,28.88
1555,17,20.82
1555,19,18.29
1556,6,8.34
1556,11,24.19
1556,12,13.7
1556,13,21.095
1556,14,24.375
1556,15,20.335
1556,17,21.59
1556,18,23.295
1557,9,36.21
1557,10,18.505
1557,11,50.43
1557,15,6.16
1560,11,11.09
1560,13,3.55
1560,18,11.13
1560,19,3.72
1561,10,25.040000000000003
1561,13,56.21
1561,16,16.064999999999998
1563,9,3.69
1563,11,3.85
1563,12,10.06
1563,13,15.06
1563,14,6.86
1563,15,13.65
1563,17,8.04
1563,18,7.5
1566,17,28.29
1568,13,44.7
1568,16,46.6
1568,18,38.45
1568,23,22.5
1570,9,4.51
1570,10,7.82
1570,11,10.543333333333335
1570,12,11.48
1570,13,12.11
1570,14,16.37
1570,15,12.635000000000002
1570,16,7.87
1570,17,9.415
1570,18,16.88
1572,7,35.62294117647059
1573,6,13.47
1573,7,19.86777777777778
1573,10,23.69
1573,14,26.57
1573,16,19.63
1573,17,14.635
1573,18,20.59
1573,19,42.56
1573,20,10.86
1573,22,8.26
1574,18,26.37
1574,22,27.68
1575,9,28.84
1575,10,13.18
1575,18,24.744999999999997
1575,19,33.81
1576,2,20.06
1576,3,4.77
1576,8,21.83
1576,9,21.052500000000002
1576,10,23.21
1576,11,9.85
1576,13,11.87
1576,14,13.47
1576,15,7.29
1576,16,8.115
1577,6,31.67
1577,8,14.26
1577,11,6.14
1577,12,20.76
1577,13,17.47
1577,14,10.17
1577,15,9.93
1578,7,29.45
1578,8,14.01
1578,9,7.66
1578,10,7.960000000000001
1578,13,9.69
1578,14,11.405000000000001
1579,8,50.43666666666667
1579,9,29.013333333333332
1579,10,41.96
1580,8,47.59
1580,13,42.25
1580,16,18.52
1580,17,8.13
1581,11,24.15
1581,13,22.4
1581,17,41.29
1582,11,18.21
1582,13,23.53
1582,22,30.8
1583,10,7.16
1584,14,3.99
1584,17,26.205
1585,12,11.86
1585,15,6.61
1585,16,7.5
1585,19,9.32
1585,20,17.15
1586,16,13.38
1587,8,21.34
1587,14,30.71
1587,18,20.15
1587,22,12.66
1588,9,2.8
1588,17,29.8
1589,18,3.57
1589,19,8.47
1589,20,9.21
1590,17,6.92
1590,19,9.68
1591,11,5.996666666666667
1591,12,4.7299999999999995
1591,13,1.33
1591,16,2.76
1591,19,7.273333333333333
1591,21,3.75
1592,11,1.1
1593,10,32.805
1593,14,18.26
1593,16,38.68
1593,17,21.41
1593,19,56.25
1593,20,39.28
1593,22,34.0
1594,11,25.5
1595,17,23.52
1597,11,10.66
1598,9,7.61
1598,10,11.32
1598,12,14.62
1598,15,3.215
1598,16,9.405
1598,17,3.705
1598,19,13.64
1599,14,21.59
1601,12,49.24
1602,9,24.89
1602,10,20.87
1602,11,34.59
1602,14,11.64
1602,19,13.64
1602,20,0.03
1603,8,11.57
1603,11,11.47
1603,12,11.5
1603,14,32.385
1603,20,55.91
1604,9,0.5
1604,10,14.3
1604,12,16.8
1604,13,23.55
1604,14,1.3
1604,15,2.9
1604,19,16.4
1604,20,16.4
1605,5,11.29
1605,8,11.59
1605,9,11.186
1606,4,11.59
1606,9,10.192499999999999
1608,9,10.38
1608,15,10.46
1609,19,11.69
1609,20,7.74
1609,21,47.27
1610,8,11.237777777777778
1610,9,10.593333333333334
1610,10,10.34
1610,11,11.39
1610,15,9.7
1611,3,11.47
1611,4,11.53
1611,6,8.844999999999999
1611,8,9.358571428571429
1611,9,11.23375
1611,10,12.13
1611,11,11.74
1611,12,12.14
1611,13,9.996666666666668
1611,17,5.7
1611,18,11.12
1611,19,9.254999999999999
1612,8,11.55
1612,9,10.52
1613,7,17.95
1613,11,23.14
1613,12,21.9
1613,13,16.93
1613,17,7.625
1615,8,26.92
1615,9,28.98
1615,10,13.215
1615,11,13.73
1615,12,18.0475
1615,13,19.695
1615,14,16.705
1615,16,22.106666666666666
1615,17,9.239999999999998
1616,7,23.48
1616,10,30.35
1616,11,23.875
1616,12,25.426666666666666
1616,13,19.080000000000002
1616,15,30.28
1616,21,31.83
1617,6,26.58
1617,12,10.77
1617,14,16.58
1617,15,17.246666666666666
1617,17,18.61
1617,18,24.14
1617,22,27.86
1617,23,2.85
1620,6,21.900000000000002
1620,7,15.674166666666666
1620,15,13.08
1620,16,12.15
1621,9,22.85
1621,13,13.15
1623,20,12.72
1624,20,33.5
1625,22,5.66
1626,14,19.54
1626,16,6.13
1629,8,7.87
1629,9,15.24
1629,14,27.1
1629,15,36.74
1631,9,11.78
1631,11,7.3999999999999995
1631,13,11.22
1631,14,5.38
1631,15,4.58
1631,16,1.68
1631,17,3.125
1633,7,27.1
1633,17,9.2
1633,18,6.3
1633,23,12.1
1634,0,41.9
1634,11,0.55
1634,15,1.6
1634,17,51.3
1634,18,33.7
1634,21,55.6
1634,22,12.4
1635,0,14.4
1635,7,2.62
1635,17,8.61
1636,14,2.63
1637,6,1.38
1637,17,0.51
1638,7,24.75
1638,9,31.1
1638,12,34.89
1638,16,13.26
1638,18,12.27
1638,19,12.36
1639,9,4.01
1639,10,10.870000000000001
1639,13,11.89
1639,16,11.995000000000001
1639,19,8.64
1639,21,26.955
1640,7,22.17
1640,9,5.99
1640,12,19.23
1640,18,5.74
1640,22,1.95
1641,7,5.78
1641,8,4.36
1641,9,32.44
1641,11,15.59
1641,12,19.165
1641,13,33.5475
1641,16,32.765
1641,17,34.53
1642,8,8.19
1642,11,18.195
1642,12,14.64
1642,13,13.12
1642,15,17.075000000000003
1642,16,29.23
1642,17,26.79
1642,18,9.11
1643,12,0.33
1643,14,20.014999999999997
1643,15,7.930000000000001
1643,16,16.82
1643,20,29.64
1644,8,9.76
1644,12,13.66
1644,13,4.65
1644,16,14.275
1645,9,18.1
1646,6,19.89
1646,9,13.01
1646,12,5.735
1646,13,12.66
1646,18,19.56
1646,19,13.933333333333332
1646,21,0.01
1646,23,16.49
1648,8,34.46666666666667
1649,9,8.4
1649,13,23.4
1650,8,29.3
1651,8,38.349999999999994
1652,7,9.08
1652,10,10.51
1652,12,3.89
1652,15,5.61
1652,20,10.12
1655,14,3.94
1655,16,6.72
1655,17,10.295
1655,19,9.725
1657,9,0.57
1657,11,0.03
1657,12,9.165
1657,17,7.92
1657,21,7.41
1659,7,22.64
1659,8,18.73
1659,9,19.009999999999998
1659,11,10.405000000000001
1659,12,12.07
1659,14,2.65
1659,16,4.23
1660,9,49.82
1660,12,42.76
1660,13,20.24
1660,18,15.08
1660,20,13.45
1660,21,15.64
1661,11,5.86
1661,12,7.6
1661,13,4.19
1661,16,8.02
1661,17,5.7
1662,12,5.27
1662,20,29.97
1662,23,8.68
1665,11,2.8
1665,14,4.1
1665,15,4.3
1665,18,2.2
1665,19,24.9
1665,21,22.9
1666,6,10.209999999999999
1666,15,4.14
1666,16,6.43
1666,17,9.78
1666,18,15.53
1666,21,15.71
1667,1,4.8
1667,11,4.04
1671,11,2.4
1672,16,11.82
1673,16,29.95
1673,17,5.35
1673,19,5.895
1674,9,18.28
1674,10,12.32
1674,11,9.030000000000001
1674,13,16.28
1674,16,14.197999999999999
1674,17,15.82
1677,16,4.06
1680,8,29.85
1680,10,9.85
1680,11,7.800000000000001
1680,12,10.333333333333334
1680,13,16.35
1680,14,24.923076923076923
1680,15,23.77
1680,16,26.571428571428573
1680,17,29.358333333333334
1680,18,31.96666666666667
1688,10,39.803333333333335
1688,12,24.32
1688,15,29.57
1688,17,65.99
1688,18,29.42
1689,9,24.69
1689,10,31.38
1689,11,4.74
1689,13,16.01
1689,14,26.865
1689,19,44.01
1689,20,61.08
1691,8,19.14
1691,9,6.72
1691,10,11.569999999999999
1691,11,10.026250000000001
1691,12,26.25
1691,13,14.52
1691,19,16.76
1692,16,33.94
1692,17,32.08
1693,20,0.01
1694,6,22.63
1694,17,14.892000000000001
1694,18,9.28
1694,20,0.013333333333333334
1694,21,27.36
1695,9,38.9
1695,14,30.32
1695,17,12.05
1695,19,4.71
1695,20,9.82
1697,8,11.385000000000002
1697,9,23.72
1697,10,27.66
1697,14,35.13
1697,19,13.566666666666668
1697,20,6.9399999999999995
1697,22,14.5
1698,8,28.36
1698,9,32.76
1698,10,29.24
1698,17,26.04
1698,18,5.4
1699,15,17.79
1699,18,1.12
1700,10,30.93
1700,18,57.01
1700,19,26.14
1700,20,10.77
1701,11,12.1
1701,15,11.350000000000001
1701,16,11.6
1701,20,12.2
1701,22,12.5
1702,7,42.19
1702,8,32.22
1702,9,7.4
1703,10,17.96
1703,11,18.71
1703,13,12.445
1703,14,17.08
1703,16,18.47
1705,12,12.81
1706,19,33.13
1707,10,23.29
1707,11,52.33
1707,15,24.27
1707,16,43.35
1707,17,42.89
1708,13,28.8
1709,14,44.44
1709,18,8.74
1709,20,20.26
1709,21,53.33
1710,13,8.94
1710,15,16.31
1711,16,1.62
1712,7,13.36
1712,8,16.01
1712,9,12.581666666666669
1712,10,26.525
1712,11,19.68
1712,14,8.66
1712,16,21.28
1712,17,23.05
1712,18,23.830000000000002
1713,21,18.47
1714,18,9.54
1715,7,33.8
1715,11,15.53
1715,12,12.64
1716,9,0.4
1716,16,65.0
1716,18,60.2
1717,10,24.42
1717,17,30.85
1717,21,9.21
1718,11,40.79
1719,14,24.6
1722,12,8.35
1722,14,0.91
1724,10,31.13
1724,11,21.09
1724,16,24.16
1725,14,28.53
1726,10,28.22
1726,16,10.45
1726,17,10.82
1726,19,10.45
1727,9,5.625
1727,10,2.26
1727,11,4.13
1727,13,20.21
1727,14,13.62
1727,16,10.485
1727,19,11.85
1728,13,45.44
1728,17,14.86
1728,21,35.54
1729,9,31.88
1729,10,17.68
1729,12,31.86
1729,13,30.71
1730,9,6.065
1730,10,21.2
1730,11,33.55
1730,12,20.45
1730,13,32.625
1730,15,8.95
1730,16,52.25
1730,18,0.13
1731,9,23.5
1731,12,13.95
1731,14,7.6
1731,20,14.3
1731,21,16.3
1732,7,8.9
1732,8,8.5
1732,9,3.1
1732,10,6.3
1732,12,9.55
1732,13,26.1
1732,14,3.0
1732,18,12.1
1733,4,29.82
1733,6,22.91
1733,7,27.04
1733,9,1.54
1733,10,31.769999999999996
1733,11,21.843333333333334
1733,13,25.52
1733,14,13.875
1733,15,25.47
1733,16,25.066666666666666
1733,17,24.74
1733,19,54.1
1734,10,27.95
1734,14,27.4
1735,11,42.29
1735,12,47.38
1735,14,54.72
1736,11,40.08
1736,14,45.6
1736,17,44.13
1737,11,9.35
1737,12,20.53
1737,14,23.07
1737,18,21.509999999999998
1738,8,63.4
1739,8,1.66
1739,11,25.51
1739,12,59.81
1739,15,30.43
1739,16,3.91
1739,17,40.35
1739,19,54.53
1739,22,47.53
1740,8,35.17
1740,9,24.974999999999998
1740,10,22.6
1740,16,34.54
1740,17,10.9
1741,8,31.05
1741,11,13.93
1741,13,13.19
1741,15,19.599999999999998
1741,20,8.35
1742,7,36.08
1743,10,21.63
1744,14,4.79
1744,17,23.48
1744,19,23.990000000000002
1745,12,30.11
1745,19,16.66
1746,14,20.34
1746,15,16.55
1746,16,19.705
1746,20,6.66
1747,16,6.17
1747,18,4.41
1748,8,20.509999999999998
1748,9,16.131212121212123
1748,10,13.636000000000001
1748,12,12.590000000000002
1748,13,8.44
1748,14,39.71666666666666
1748,15,13.22
1748,17,35.445
1748,18,47.489999999999995
1748,19,46.36928571428571
1748,20,44.60833333333333
1748,22,40.035
1749,8,54.35
1749,11,38.83
1749,12,48.60833333333333
1749,14,28.82
1749,15,59.48
1749,18,18.6
1749,20,34.58
1750,11,6.16
1751,13,18.63
1752,10,40.57
1752,12,26.6475
1752,16,31.17
1753,10,10.97
1753,21,46.2
1753,23,49.7
1754,7,4.855
1754,9,17.349090909090908
1754,10,13.2
1754,11,22.22
1754,17,42.781666666666666
1754,18,39.53333333333334
1754,19,38.31333333333333
1754,20,44.6575
1755,20,9.02
1757,11,23.17
1757,13,0.01
1757,19,19.3
1759,12,13.469999999999999
1759,14,18.395
1759,18,17.145000000000003
1759,19,16.46
1759,20,22.15
1759,22,41.45
1760,19,24.65
1762,10,6.65
1762,11,18.07
1762,14,13.454000000000002
1762,15,19.21
1762,17,10.79
1763,8,15.75
1763,13,26.97
1763,14,10.465
1763,15,26.765
1763,16,22.77
1763,18,20.964
1763,19,29.88
1763,20,26.26
1763,21,25.15
1764,15,4.8
1764,16,7.82
1764,17,6.92
1764,23,7.744999999999999
1765,6,12.5
1765,7,28.55
1765,17,34.7
1766,4,21.7
1766,6,9.0
1766,7,38.34285714285714
1766,8,25.4
1766,11,37.5
1766,17,31.425
1766,19,33.0
1767,0,3.65
1767,14,15.745000000000001
1767,20,23.9
1768,7,8.315
1768,16,13.49
1768,17,4.369999999999999
1768,21,15.66
1773,0,29.325000000000003
1773,14,17.84
1773,15,21.470000000000002
1773,21,19.6
1773,23,11.86
1780,9,44.54
1780,12,17.15
1780,17,18.36
1782,11,10.48
1782,17,23.9
1782,20,24.02333333333333
1782,22,23.75
1783,7,17.58
1783,11,7.94
1783,15,20.23
1783,19,23.72
1784,9,15.170000000000002
1784,10,19.5
1784,11,3.02
1784,12,19.91
1784,13,22.93
1784,14,20.78
1784,15,2.425
1784,16,22.424999999999997
1784,17,14.4225
1784,18,10.887692307692307
1784,19,11.805
1784,20,11.7
1784,21,19.52
1784,22,20.65
1784,23,9.870000000000001
1785,1,7.55
1785,10,7.19
1785,13,9.25
1785,14,9.99
1785,15,16.380000000000003
1785,16,5.6049999999999995
1785,17,15.0975
1785,18,15.402307692307694
1785,19,12.322857142857144
1785,20,15.552307692307693
1785,21,13.39
1785,22,7.0
1786,15,12.05
1786,16,24.24
1786,18,11.75
1786,19,21.71
1787,0,16.12
1787,8,19.58
1787,9,6.285
1787,10,7.321111111111112
1787,11,3.81
1787,12,5.215
1787,13,11.376000000000001
1787,14,11.907499999999999
1787,15,24.015
1787,16,15.187777777777777
1787,17,16.566666666666666
1787,18,10.24
1787,19,15.901250000000001
1787,20,12.45142857142857
1787,21,8.32
1787,22,11.93
1788,15,24.34
1788,17,23.61
1788,20,24.06
1789,18,11.09
1789,20,23.2875
1789,21,17.805
1790,9,13.885
1790,10,15.205
1790,11,20.56
1790,13,6.78
1790,17,14.29
1791,17,21.744999999999997
1791,19,33.45
1793,16,10.46
1794,10,4.14
1797,10,5.74
1797,13,9.81
1797,14,4.4399999999999995
1797,15,10.26
1800,11,41.35
1800,13,50.16
1800,17,0.01
1801,12,27.47
1801,13,27.22
1801,16,19.77
1803,13,14.49
1803,16,7.255
1804,0,12.0
1804,7,5.05
1804,8,12.1
1804,9,5.85
1804,11,6.9
1804,13,4.5
1804,17,6.0
1804,18,13.766666666666666
1804,19,36.9
1804,21,10.333333333333334
1804,22,15.446153846153846
1804,23,12.35
1805,8,0.03
1805,10,21.02
1811,7,23.963333333333335
1811,8,15.08
1811,9,21.04
1811,11,14.67
1811,13,11.84
1811,14,14.8575
1811,15,16.755
1811,16,9.425
1811,17,15.621666666666668
1811,18,13.272
1811,21,17.26
1812,11,7.4
1812,14,1.08
1812,16,10.33
1812,20,10.04
1813,11,15.56
1813,13,16.89
1813,14,16.34
1813,15,9.610000000000001
1813,16,8.92
1813,17,12.291764705882354
1813,18,11.511111111111111
1813,19,11.265
1814,1,68.97
1814,11,8.92
1814,13,65.79
1814,15,42.525
1814,16,57.43
1814,18,34.905
1814,21,76.48
1814,22,27.82
1814,23,61.1
1815,13,2.1
1816,15,11.81
1816,18,67.79
1817,10,1.77
1817,11,37.35
1817,13,43.45
1817,21,25.53
1818,0,10.0
1818,8,6.7
1818,12,11.466666666666667
1818,13,9.625
1818,14,10.6
1818,15,11.6
1818,16,4.8
1818,17,12.1
1818,18,6.800000000000001
1818,20,9.05
1818,21,10.1
1818,22,10.633333333333335
1819,7,0.2
1819,9,15.4
1819,10,3.5
1819,12,3.6
1819,18,6.9
1819,21,4.0
1820,9,7.3
1821,12,1.6
1821,15,3.0
1821,16,1.7
1822,11,42.77
1822,18,4.15
1823,6,3.0
1823,9,4.9
1823,13,5.7
1823,18,1.8
1824,12,14.68
1824,17,10.97
1824,20,18.38
1825,6,34.14
1825,7,11.96
1825,8,11.55
1825,10,32.58
1825,12,28.33
1825,18,9.45
1827,10,26.423333333333336
1827,11,35.07
1827,12,39.724999999999994
1827,14,18.044
1827,15,16.19
1827,16,11.65
1827,18,28.14
1828,10,6.9
1828,13,2.3
1828,14,4.596666666666667
1828,16,10.4
1829,16,4.515000000000001
1829,20,8.77
1829,21,8.87
1830,8,14.945
1830,10,16.16
1830,11,23.495
1830,12,24.46
1830,17,4.72
1831,9,7.29
1831,13,0.25
1831,14,2.71
1831,17,1.59
1833,7,0.41
1833,12,8.7
1833,16,18.635
1833,17,40.91
1834,12,12.455
1834,13,13.92
1834,15,35.77
1834,16,16.619999999999997
1834,17,29.26
1834,18,28.68
1834,19,53.68
1835,13,11.06
1836,14,51.31
1837,6,3.91
1837,7,53.81
1837,17,0.17
1838,18,17.1
1839,14,25.345
1840,16,27.3
1844,15,36.4
1844,18,31.15
1845,19,37.64
1846,6,31.6
1846,10,11.89
1846,12,10.16
1847,11,0.5
1847,14,4.0
1848,8,3.43
1848,9,31.06
1848,11,9.43
1848,12,31.91
1848,14,14.635
1848,17,30.84
1848,18,20.17
1848,19,18.645
1849,5,39.36
1849,12,8.02
1849,13,20.07
1849,14,12.95
1849,17,21.62
1851,8,6.8500000000000005
1851,10,11.132857142857144
1851,11,7.41
1851,15,3.16
1851,18,1.98
1851,19,6.7325
1852,8,17.55
1852,18,26.0
1852,19,30.2
1852,21,30.3
1852,22,28.799999999999997
1852,23,24.0
1853,7,9.7
1853,8,16.8
1853,10,8.799999999999999
1853,12,19.1
1853,17,11.4
1853,18,24.2
1853,21,20.46666666666667
1853,22,29.8
1854,12,8.39
1854,13,24.42
1854,15,26.12
1854,16,22.205
1854,18,19.71
1854,19,1.52
1855,15,11.19
1857,9,17.55
1857,10,10.33
1857,11,15.16
1859,6,35.55
1859,8,13.68
1859,9,2.96
1859,13,10.21
1859,14,26.65
1859,17,27.83
1860,6,40.18
1860,8,51.67
1860,12,51.58
1860,18,43.760000000000005
1860,19,49.6
1861,15,5.154999999999999
1862,11,4.9
1862,13,8.2
1862,14,7.7
1862,20,39.8
1862,21,1.1
1865,19,65.1
1866,9,2.43
1866,15,6.86
1866,19,2.55
1867,17,4.94
1868,16,25.92
1871,8,10.9
1871,18,4.3
1871,20,25.0
1873,9,7.13
1873,12,0.595
1873,13,3.59
1873,15,3.07
1873,16,8.26
1873,19,13.95
1876,12,13.17
1876,18,47.34
1876,19,44.1
1876,21,46.22875
1876,23,54.43
1877,11,1.0
1877,16,12.1
1878,14,31.45
1879,15,25.41
1879,17,18.23
1879,20,3.14
1880,20,8.68
1881,17,24.105
1882,9,11.719999999999999
1882,10,8.59
1882,12,8.48
1882,13,10.295
1882,14,10.565
1882,15,5.119999999999999
1882,17,4.45
1882,18,6.21
1883,9,4.77
1883,16,1.33
1883,17,15.165
1884,14,34.55
1885,14,8.95
1886,16,40.61
1889,8,11.53
1889,9,19.72
1889,13,10.27
1891,10,0.365
1891,11,0.475
1891,12,0.43
1891,13,2.3866666666666667
1891,14,1.26
1891,15,1.29
1891,16,1.0299999999999998
1891,17,0.37
1891,18,1.01
1891,20,4.75
1891,22,1.56
1892,11,1.82
1892,15,12.203333333333333
1892,16,3.38
1892,17,4.13
1892,18,6.835
1893,16,12.6
1893,20,24.19
1897,11,20.625
1897,12,22.85
1897,16,9.52
1897,22,6.2
1898,6,38.97
1898,7,10.975
1898,15,21.58
1898,18,42.36
1901,18,6.67
1902,14,5.34
1902,17,2.42
1903,17,0.1
1904,10,5.24
1904,11,10.62
1904,13,6.04
1904,14,4.15
1905,10,26.4
1905,13,7.8
1905,19,2.6
1906,16,7.36
1906,19,10.82
1906,22,10.79
1911,12,31.8
1911,13,20.240000000000002
1911,15,29.96
1911,16,12.87
1911,20,5.54
1912,7,25.222500000000004
1912,8,20.05
1912,9,23.03
1912,10,19.02
1912,12,28.9
1912,14,24.35
1912,15,12.17
1912,16,19.151999999999997
1912,17,21.86
1912,18,18.895
1912,19,22.64
1912,22,16.29
1913,14,17.78
1913,15,14.465
1913,16,18.96
1914,20,20.57
1915,11,16.54
1915,15,22.425
1915,17,13.03
1916,17,1.07
1917,15,20.2
1917,17,0.065
1918,12,0.6766666666666666
1919,0,11.63
1919,6,7.97
1919,7,17.775
1919,8,15.549999999999999
1919,9,14.605
1919,10,17.64875
1919,11,18.968
1919,12,16.361875
1919,13,15.085714285714287
1919,14,9.995000000000001
1919,15,15.34666666666667
1919,16,15.374
1919,17,16.28
1919,18,16.5125
1919,19,23.02
1919,20,12.61
1919,21,17.53
1919,22,22.4
1920,8,15.66
1920,9,57.39
1920,10,20.14
1920,11,8.37
1920,15,34.01
1920,16,5.86
1920,17,18.4
1920,18,11.3
1920,20,10.1
1921,18,8.01
1922,11,59.4925
1922,12,48.75
1922,13,53.285
1922,14,39.925
1922,15,64.32
1922,17,10.55
1923,0,32.495
1923,12,3.41
1923,14,43.59
1923,15,36.54
1923,17,69.27
1923,19,39.96
1923,22,0.08
1924,17,39.19
1925,18,36.325
1925,22,41.59
1926,0,56.72
1926,17,11.94
1926,19,63.255
1926,20,67.83
1926,21,58.5375
1926,22,44.330000000000005
1926,23,54.20666666666667
1928,6,24.24
1928,14,31.32
1929,1,58.77
1929,18,49.88
1929,20,62.3
1929,21,48.63333333333333
1929,22,60.39
1930,8,6.92
1930,14,9.03
1930,15,6.73
1930,16,38.74
1931,11,17.475
1931,12,23.3
1931,13,15.48
1931,14,16.25
1931,15,1.42
1931,16,24.32
1931,18,25.53
1932,11,43.22
1932,12,13.51
1933,9,1.6
1933,18,4.4
1934,8,13.9
1934,10,3.9
1934,17,9.533333333333333
1934,22,22.9
1935,10,30.96
1935,13,20.4
1936,9,14.67
1936,11,11.25
1936,14,9.58
1937,9,13.14
1937,15,0.53
1937,16,1.3133333333333332
1938,9,7.91
1939,10,6.06
1944,8,24.2
1944,15,4.633333333333334
1945,17,7.71
1945,18,5.42
1947,13,10.25
1947,20,1.21
1948,14,8.72
1948,16,16.89
1950,6,6.9
1950,7,10.15
1950,13,9.8
1950,15,3.2
1950,16,6.3
1950,17,9.9
1950,19,9.5
1950,20,8.25
1950,21,9.1
1950,22,9.6
1951,9,7.35
1951,12,14.204999999999998
1952,8,10.25
1952,11,5.0
1953,8,9.4
1953,10,8.7
1953,11,9.8
1953,13,7.7
1954,7,36.71
1954,8,29.900000000000002
1954,10,34.78
1954,11,28.61
1954,12,19.4
1954,15,28.74
1954,16,1.49
1954,21,19.66
1955,9,47.35
1958,11,7.26
1958,13,7.57
1958,15,7.53
1962,10,6.3
1963,12,6.02
1963,18,23.89
1964,10,0.01
1964,11,7.89
1964,14,9.81
1966,16,14.85
1966,17,16.4
1966,19,18.69
1967,13,15.47
1967,15,20.12
1967,16,12.3
1967,17,16.57
1967,19,18.6
1968,13,12.35
1968,15,22.76
1968,16,13.643333333333333
1968,19,16.37
1969,10,4.14
1969,11,5.056666666666667
1969,15,11.37
1969,18,15.120000000000001
1969,20,11.39
1969,21,10.89
1970,6,29.005000000000003
1971,7,29.99
1971,8,30.05
1971,10,6.106
1971,11,30.560000000000002
1971,13,19.8
1971,14,30.29
1971,15,30.16
1971,16,30.395
1971,17,25.03
1971,18,31.02
1971,19,30.19
1971,21,23.69
1972,8,18.39
1972,9,1.73
1972,10,5.419999999999999
1972,11,17.323333333333334
1972,12,24.58
1972,13,10.676666666666668
1972,14,16.695
1972,15,9.54
1972,16,16.458000000000002
1972,17,19.175
1972,19,18.564545454545456
1972,20,22.51
1972,21,19.43
1972,22,20.0925
1973,8,28.92
1973,14,34.86
1973,15,4.24
1973,17,30.42
1975,9,10.39
1978,9,4.4
1978,10,9.1
1978,11,7.4
1978,12,19.3
1978,13,4.4
1978,14,5.85
1978,15,13.6
1979,13,30.92
1980,8,17.79
1980,13,21.49
1980,15,21.73
1981,8,14.24
1981,9,13.67
1981,10,12.015
1981,18,19.08
1982,8,7.4750000000000005
1982,9,7.25
1982,10,5.71
1982,11,11.08
1982,14,6.06
1982,17,8.5225
1983,11,10.37
1983,12,4.57
1983,14,6.1275
1983,15,7.91
1991,4,36.55
1991,6,10.96
1991,10,15.31
1991,12,3.98
1991,14,3.06
1991,16,5.44
1991,17,0.12
1991,19,65.69
1992,7,1.69
1992,10,8.41
1992,16,7.15
1992,17,3.51
1992,18,10.8
1992,23,9.44
1995,11,45.69
1997,14,6.54
1997,15,4.325
1998,13,16.77
1999,7,21.081666666666667
1999,8,20.031111111111112
1999,9,17.90222222222222
1999,10,27.285
1999,11,15.81
1999,13,27.97
1999,14,19.03
2000,8,21.3
2000,14,16.77
2002,11,17.12
2002,12,13.36
2002,13,19.43
2003,1,10.69
2003,9,31.47
2003,12,31.14
2006,20,0.025
2007,9,9.11
2007,14,13.82
2007,17,13.72
2007,18,14.22
2007,20,14.32
2008,6,3.26
2008,11,35.03
2008,13,13.69
2008,18,10.05
2008,19,9.99
2009,6,0.1
2010,6,22.54
2010,8,18.97
2011,9,19.76
2011,14,18.38
2011,16,22.64
2012,10,30.43
2012,14,34.15
2012,15,30.28
2013,10,25.17
2013,13,23.95
2013,19,11.62
2014,1,6.47
2014,13,25.55
2014,14,14.84
2015,9,24.0
2015,12,4.5
2015,13,25.8
2015,14,15.6
2015,15,20.166666666666668
2015,16,24.7
2015,17,19.15
2015,18,15.9
2016,14,7.85
2016,16,21.30666666666667
2016,17,14.94909090909091
2017,13,0.46
2018,6,9.8
2018,7,29.060000000000002
2018,9,34.7
2018,19,0.2
2019,11,50.51
2019,13,12.69
2019,14,24.475
2019,17,15.0
2019,21,27.08
2020,10,12.0
2020,11,15.54
2020,13,25.02
2020,16,10.1
2021,9,8.64
2021,11,9.62
2021,13,0.14
2022,12,29.18
2022,15,21.88
2022,21,14.64
2023,14,21.49
2023,16,13.82
2023,17,9.48
2023,22,36.91
2024,13,0.1
2024,14,10.399999999999999
2025,10,20.87
2027,12,0.9133333333333332
2029,12,4.3
2030,14,4.97
2031,13,4.83
2031,14,12.75
2031,16,35.6
2031,18,34.14
2031,22,16.01
2032,12,2.48
2032,14,2.34
2032,19,19.75
2033,13,8.9
2033,14,4.19
2033,15,5.9
2033,18,3.49
2034,9,2.1
2034,13,4.09
2035,14,1.48
2036,15,3.7
2037,15,3.3
2038,14,1.57
2039,11,2.73
2040,13,31.83
2040,22,61.88
2042,10,7.93
2042,12,3.08
2043,14,12.71
2043,15,0.1
2044,13,3.45
2044,19,0.3
2045,11,13.92
2045,12,21.44
2045,13,14.76
2045,15,13.8
2045,23,10.44
2046,5,19.4
2046,8,13.4
2046,9,15.1
2046,11,0.8
2046,13,4.5
2046,15,9.8
2046,16,16.575
2046,17,17.34
2046,18,11.8
2046,19,10.6
2046,20,15.3
2046,21,16.0125
2046,22,15.14
2048,7,11.15
2048,13,41.87
2048,19,20.01
2049,7,9.57
2049,13,9.29
2049,14,10.02
2050,14,20.89
2050,19,12.82
2051,9,13.67
2051,13,25.96
2051,14,14.54
2051,15,13.083333333333334
2052,17,7.7
2053,7,3.0
2055,12,34.95
2055,13,14.82
2056,18,8.21
2059,6,7.083333333333333
2059,7,8.129
2059,8,5.6433333333333335
2059,9,4.7459999999999996
2059,10,4.195
2059,11,2.77125
2059,13,3.74
2059,15,3.73
2060,5,2.945
2060,6,8.225714285714286
2060,7,8.6425
2060,8,7.805
2060,9,8.215
2060,10,2.76
2060,11,3.483333333333333
2060,13,3.98
2060,14,2.74
2061,11,6.66
2061,13,10.95
2062,13,2.24
2062,14,3.63
2062,15,4.42
2062,16,6.76
2063,8,11.48
2064,8,25.19
2064,12,6.44
2064,13,3.8125
2064,15,4.87
2064,16,2.035
2064,18,2.42
2064,19,3.27
2064,20,25.85
2066,8,13.704999999999998
2066,12,25.76
2066,18,35.74
2066,21,50.4
2066,22,30.205
2067,15,29.23
2068,6,21.23
2068,7,11.52
2068,8,9.966666666666667
2068,9,10.502500000000001
2068,10,22.3
2068,11,10.56
2068,12,13.4
2068,13,11.68344827586207
2068,14,10.865
2068,15,9.2925
2068,16,10.71
2068,17,23.196
2068,18,12.54
2068,19,24.858
2068,20,22.135714285714283
2068,21,30.5375
2068,22,24.259999999999998
2071,9,8.36
2072,14,31.26
2072,17,31.09
2073,10,2.07
2075,9,3.92
2075,21,15.8
2076,7,16.49
2076,9,20.3
2076,12,22.8
2076,13,19.1
2076,17,4.63
2076,18,24.26
2076,20,7.79
2077,8,24.72
2077,9,21.134999999999998
2077,14,17.04
2077,15,18.31
2077,17,25.48
2078,12,9.26
2078,14,11.49
2079,12,0.06
2079,15,9.075
2079,17,20.4
2083,7,9.11
2083,10,6.63
2083,11,9.07
2083,15,2.46
2083,18,10.89
2083,19,10.98
2084,8,2.94
2084,9,9.62
2084,11,11.45
2084,12,14.35
2084,13,3.1
2084,16,23.119999999999997
2084,17,38.25
2084,18,25.34
2085,21,43.84
2086,10,10.885
2086,11,25.75
2086,12,6.0
2086,15,10.954999999999998
2086,16,7.35
2086,17,21.950000000000003
2086,19,14.43
2086,20,13.85
2087,18,6.965
2087,20,3.78
2087,21,17.14
2095,0,20.19
2095,4,31.17
2095,8,27.94
2095,10,30.87
2095,12,30.68
2095,13,23.7175
2095,14,22.525
2095,17,27.481666666666666
2095,18,25.40142857142857
2095,19,20.67
2095,20,23.89
2095,21,10.25
2096,13,6.4
2096,16,11.7
2096,21,5.7
2099,13,10.69
2099,14,9.84
2100,15,9.25
2101,12,11.0
2101,14,4.3
2101,17,5.0
2106,12,6.09
2106,13,5.92
2106,18,9.31
2109,8,3.74
2109,12,3.65
2109,16,0.72
2110,14,9.96
2113,21,44.81
2114,8,11.53
2114,9,11.765
2114,10,10.19
2114,11,7.77
2114,12,14.8
2114,13,11.85
2114,14,9.57
2115,9,7.65
2115,11,17.675
2115,12,9.22
2115,14,13.1
2115,15,14.553333333333333
2115,16,10.51
2115,18,9.565000000000001
2115,19,4.973333333333334
2115,23,11.88
2116,15,24.91
2117,15,1.1
2117,21,31.31
2120,11,2.99
2120,12,9.94
2120,14,6.07
2120,19,0.41
2121,15,19.99
2121,16,8.2
2121,17,26.31
2121,18,12.11
2121,19,9.64
2126,6,5.199999999999999
2126,7,2.9
2126,11,1.9
2126,12,4.3
2126,13,2.9
2126,15,0.2
2126,19,9.3
2126,20,9.9
2129,2,10.3
2132,13,3.65
2132,18,9.71
2135,10,7.27
2135,12,5.045
2135,13,7.380000000000001
2135,14,3.9
2136,5,5.24
2136,6,7.95
2136,7,3.24
2136,8,5.53
2136,10,5.89
2136,12,5.23
2136,13,7.31
2136,14,2.6199999999999997
2136,16,2.84
2136,17,3.835
2136,18,5.565
2136,19,6.05
2137,7,12.32
2137,10,10.065000000000001
2137,12,4.22
2137,13,5.58
2137,16,12.32
2137,18,9.69
2139,13,11.82
2139,16,12.49
2140,18,9.86
2141,0,46.3
2141,14,40.8
2141,19,54.1
2141,20,65.5
2142,17,8.07
2143,20,12.06
2144,13,11.35
2144,20,6.45
2145,18,8.95
2146,15,11.46
2146,18,4.01
2147,8,11.6
2147,15,11.2
2148,8,10.96
2148,17,29.61
2148,18,15.96
2148,21,12.29
2149,10,15.94
2149,12,6.98
2150,2,24.68
2150,19,8.09
2150,21,27.535
2152,9,6.8
2152,11,8.3
2152,12,16.8
2152,13,7.550000000000001
2152,14,11.1
2152,15,8.5
2155,17,16.45
2156,11,3.0
2157,16,1.01
2158,11,4.2
2159,14,5.71
2160,17,25.9
2162,8,9.325
2162,9,10.33
2162,11,1.3900000000000001
2162,13,10.59
2162,16,26.5
2162,17,28.115714285714287
2162,19,10.25
2164,7,8.83
2164,8,14.73
2164,9,10.413333333333332
2164,10,10.753157894736843
2164,11,8.33
2164,13,14.05
2164,14,8.057500000000001
2164,15,12.07
2164,18,36.38
2165,11,1.03
2167,8,21.48
2167,12,26.96
2167,19,0.73
2169,15,6.95
2173,11,3.73
2173,12,22.48
2173,14,6.74
2173,15,10.72
2173,16,13.235
2181,8,11.65
2181,11,24.41
2183,15,8.24
2183,18,3.38
2186,16,0.4
2191,15,10.56
2191,18,49.36
2192,19,9.68
2192,20,5.59
2193,13,27.79
2193,16,40.24
2200,0,15.89
2200,4,5.69
2200,5,9.64
2200,6,17.69
2200,7,18.72
2200,9,23.23
2200,11,19.15
2200,12,23.61
2200,16,22.19
2200,17,23.48
2200,18,12.815000000000001
2200,20,18.6525
2200,21,15.415
2200,22,17.76
2200,23,19.395
2201,12,6.48
2202,21,10.49
2205,19,3.72
2205,20,5.285
2206,11,27.2
2206,13,17.4
2206,14,6.4
2206,16,17.35
2206,17,21.53333333333333
2206,18,3.4333333333333336
2206,19,26.4
2207,11,29.3
2207,12,40.2
2207,13,9.5
2207,14,8.3
2207,15,6.85
2207,21,29.2
2208,8,14.32
2208,14,14.620000000000001
2209,14,2.33
2209,15,2.58
2209,17,4.93
2209,18,8.66
2210,11,14.93
2218,15,0.74
2218,16,8.37
2218,18,1.56
2218,19,2.31
2218,21,5.04
2223,10,8.36
2223,14,46.61
2224,11,8.26
2228,8,15.78
2228,9,31.67
2228,11,18.9325
2228,14,16.575
2228,15,14.384285714285713
2228,16,16.7275
2228,17,24.419999999999998
2228,18,19.04
2228,19,23.1
2229,9,30.141999999999996
2229,10,24.009999999999998
2229,11,23.85
2229,12,28.926666666666666
2229,13,23.42
2229,16,16.799999999999997
2229,17,28.11
2230,1,6.72
2230,5,7.47
2230,7,4.34
2230,9,5.16
2230,11,5.95
2230,18,5.85
2230,19,9.73
2231,14,35.88
2231,15,36.76
2232,9,34.01
2232,11,21.77
2240,8,11.57
2245,10,12.25
2245,13,15.92
2250,13,15.66
2250,18,6.82
2255,8,12.1
2255,9,9.65
2255,10,6.95
2255,17,6.0
2260,17,23.51
2264,17,8.29
2264,18,8.53
2268,18,23.68
2272,17,51.69
2279,11,4.35
2281,8,14.17
2281,10,15.04
2282,14,50.04
2282,15,45.81
2284,7,3.8
2284,8,0.035
2284,9,1.3366666666666667
2284,10,4.76
2284,13,0.745
2284,14,0.8450000000000001
2284,15,2.36
2284,16,0.02
2284,17,16.365
2284,18,17.0
2284,19,10.876666666666667
2284,21,48.62
2285,10,5.53
2285,12,3.305
2285,15,3.29
2285,17,0.59
2286,12,12.4
2286,13,5.25
2288,9,8.07
2292,11,6.25
2292,13,9.2
2292,14,9.32
2292,17,6.42
2292,18,7.69
2294,12,36.78
2294,19,25.81
2294,20,17.97
2294,21,4.53
2295,20,19.33
2296,13,50.13
2297,8,47.47
2298,9,29.32
2298,13,54.48
2298,20,18.255000000000003
2298,21,2.73
2300,9,10.8
2300,10,22.9
2300,17,7.0
2300,18,6.9
2300,21,10.600000000000001
2301,18,5.6
2301,19,8.6
2301,20,34.9
2303,1,18.28
2303,14,15.2
2303,16,3.9033333333333338
2303,17,15.58
2303,18,17.56
2303,20,21.19
2306,6,4.045
2306,9,5.595000000000001
2306,11,6.56
2306,12,3.815
2306,13,3.5
2306,14,5.27
2306,15,6.029999999999999
2306,18,5.84
2306,19,7.245
2306,20,5.3
2306,21,11.07
2308,0,11.44
2308,2,11.94
2308,3,11.19
2308,19,11.18
2308,20,10.796666666666667
2308,21,10.985625
2308,22,10.463846153846154
2308,23,10.349166666666667
2311,8,4.6
2311,9,9.75
2311,10,10.65
2311,11,8.7
2311,15,11.1
2312,12,8.1
2312,13,6.9
2313,18,19.59
2313,19,5.39
2314,15,9.17
2314,17,21.31
2315,8,26.815
2315,9,8.04
2315,11,16.64
2315,13,16.4
2315,15,14.399999999999999
2315,16,14.726000000000003
2315,17,19.352
2315,18,17.78
2315,20,30.34
2315,21,33.14
2316,10,95.34
2316,12,7.5
2316,17,51.29
2317,11,5.1
2318,14,30.84
2318,16,12.55
2318,17,15.42
2319,9,26.01
2320,10,15.77
2320,11,3.17
2320,12,9.17
2320,14,1.94
2320,16,6.105
2320,18,5.87
2320,19,7.86
2321,18,6.1
2323,8,9.12
2323,10,16.493333333333336
2323,14,6.46
2323,17,27.23
2323,18,5.41
2323,19,8.37
2323,20,48.53666666666667
2324,10,11.642000000000001
2324,17,7.52
2324,19,12.242
2325,9,9.425
2325,10,4.785
2325,12,10.594999999999999
2325,13,12.49
2325,15,8.003333333333332
2325,16,4.69
2326,0,17.38
2326,1,16.52
2326,8,3.84
2326,16,15.9
2326,18,3.016666666666666
2327,10,27.69
2327,11,5.48
2327,14,18.99
2329,12,2.9
2329,14,1.69
2332,7,11.82
2332,21,7.03
2332,22,5.23
2334,19,23.8
2340,11,4.94
2341,15,5.0
2342,7,30.69
2343,12,60.45
2344,11,12.94
2346,12,9.79
2346,13,11.57
2347,13,10.73
2347,15,1.31
2348,0,16.59
2348,1,26.85
2350,12,12.28
2356,10,9.94
2356,11,31.06
2356,12,18.23
2356,18,6.66
2357,15,3.01
2358,15,3.81
2358,16,3.46
2359,18,9.71
2359,19,3.7
2360,13,7.97
2360,14,7.4
2360,16,2.68
2360,18,1.63
2360,20,5.46
2362,0,12.149999999999999
2362,1,12.9
2362,15,4.9
2362,21,12.45
2362,22,12.766666666666666
2368,18,10.78
2369,13,5.68
2371,16,2.06
2371,17,10.23
2372,0,27.31
2372,16,10.04
2373,14,0.3
2375,11,6.195
2375,13,3.1
2375,15,6.93
2376,16,3.23
2377,12,4.16
2377,15,18.02
2377,18,18.19
2378,18,9.72
2379,18,5.4
2379,22,5.0
2381,15,10.04
2383,16,21.38
2383,20,26.08
2385,10,4.55
2389,11,12.850000000000001
2389,13,2.35
2389,15,20.3
2389,16,2.37
2389,17,23.58
2389,18,31.685000000000002
2389,19,33.086666666666666
2389,20,30.838181818181816
2389,21,31.1875
2389,23,31.31
2390,0,16.455
2390,17,40.13
2390,18,38.72
2390,19,31.134999999999998
2390,20,31.810000000000002
2390,21,36.29
2391,12,11.0
2391,14,8.12
2391,16,5.91
2391,18,11.33
2392,12,5.08
2395,8,61.89
2395,9,46.12535714285714
2395,10,56.85
2395,13,35.64
2396,8,8.26
2396,10,17.62
2396,11,42.44
2396,15,6.43
2396,18,4.56
2396,19,20.735
2396,20,13.58
2396,21,6.76
2405,11,10.1
2405,12,10.7
2405,14,8.8
2406,14,2.45
2406,17,2.25
2406,20,20.77
2407,19,3.3
2409,16,5.15
2411,14,11.46
2411,15,11.67
2411,16,11.57
2411,17,10.12
2411,18,10.07
2411,19,10.524999999999999
2411,20,11.48
2414,7,20.13
2414,8,15.32
2414,15,15.43
2414,16,24.59
2414,17,20.56
2414,18,20.0
2414,20,12.280000000000001
2418,12,5.72
2425,8,36.18
2425,9,28.296000000000003
2425,11,29.419999999999998
2425,12,17.12
2425,13,32.195
2425,14,43.69
2425,16,43.5
2425,18,44.53
2426,6,41.8
2426,7,21.0
2426,8,23.8375
2426,9,14.8
2426,10,22.900000000000002
2426,11,27.15
2426,12,22.740000000000002
2426,13,32.650000000000006
2426,14,19.475
2426,15,12.25
2426,16,9.725
2426,17,8.7
2426,18,10.75
2431,11,5.965
2431,12,9.6625
2431,13,5.756666666666668
2431,14,6.76
2431,15,10.875
2431,16,10.5975
2431,17,10.91888888888889
2431,18,10.542
2431,19,7.86
2432,11,10.76
2432,15,10.96
2433,8,2.64
2433,9,25.85
2433,12,11.83
2433,17,3.83
2436,0,53.74
2436,22,43.785
2436,23,40.24
2438,16,8.82
2439,10,20.12
2439,11,12.68
2445,19,0.75
2446,10,3.16
2447,9,21.005
2447,10,25.495
2447,11,24.65
2447,17,24.71
2447,18,26.82
2447,19,17.75
2447,21,29.79
2447,22,26.64
2448,11,7.22
2448,14,20.78
2448,19,1.86
2449,12,17.76
2450,8,11.14
2450,13,28.11
2452,23,10.46
2454,17,29.63
2454,22,6.26
2455,23,36.32
2456,17,23.44
2457,18,21.88
2457,22,20.84
2458,10,8.19
2458,11,11.14
2458,16,17.63
2460,15,13.33
2460,18,20.71
2461,14,9.195
2461,16,20.21
2461,18,16.7
2464,19,13.8
2466,20,28.55
2472,14,3.19
2473,16,7.21
2474,12,0.83
2474,13,5.99
2474,15,7.875
2475,15,3.085
2475,17,6.72
2475,18,17.28
2478,20,45.99
2479,10,6.875
2482,6,6.305
2483,7,6.04
2484,17,15.69
2485,7,4.76
2485,11,8.87
2485,13,12.605
2485,14,12.31
2485,15,14.61
2485,19,14.84
2486,12,3.3
2488,7,35.15
2488,8,29.53333333333333
2488,9,40.620000000000005
2488,10,31.023333333333337
2488,13,37.172
2488,14,35.212
2488,15,18.86
2488,17,35.93
2489,8,5.78
2492,13,30.36
2494,17,7.5
2497,12,4.93
2497,13,30.86
2497,15,28.03
2497,16,24.36
2499,2,14.3
2499,12,10.45
2499,13,11.04
2499,14,4.673333333333333
2499,15,23.55
2499,16,23.22
2499,17,22.86
2499,18,23.47
2499,20,15.9525
2499,21,15.45
2499,22,23.03
2499,23,13.86
2500,10,1.0
2501,17,22.6
2501,18,29.7
2501,19,27.7
2501,20,25.37142857142857
2501,21,25.2
2501,22,26.1
2502,14,19.9
2503,16,7.42
2503,17,10.865714285714287
2503,18,6.426666666666667
2503,19,10.71
2503,20,10.61
2504,6,59.87
2504,15,35.7275
2504,16,32.705
2504,17,33.61
2504,19,39.0
2504,21,34.98
2505,0,32.79666666666667
2505,1,35.05
2505,6,22.29
2505,10,26.86
2505,15,9.65
2505,17,43.04
2505,19,27.575
2505,20,32.0525
2505,21,32.70357142857143
2505,22,38.80882352941177
2505,23,37.57
2506,13,2.32
2507,6,45.8
2509,13,3.06
2509,14,5.18
2517,17,21.11
2517,18,21.95
2518,9,17.862000000000002
2518,10,18.229999999999997
2518,13,9.076666666666666
2518,15,8.3025
2518,16,8.49
2518,17,13.678
2518,18,17.968823529411765
2518,19,18.036666666666665
2518,21,14.59
2518,22,10.125
2518,23,12.56
2519,11,10.61
2519,17,28.52
2529,20,42.4
2532,12,6.02
2533,18,38.24
2537,10,22.9
2538,10,0.37
2539,7,23.8
2540,7,27.2
2540,8,29.700000000000003
2540,10,34.4
2540,16,11.4
2541,7,0.64
2543,13,34.48
2544,9,9.84
2544,10,10.594
2547,8,13.84
2547,10,19.68
2552,8,21.75
2553,10,5.09
2553,13,3.99
2554,20,13.36
2555,9,27.25
2555,10,28.57
2556,11,0.3
2556,12,0.1
2560,13,10.0
2561,8,8.65
2569,8,6.18
2569,9,7.32
2569,12,8.09
2569,16,9.5
2570,9,11.746666666666668
2570,12,9.07
2570,13,11.4
2570,18,16.25
2572,20,25.64
2573,15,8.53
2574,16,16.68
2574,21,24.73
2575,19,22.46
2575,22,33.63
2576,12,31.4
2576,16,0.1
2577,8,31.65
2577,12,37.5
2577,16,34.0
2578,12,4.6
2579,15,24.9
2579,19,7.0
2580,14,20.6
2580,16,23.7
2581,12,5.51
2581,14,5.52
2581,16,5.63
2581,17,8.33
2581,18,7.688
2581,19,8.20625
2581,20,9.74
2581,21,11.199999999999998
2582,17,3.58
2582,18,11.58
2582,19,9.09
2583,20,6.06
2584,15,5.98
2585,1,48.05
2587,1,16.36
2587,12,28.205
2587,18,22.85
2592,11,3.71
2593,13,4.31
2593,14,2.2
2594,11,9.66
2594,16,2.76
2594,19,22.69
2597,9,31.08
2597,11,26.91
2601,15,7.01
2602,11,28.86
2602,13,30.0
2605,10,2.37
2605,15,15.605
2605,16,8.06
2605,18,10.87
2605,19,4.39
2605,21,7.2
2605,22,22.6
2606,14,14.71
2606,15,11.43
2606,16,9.31
2606,17,2.825
2606,18,6.05
2606,19,15.780000000000001
2606,20,12.826666666666668
2606,21,7.82
2606,22,3.93
2606,23,0.85
2607,11,35.38
2607,12,38.09
2608,0,18.83
2609,9,11.855
2609,10,12.530000000000001
2609,11,8.656666666666666
2609,12,10.940000000000001
2609,13,12.73
2609,14,11.96
2609,15,13.54
2609,16,12.59
2609,17,7.789999999999999
2609,18,10.055
2609,19,10.31
2609,20,12.71
2609,21,13.045000000000002
2609,22,13.34
2611,16,11.7
2612,16,10.2
2613,21,11.14
2616,17,1.76
2617,22,7.51
2619,12,46.53
2621,11,35.53
2621,19,14.01
2629,10,8.7
2630,9,12.3
2647,14,10.9
2647,21,11.38
2649,9,0.5
2670,13,12.2
2670,14,16.53
2671,11,3.8
2671,17,3.67
