ActualDemand,PredictedDemand,Error,AbsoluteError
18.2,24.557583,-6.35758285522461,6.35758285522461
6.8,14.652075,-7.852074813842774,7.852074813842774
47.04,21.383938,25.65606216430664,25.65606216430664
13.02,15.921079,-2.901078681945801,2.901078681945801
3.53,21.67765,-18.147650451660155,18.147650451660155
11.15,16.718842,-5.568841552734375,5.568841552734375
49.02,27.06767,21.95232917785645,21.95232917785645
2.16,11.566118,-9.406118240356445,9.406118240356445
28.61,17.476511,11.133488998413085,11.133488998413085
0.01,17.858166,-17.848165740966795,17.848165740966795
29.34,17.468475,11.871524658203125,11.871524658203125
12.13,15.021153,-2.8911534500122062,2.8911534500122062
17.32,14.744659,2.5753405761718753,2.5753405761718753
10.74,21.239527,-10.499526748657226,10.499526748657226
10.0,12.127859,-2.127859115600586,2.127859115600586
6.8,15.021896,-8.221896362304687,8.221896362304687
22.5,27.715853,-5.215852737426758,5.215852737426758
39.8,18.562641,21.23735885620117,21.23735885620117
49.7,16.458214,33.24178619384766,33.24178619384766
6.32,11.532307,-5.212306671142578,5.212306671142578
18.19,16.053776,2.1362242126464857,2.1362242126464857
24.0,28.195118,-4.195117950439453,4.195117950439453
8.15,24.099874,-15.94987449645996,15.94987449645996
25.73,21.615576,4.114424209594727,4.114424209594727
17.9,16.053776,1.846224212646483,1.846224212646483
12.51,20.218609,-7.708608856201172,7.708608856201172
52.0,34.434452,17.565547943115234,17.565547943115234
13.5,20.449385,-6.949384689331055,6.949384689331055
5.42,17.114626,-11.694625930786133,11.694625930786133
13.68,16.844873,-3.164873428344727,3.164873428344727
1.48,10.729394,-9.24939395904541,9.24939395904541
12.1,23.104898,-11.00489845275879,11.00489845275879
0.44,30.623762,-30.183762130737303,30.183762130737303
3.78,12.918568,-9.138567657470704,9.138567657470704
15.21,39.162506,-23.952506103515624,23.952506103515624
30.3,20.397285,9.90271453857422,9.90271453857422
19.61,22.320448,-2.7104479217529303,2.7104479217529303
26.0,21.978199,4.021800994873047,4.021800994873047
30.3,31.593794,-1.293793869018554,1.293793869018554
7.7,25.258192,-17.55819206237793,17.55819206237793
23.48,13.431793,10.048206787109375,10.048206787109375
7.11,16.540173,-9.430172576904297,9.430172576904297
10.3,15.482427,-5.182426643371581,5.182426643371581
18.2,24.288403,-6.088402557373048,6.088402557373048
45.3,30.045324,15.254675674438474,15.254675674438474
2.19,20.296093,-18.106092987060546,18.106092987060546
35.64,21.598219,14.04178108215332,14.04178108215332
0.24,28.195322,-27.955322036743166,27.955322036743166
39.77,20.891039,18.878961105346683,18.878961105346683
51.79,25.518883,26.271117248535155,26.271117248535155
18.18,22.107986,-3.927986450195313,3.927986450195313
23.91,20.539984,3.3700162506103517,3.3700162506103517
18.19,19.749023,-1.5590234374999987,1.5590234374999987
30.2,19.997091,10.202908706665038,10.202908706665038
9.1,20.715082,-11.615082168579102,11.615082168579102
24.1,20.847357,3.252643203735353,3.252643203735353
24.09,35.091515,-11.001514587402344,11.001514587402344
11.62,13.245517,-1.625516777038575,1.625516777038575
12.5,21.994438,-9.494438171386719,9.494438171386719
63.2,19.866804,43.3331958770752,43.3331958770752
12.2,13.203379,-1.0033786773681648,1.0033786773681648
14.1,17.63671,-3.5367092132568363,3.5367092132568363
5.32,19.425793,-14.105792694091797,14.105792694091797
11.67,30.119705,-18.44970520019531,18.44970520019531
17.5,21.54908,-4.049079895019531,4.049079895019531
14.72,21.706411,-6.986411361694335,6.986411361694335
13.5,12.874557,0.6254434585571289,0.6254434585571289
11.76,15.138581,-3.3785812759399416,3.3785812759399416
11.28,15.338439,-4.058438987731934,4.058438987731934
15.34,15.230659,0.10934146881103501,0.10934146881103501
43.9,31.898075,12.001924896240233,12.001924896240233
8.3,14.645937,-6.345936965942382,6.345936965942382
2.98,13.764006,-10.784005661010742,10.784005661010742
11.89,13.4591875,-1.569187507629394,1.569187507629394
10.64,13.30811,-2.6681102371215815,2.6681102371215815
30.49,36.153133,-5.663133392333986,5.663133392333986
44.28,18.440622,25.839377670288087,25.839377670288087
4.92,11.88771,-6.967709617614746,6.967709617614746
18.27,12.729023,5.5409770202636714,5.5409770202636714
0.02,8.98947,-8.969469528198243,8.969469528198243
1.7,11.149056,-9.449056434631348,9.449056434631348
9.3,12.527249,-3.227249336242675,3.227249336242675
6.35,6.5918875,-0.24188747406005895,0.24188747406005895
13.25,17.684439,-4.434438705444336,4.434438705444336
6.41,14.913186,-8.503186073303223,8.503186073303223
27.27,21.2945,5.975499649047851,5.975499649047851
22.74,22.366037,0.3739626312255844,0.3739626312255844
17.64,20.0546,-2.41459976196289,2.41459976196289
4.57,10.525268,-5.955267601013183,5.955267601013183
19.39,11.844606,7.545393600463868,7.545393600463868
35.02,19.916468,15.103532333374027,15.103532333374027
7.15,15.808128,-8.658128356933593,8.658128356933593
5.3,12.059708,-6.759707641601563,6.759707641601563
16.1,9.079118,7.0208822250366225,7.0208822250366225
7.69,8.892605,-1.202604827880859,1.202604827880859
9.0,9.630956,-0.630955696105957,0.630955696105957
8.23,8.999751,-0.7697510910034175,0.7697510910034175
21.0,16.399925,4.600074768066406,4.600074768066406
11.58,9.028095,2.551904754638672,2.551904754638672
31.82,16.656898,15.163101501464844,15.163101501464844
8.8,8.999751,-0.19975109100341726,0.19975109100341726
12.78,9.489155,3.2908451843261712,3.2908451843261712
23.2,17.05978,6.14021987915039,6.14021987915039
32.95,18.102749,14.847251129150393,14.847251129150393
6.2,18.762909,-12.562908935546876,12.562908935546876
13.13,12.442756,0.6872443008422859,0.6872443008422859
17.04,11.337965,5.7020349884033195,5.7020349884033195
5.2,10.612598,-5.412598419189453,5.412598419189453
11.09,10.952783,0.1372173690795897,0.1372173690795897
64.25,15.571554,48.67844581604004,48.67844581604004
9.0,6.241724,2.7582759857177734,2.7582759857177734
25.05,7.2501364,17.799863624572755,17.799863624572755
48.62,16.486525,32.13347541809082,32.13347541809082
10.16,8.728538,1.4314624404907228,1.4314624404907228
4.2,9.829285,-5.62928466796875,5.62928466796875
18.18,17.570976,0.609023742675781,0.609023742675781
27.36,19.750935,7.609065399169921,7.609065399169921
16.46,14.671519,1.7884807205200204,1.7884807205200204
18.24,10.95359,7.286409606933592,7.286409606933592
11.9,15.981073,-4.081073379516601,4.081073379516601
24.4,9.948886,14.451114082336424,14.451114082336424
5.9,9.154583,-3.2545829772949215,3.2545829772949215
7.42,10.750884,-3.3308840560913087,3.3308840560913087
6.8,8.670452,-1.870452117919922,1.870452117919922
30.9,13.173688,17.72631206512451,17.72631206512451
6.41,12.134677,-5.724676933288574,5.724676933288574
13.07,24.905083,-11.835082702636718,11.835082702636718
9.6,15.808101,-6.208100700378418,6.208100700378418
4.1,12.637085,-8.5370849609375,8.5370849609375
4.96,10.281698,-5.321698226928711,5.321698226928711
18.16,14.979157,3.1808425521850587,3.1808425521850587
13.13,13.282941,-0.1529408645629875,0.1529408645629875
38.7,14.812886,23.88711376190186,23.88711376190186
11.11,13.703428,-2.5934282684326178,2.5934282684326178
15.21,12.967907,2.242093048095704,2.242093048095704
30.31,16.144606,14.165394363403319,14.165394363403319
10.19,12.187542,-1.9975419616699224,1.9975419616699224
4.47,20.003677,-15.533677368164064,15.533677368164064
18.19,11.159497,7.030502738952638,7.030502738952638
0.96,11.27519,-10.315190353393554,10.315190353393554
4.05,12.361262,-8.311262321472167,8.311262321472167
42.82,18.936678,23.883322067260742,23.883322067260742
18.19,10.437573,7.752426567077638,7.752426567077638
19.35,11.677289,7.672710990905763,7.672710990905763
7.0,13.367504,-6.367504119873047,6.367504119873047
13.87,13.92673,-0.056730155944825,0.056730155944825
31.69,22.985703,8.704297485351564,8.704297485351564
3.1,8.127465,-5.0274652481079105,5.0274652481079105
22.4,15.0519,7.348100090026854,7.348100090026854
26.07,26.095507,-0.02550666809082003,0.02550666809082003
6.7,12.650373,-5.9503734588623045,5.9503734588623045
12.53,11.533327,0.9966728973388665,0.9966728973388665
17.73,15.488443,2.2415566253662114,2.2415566253662114
23.82,20.986538,2.833462066650391,2.833462066650391
13.41,11.49432,1.9156800842285158,1.9156800842285158
29.76,20.683767,9.076232681274416,9.076232681274416
30.97,26.11022,4.859780044555663,4.859780044555663
20.77,14.06039,6.70960952758789,6.70960952758789
11.2,9.189392,2.0106079101562493,2.0106079101562493
31.9,21.19559,10.70441093444824,10.70441093444824
13.4,31.95133,-18.551330184936525,18.551330184936525
31.53,14.868257,16.66174343109131,16.66174343109131
10.38,22.805595,-12.425595397949218,12.425595397949218
8.7,13.0957985,-4.395798492431641,4.395798492431641
49.57,13.564359,36.005641288757325,36.005641288757325
4.35,34.137764,-29.78776397705078,29.78776397705078
1.89,12.742359,-10.852359161376953,10.852359161376953
19.24,10.259641,8.980359306335448,8.980359306335448
35.96,33.867336,2.0926637268066415,2.0926637268066415
27.2,14.193194,13.006805610656738,13.006805610656738
60.89,16.220856,44.669144287109376,44.669144287109376
8.86,44.411736,-35.55173553466797,35.55173553466797
30.2,27.356813,2.8431865692138665,2.8431865692138665
2.56,9.883646,-7.323646011352539,7.323646011352539
29.0,17.903782,11.09621810913086,11.09621810913086
64.1,18.589468,45.51053199768066,45.51053199768066
13.03,15.320902,-2.2909018707275397,2.2909018707275397
22.3,17.978003,4.321997451782227,4.321997451782227
18.18,24.345278,-6.165277786254883,6.165277786254883
17.04,25.201443,-8.16144271850586,8.16144271850586
43.0,23.81132,19.18868064880371,19.18868064880371
17.16,26.346855,-9.186855163574219,9.186855163574219
18.18,16.653606,1.5263935852050778,1.5263935852050778
25.12,18.790289,6.329711074829103,6.329711074829103
17.3,28.924604,-11.624604415893554,11.624604415893554
10.5,14.996054,-4.496053695678711,4.496053695678711
5.3,29.177021,-23.877021026611327,23.877021026611327
68.0,48.259407,19.74059295654297,19.74059295654297
26.25,25.803492,0.44650840759277344,0.44650840759277344
21.29,18.510632,2.7793684387207023,2.7793684387207023
18.18,16.05732,2.1226803588867185,2.1226803588867185
18.0,19.422363,-1.42236328125,1.42236328125
9.4,20.70246,-11.302459335327148,11.302459335327148
1.91,25.526579,-23.616578903198242,23.616578903198242
28.6,19.498192,9.101808166503908,9.101808166503908
11.26,11.704057,-0.4440567398071291,0.4440567398071291
13.35,16.185617,-2.8356174468994144,2.8356174468994144
47.24,12.612038,34.627962341308596,34.627962341308596
39.4,28.94865,10.451349639892577,10.451349639892577
9.3,21.05628,-11.756280136108398,11.756280136108398
0.86,20.453163,-19.593163146972657,19.593163146972657
4.54,16.857185,-12.317185363769532,12.317185363769532
25.99,27.440832,-1.450832138061525,1.450832138061525
51.18,16.04142,35.13858001708984,35.13858001708984
14.1,27.036493,-12.936493301391602,12.936493301391602
33.66,22.095766,11.564233932495114,11.564233932495114
13.7,32.455376,-18.75537567138672,18.75537567138672
3.1,27.684437,-24.5844367980957,24.5844367980957
7.78,13.716579,-5.936579437255859,5.936579437255859
23.14,22.170427,0.9695726776123053,0.9695726776123053
10.88,18.231527,-7.35152732849121,7.35152732849121
1.7,24.301888,-22.601887512207032,22.601887512207032
9.94,25.4945,-15.55449920654297,15.55449920654297
42.26,16.142149,26.11785102844238,26.11785102844238
11.6,19.88476,-8.284759902954102,8.284759902954102
45.68,19.960396,25.71960418701172,25.71960418701172
31.89,19.93398,11.95601905822754,11.95601905822754
50.0,34.98093,15.01906967163086,15.01906967163086
22.97,21.925814,1.044186325073241,1.044186325073241
23.8,21.16436,2.635639953613282,2.635639953613282
36.19,28.996504,7.193496170043943,7.193496170043943
23.92,38.329113,-14.409113006591795,14.409113006591795
23.97,19.899736,4.0702635955810536,4.0702635955810536
18.2,23.761847,-5.561846542358399,5.561846542358399
23.48,33.398354,-9.918353576660156,9.918353576660156
37.37,36.356262,1.0137377929687474,1.0137377929687474
39.52,16.216505,23.303494949340823,23.303494949340823
10.3,26.176619,-15.876618576049804,15.876618576049804
35.02,36.372696,-1.3526959228515594,1.3526959228515594
32.13,20.844742,11.28525817871094,11.28525817871094
1.49,34.33636,-32.84636093139648,32.84636093139648
5.6,12.581928,-6.9819282531738285,6.9819282531738285
9.3,11.79992,-2.4999200820922844,2.4999200820922844
50.6,24.57259,26.027410125732423,26.027410125732423
16.83,14.375918,2.454081611633299,2.454081611633299
13.77,17.56577,-3.795769195556641,3.795769195556641
3.89,11.756316,-7.866316184997558,7.866316184997558
26.29,14.464296,11.825703659057616,11.825703659057616
7.27,10.608808,-3.3388075637817387,3.3388075637817387
10.8,14.926583,-4.126583290100097,4.126583290100097
4.54,11.944503,-7.404502830505371,7.404502830505371
34.5,16.299145,18.200855255126953,18.200855255126953
4.71,11.576171,-6.866170921325684,6.866170921325684
23.35,14.764388,8.58561191558838,8.58561191558838
8.54,12.757318,-4.217317543029786,4.217317543029786
4.66,15.652966,-10.992965545654297,10.992965545654297
12.81,21.473993,-8.663993301391601,8.663993301391601
10.77,13.743555,-2.973555068969727,2.973555068969727
19.3,26.870195,-7.570195388793945,7.570195388793945
5.89,8.845351,-2.9553512191772464,2.9553512191772464
25.55,14.8400955,10.70990447998047,10.70990447998047
14.45,11.002796,3.447203826904296,3.447203826904296
18.18,16.788105,1.3918949890136716,1.3918949890136716
26.2,15.619027,10.580972862243652,10.580972862243652
10.17,15.972768,-5.80276782989502,5.80276782989502
7.0,11.385959,-4.385958671569824,4.385958671569824
6.2,11.065016,-4.8650157928466795,4.8650157928466795
4.12,15.622326,-11.502325897216796,11.502325897216796
6.83,13.0316515,-6.201651496887207,6.201651496887207
11.2,11.264158,-0.0641582489013679,0.0641582489013679
19.97,19.138323,0.8316771697998036,0.8316771697998036
6.35,11.464478,-5.1144775390625,5.1144775390625
33.12,15.08211,18.037889595031736,18.037889595031736
37.75,22.60465,15.145349502563477,15.145349502563477
45.05,13.90591,31.144090461730954,31.144090461730954
2.38,25.81737,-23.43736946105957,23.43736946105957
5.5,16.772161,-11.272161483764648,11.272161483764648
9.9,9.626081,0.27391853332519567,0.27391853332519567
3.34,12.784663,-9.444663200378418,9.444663200378418
61.94,46.303665,15.636334838867185,15.636334838867185
4.55,9.6504345,-5.100434494018555,5.100434494018555
14.12,14.237402,-0.11740196228027422,0.11740196228027422
8.8,12.814009,-4.014008712768554,4.014008712768554
0.92,10.776937,-9.856936531066895,9.856936531066895
23.28,12.471194,10.808805732727052,10.808805732727052
13.8,18.346275,-4.546275329589843,4.546275329589843
0.2,20.428196,-20.22819595336914,20.22819595336914
8.7,6.2140546,2.4859454154968255,2.4859454154968255
19.67,20.140354,-0.4703541564941389,0.4703541564941389
8.65,9.978477,-1.328476524353027,1.328476524353027
5.51,7.642303,-2.132302989959717,2.132302989959717
23.2,16.23363,6.966370773315429,6.966370773315429
40.72,26.918211,13.801789016723632,13.801789016723632
7.2,15.658439,-8.458438682556153,8.458438682556153
6.05,18.129612,-12.07961196899414,12.07961196899414
16.11,11.832301,4.2776988601684565,4.2776988601684565
0.6,15.070881,-14.470880889892578,14.470880889892578
2.56,8.986761,-6.426761093139648,6.426761093139648
12.0,9.442727,2.5572729110717773,2.5572729110717773
0.02,9.781433,-9.76143310546875,9.76143310546875
30.52,8.999751,21.52024890899658,21.52024890899658
22.1,26.307552,-4.207552337646483,4.207552337646483
9.48,8.814265,0.6657347488403325,0.6657347488403325
3.06,15.638527,-12.578526916503906,12.578526916503906
5.54,9.7389145,-4.198914489746094,4.198914489746094
1.33,15.437965,-14.107965393066406,14.107965393066406
15.93,20.40916,-4.479160614013672,4.479160614013672
8.9,9.808412,-0.908411598205566,0.908411598205566
2.13,9.057296,-6.927295799255371,6.927295799255371
6.3,9.20521,-2.9052097320556642,2.9052097320556642
3.06,7.5682983,-4.5082983398437495,4.5082983398437495
14.51,6.566867,7.943133125305176,7.943133125305176
0.6,9.427702,-8.827701950073243,8.827701950073243
3.54,20.807293,-17.267292938232423,17.267292938232423
2.83,9.427702,-6.597701950073242,6.597701950073242
16.46,16.999805,-0.5398054504394523,0.5398054504394523
34.35,7.4477987,26.90220127105713,26.90220127105713
10.63,14.588158,-3.958157653808593,3.958157653808593
17.5,12.63915,4.8608503341674805,4.8608503341674805
2.74,8.960347,-6.220347175598144,6.220347175598144
19.0,12.94584,6.054160118103027,6.054160118103027
15.56,17.89346,-2.333459320068359,2.333459320068359
25.47,18.754799,6.715201110839843,6.715201110839843
32.41,18.332071,14.077928695678708,14.077928695678708
3.22,13.846478,-10.626478462219238,10.626478462219238
34.98,11.180514,23.799485664367673,23.799485664367673
9.32,11.167726,-1.8477255630493161,1.8477255630493161
0.28,17.815271,-17.535271377563475,17.535271377563475
18.63,13.078719,5.551280860900878,5.551280860900878
32.26,17.74087,14.519130477905271,14.519130477905271
14.28,24.362675,-10.082674713134766,10.082674713134766
22.86,8.183682,14.676317558288574,14.676317558288574
10.8,6.4746656,4.325334358215333,4.325334358215333
0.79,8.909054,-8.119053802490235,8.119053802490235
12.4,16.670248,-4.270248031616211,4.270248031616211
21.19,17.153847,4.036153259277345,4.036153259277345
4.5,17.595362,-13.095361709594727,13.095361709594727
10.9,9.171078,1.728922271728516,1.728922271728516
52.41,12.115466,40.29453388214111,40.29453388214111
19.1,18.346275,0.7537246704101577,0.7537246704101577
16.64,19.784914,-3.1449140167236322,3.1449140167236322
18.19,14.683831,3.506168785095216,3.506168785095216
11.3,12.295763,-0.9957630157470696,0.9957630157470696
46.35,29.573689,16.776311492919923,16.776311492919923
4.71,10.03965,-5.329649963378906,5.329649963378906
4.0,10.66867,-6.668669700622559,6.668669700622559
6.51,11.64061,-5.130609741210938,5.130609741210938
11.3,8.356556,2.9434440612792976,2.9434440612792976
0.59,11.012296,-10.422295722961426,10.422295722961426
25.33,19.243,6.08699996948242,6.08699996948242
6.9,12.785476,-5.885475730895996,5.885475730895996
9.67,12.925261,-3.2552605438232423,3.2552605438232423
25.64,12.988181,12.651818885803223,12.651818885803223
19.7,7.4927053,12.20729465484619,12.20729465484619
28.62,14.84548,13.77452003479004,13.77452003479004
2.03,8.999751,-6.969751091003419,6.969751091003419
2.8,8.370992,-5.570991706848145,5.570991706848145
30.59,21.372503,9.217496719360351,9.217496719360351
21.31,21.262474,0.04752593994140497,0.04752593994140497
20.44,14.634161,5.805839004516603,5.805839004516603
60.25,22.51055,37.739450454711914,37.739450454711914
3.1,13.9670515,-10.86705150604248,10.86705150604248
5.74,10.649712,-4.9097116088867185,4.9097116088867185
3.86,18.620235,-14.760235443115235,14.760235443115235
7.69,11.223933,-3.5339332199096676,3.5339332199096676
14.33,14.811927,-0.4819268417358398,0.4819268417358398
7.82,16.64668,-8.82668083190918,8.82668083190918
11.93,16.752457,-4.822456665039063,4.822456665039063
10.0,18.812078,-8.812078475952148,8.812078475952148
26.62,18.847109,7.772891159057618,7.772891159057618
10.7,11.382683,-0.6826828002929695,0.6826828002929695
0.33,14.436084,-14.106083793640137,14.106083793640137
16.1,11.423012,4.676988220214845,4.676988220214845
10.3,12.2514515,-1.9514514923095696,1.9514514923095696
5.7,8.586793,-2.8867929458618162,2.8867929458618162
10.89,10.462755,0.42724479675293026,0.42724479675293026
30.31,18.55895,11.751049575805663,11.751049575805663
9.3,9.471548,-0.17154808044433523,0.17154808044433523
7.97,13.895609,-5.925608901977539,5.925608901977539
7.67,12.39251,-4.722510414123535,4.722510414123535
10.11,29.733799,-19.62379898071289,19.62379898071289
1.99,12.993071,-11.003070602416992,11.003070602416992
11.62,11.940212,-0.32021224975586016,0.32021224975586016
1.3,11.24748,-9.947480392456054,9.947480392456054
9.56,13.876265,-4.316264572143554,4.316264572143554
9.2,13.814948,-4.6149480819702156,4.6149480819702156
30.9,12.68715,18.21284999847412,18.21284999847412
45.87,19.599642,26.27035820007324,26.27035820007324
48.73,18.14083,30.589170913696286,30.589170913696286
22.18,9.928552,12.25144832611084,12.25144832611084
18.2,18.782646,-0.5826461791992195,0.5826461791992195
17.43,10.325654,7.104345970153808,7.104345970153808
49.19,20.452267,28.737733306884763,28.737733306884763
9.03,10.259641,-1.2296406936645514,1.2296406936645514
5.4,17.788261,-12.388261413574218,12.388261413574218
5.2,15.075919,-9.875919151306153,9.875919151306153
17.34,23.24603,-5.906030807495117,5.906030807495117
18.18,12.268095,5.9119049835205075,5.9119049835205075
9.8,11.415822,-1.6158220291137688,1.6158220291137688
5.59,17.504148,-11.914148483276367,11.914148483276367
9.2,16.411928,-7.2119281768798835,7.2119281768798835
15.11,11.80823,3.30176959991455,3.30176959991455
3.22,10.507085,-7.287084846496581,7.287084846496581
8.17,13.697911,-5.527911262512207,5.527911262512207
30.74,15.169181,15.570819129943846,15.570819129943846
22.68,26.821526,-4.141525573730469,4.141525573730469
11.72,17.679148,-5.959147720336913,5.959147720336913
1.98,8.782687,-6.802687187194824,6.802687187194824
3.79,13.585765,-9.795764884948731,9.795764884948731
29.75,13.291655,16.458345413208008,16.458345413208008
19.83,22.955818,-3.125818176269533,3.125818176269533
30.37,21.037045,9.332955474853517,9.332955474853517
4.6,17.007282,-12.407282257080078,12.407282257080078
1.5,16.204367,-14.704366683959961,14.704366683959961
18.18,11.778758,6.401241950988769,6.401241950988769
36.65,20.57676,16.073240661621092,16.073240661621092
18.18,15.812481,2.367519073486328,2.367519073486328
9.09,24.581402,-15.491401824951172,15.491401824951172
18.46,15.826422,2.6335782623291024,2.6335782623291024
16.74,14.732574,2.0074255371093734,2.0074255371093734
2.8,12.0540695,-9.254069519042968,9.254069519042968
7.67,15.905715,-8.235714988708496,8.235714988708496
40.5,23.860207,16.639793395996094,16.639793395996094
5.34,18.959692,-13.619692001342774,13.619692001342774
25.3,15.6390915,9.660908508300782,9.660908508300782
23.51,23.255585,0.25441528320312656,0.25441528320312656
13.84,23.692291,-9.852291259765625,9.852291259765625
20.1,11.67023,8.429770088195802,8.429770088195802
52.4,41.326305,11.073694610595702,11.073694610595702
9.23,16.535019,-7.305018920898437,7.305018920898437
17.86,39.505943,-21.645943298339844,21.645943298339844
66.99,34.377502,32.612497558593745,32.612497558593745
3.03,32.67058,-29.640581817626952,29.640581817626952
7.22,13.168075,-5.948074607849121,5.948074607849121
23.34,19.451902,3.8880976104736327,3.8880976104736327
18.5,20.39449,-1.8944892883300781,1.8944892883300781
33.27,20.7284,12.541600723266605,12.541600723266605
11.94,19.160164,-7.220163879394532,7.220163879394532
9.31,10.633065,-1.3230652236938472,1.3230652236938472
5.92,12.311425,-6.39142520904541,6.39142520904541
21.64,16.619833,5.02016700744629,5.02016700744629
45.81,39.500645,6.309355316162112,6.309355316162112
18.18,16.394308,1.7856919097900388,1.7856919097900388
40.89,19.958958,20.93104232788086,20.93104232788086
30.9,13.918251,16.981748962402342,16.981748962402342
8.9,20.335714,-11.43571434020996,11.43571434020996
46.5,22.596764,23.903236389160156,23.903236389160156
12.65,11.483555,1.1664451599121097,1.1664451599121097
37.79,29.157682,8.632317581176757,8.632317581176757
9.87,26.307695,-16.437695388793948,16.437695388793948
3.7,20.049175,-16.349175262451173,16.349175262451173
7.74,9.67037,-1.9303701019287107,1.9303701019287107
40.9,24.334658,16.565342330932616,16.565342330932616
18.2,19.797941,-1.597941207885743,1.597941207885743
22.59,21.343979,1.2460211181640624,1.2460211181640624
12.09,18.644484,-6.55448356628418,6.55448356628418
0.3,20.918861,-20.618861389160156,20.618861389160156
24.7,17.760876,6.939124298095702,6.939124298095702
8.66,20.17355,-11.51354965209961,11.51354965209961
12.7,12.612038,0.08796234130859304,0.08796234130859304
17.13,22.643885,-5.513884658813478,5.513884658813478
40.98,33.747543,7.232456665039059,7.232456665039059
35.7,20.994995,14.705004882812503,14.705004882812503
23.14,17.537931,5.602068557739258,5.602068557739258
37.17,32.09127,5.078729553222658,5.078729553222658
6.0,13.702223,-7.70222282409668,7.70222282409668
55.5,33.472668,22.027332305908203,22.027332305908203
11.69,19.212095,-7.522095260620118,7.522095260620118
5.65,19.913324,-14.263324356079101,14.263324356079101
17.13,22.392668,-5.262667770385743,5.262667770385743
34.49,19.167671,15.32232879638672,15.32232879638672
47.48,38.610806,8.869194488525387,8.869194488525387
13.35,21.705399,-8.355398559570313,8.355398559570313
11.0,11.19844,-0.1984395980834961,0.1984395980834961
29.34,22.498287,6.8417127990722655,6.8417127990722655
5.93,14.655802,-8.72580177307129,8.72580177307129
44.9,23.691216,21.20878448486328,21.20878448486328
31.32,21.346071,9.973928756713867,9.973928756713867
18.18,34.214592,-16.03459197998047,16.03459197998047
21.27,22.211033,-0.941032867431641,0.941032867431641
17.66,33.19694,-15.536941375732422,15.536941375732422
1.06,33.244827,-32.18482727050781,32.18482727050781
39.13,31.859863,7.270136718750003,7.270136718750003
29.12,24.756681,4.363318557739259,4.363318557739259
18.2,24.342278,-6.1422775268554695,6.1422775268554695
1.59,18.117027,-16.527027282714844,16.527027282714844
24.2,23.588049,0.6119510650634759,0.6119510650634759
44.78,39.76245,5.017548828125001,5.017548828125001
27.3,27.420238,-0.12023849487304616,0.12023849487304616
49.4,34.005363,15.39463653564453,15.39463653564453
16.4,21.231703,-4.831702804565431,4.831702804565431
3.43,22.504572,-19.074571914672852,19.074571914672852
19.37,18.924723,0.44527732849121193,0.44527732849121193
25.06,18.783085,6.276915130615233,6.276915130615233
7.0,9.648781,-2.6487808227539062,2.6487808227539062
11.52,17.860283,-6.340282897949219,6.340282897949219
10.65,8.300941,2.349058532714844,2.349058532714844
18.49,16.7032,1.7868006134033187,1.7868006134033187
3.8,15.37512,-11.575120162963866,11.575120162963866
10.7,17.930204,-7.230204391479493,7.230204391479493
39.95,27.943624,12.006375503540042,12.006375503540042
19.71,17.087542,2.6224584197998055,2.6224584197998055
27.71,19.870266,7.8397340393066415,7.8397340393066415
15.23,14.6097555,0.6202444839477543,0.6202444839477543
10.69,17.039051,-6.349051055908204,6.349051055908204
19.77,15.367332,4.402667541503906,4.402667541503906
3.46,13.743555,-10.283555068969726,10.283555068969726
5.12,14.995231,-9.875230674743651,9.875230674743651
35.97,17.92153,18.048470230102538,18.048470230102538
23.9,17.125366,6.774633789062499,6.774633789062499
14.16,15.525189,-1.3651893997192381,1.3651893997192381
7.19,16.163322,-8.973322448730467,8.973322448730467
10.6,12.888038,-2.28803768157959,2.28803768157959
2.33,10.689828,-8.359827919006348,8.359827919006348
5.94,22.449776,-16.50977569580078,16.50977569580078
25.5,14.857674,10.642326354980469,10.642326354980469
22.44,24.195614,-1.755613861083983,1.755613861083983
7.8,11.108812,-3.3088123321533205,3.3088123321533205
11.28,9.607803,1.6721966552734369,1.6721966552734369
6.67,11.741072,-5.071071701049805,5.071071701049805
31.09,21.167133,9.922866668701172,9.922866668701172
18.91,17.019075,1.8909246063232423,1.8909246063232423
17.0,16.220676,0.7793235778808594,0.7793235778808594
7.72,11.126087,-3.4060871887207034,3.4060871887207034
3.1,13.705295,-10.605294609069825,10.605294609069825
0.6,14.306304,-13.706303977966309,13.706303977966309
12.6,10.7239275,1.8760725021362301,1.8760725021362301
17.72,27.088991,-9.368991165161134,9.368991165161134
2.5,9.303638,-6.803638458251953,6.803638458251953
2.44,12.772996,-10.332995948791504,10.332995948791504
12.47,9.926514,2.5434863281250006,2.5434863281250006
12.65,16.384487,-3.734487152099609,3.734487152099609
39.4,6.4031453,32.99685468673706,32.99685468673706
25.53,24.740053,0.7899468231201183,0.7899468231201183
22.15,18.600765,3.549234771728514,3.549234771728514
0.59,10.721009,-10.131009254455567,10.131009254455567
8.18,9.688812,-1.5088122558593753,1.5088122558593753
6.3,15.167013,-8.86701316833496,8.86701316833496
33.46,27.207539,6.252461395263673,6.252461395263673
17.87,15.969175,1.9008246612548838,1.9008246612548838
34.2,13.016343,21.18365688323975,21.18365688323975
17.35,9.76122,7.588780021667482,7.588780021667482
15.52,16.53998,-1.0199799346923832,1.0199799346923832
15.83,27.807343,-11.977342529296875,11.977342529296875
2.17,6.147568,-3.9775682258605958,3.9775682258605958
54.88,27.721634,27.15836608886719,27.15836608886719
25.61,13.928083,11.681916580200195,11.681916580200195
6.08,9.112065,-3.032065315246582,3.032065315246582
23.85,22.598429,1.2515712738037124,1.2515712738037124
9.88,9.664876,0.21512401580810625,0.21512401580810625
16.12,10.492364,5.627636070251466,5.627636070251466
15.4,16.753473,-1.3534732818603512,1.3534732818603512
20.83,18.461798,2.3682022857666,2.3682022857666
13.72,15.58962,-1.869619636535644,1.869619636535644
5.79,11.192297,-5.402296981811523,5.402296981811523
10.52,12.512417,-1.9924168395996098,1.9924168395996098
8.32,9.25811,-0.9381100463867185,0.9381100463867185
11.97,16.089659,-4.1196587371826165,4.1196587371826165
10.6,8.999751,1.6002489089965817,1.6002489089965817
9.51,13.950862,-4.440861930847168,4.440861930847168
25.99,11.562353,14.427646865844725,14.427646865844725
28.63,18.074648,10.555352096557616,10.555352096557616
49.28,21.917223,27.36277702331543,27.36277702331543
11.92,12.503654,-0.5836535263061524,0.5836535263061524
13.0,15.069793,-2.0697927474975586,2.0697927474975586
27.33,22.660088,4.6699124145507795,4.6699124145507795
0.68,11.311471,-10.631470985412598,10.631470985412598
22.45,14.984596,7.465403747558593,7.465403747558593
9.8,14.224722,-4.424721908569335,4.424721908569335
9.48,10.191212,-0.7112117004394527,0.7112117004394527
2.65,7.5682983,-4.91829833984375,4.91829833984375
20.25,21.373734,-1.1237335205078125,1.1237335205078125
15.69,25.009523,-9.319523391723633,9.319523391723633
11.82,19.2999,-7.47990005493164,7.47990005493164
9.16,9.9550905,-0.7950905227661131,0.7950905227661131
5.5,13.896487,-8.39648723602295,8.39648723602295
58.79,31.356041,27.433959045410155,27.433959045410155
24.46,17.273891,7.1861085510253915,7.1861085510253915
5.21,26.427391,-21.217391052246093,21.217391052246093
3.38,6.119726,-2.7397261810302735,2.7397261810302735
9.87,9.7378025,0.13219749450683516,0.13219749450683516
10.82,14.396313,-3.5763127136230466,3.5763127136230466
5.86,8.307001,-2.4470011138916012,2.4470011138916012
6.94,10.224739,-3.284739074707031,3.284739074707031
5.66,6.119726,-0.4597261810302733,0.4597261810302733
1.45,11.352783,-9.902783203125,9.902783203125
19.5,10.987531,8.512469291687012,8.512469291687012
28.36,17.664488,10.695512161254882,10.695512161254882
12.01,17.143759,-5.133758773803711,5.133758773803711
5.1,11.418483,-6.318482780456543,6.318482780456543
1.1,19.654844,-18.554844284057616,18.554844284057616
38.52,29.347498,9.172502059936527,9.172502059936527
27.84,23.289747,4.55025276184082,4.55025276184082
16.88,7.253534,9.626466159820556,9.626466159820556
16.07,8.994664,7.075335807800293,7.075335807800293
24.72,19.695303,5.024697036743163,5.024697036743163
12.7,10.066314,2.6336862564086907,2.6336862564086907
7.7,10.401125,-2.7011249542236326,2.7011249542236326
0.6,8.674575,-8.074574851989746,8.074574851989746
0.11,10.874902,-10.76490177154541,10.76490177154541
0.09,9.798633,-9.708632621765137,9.708632621765137
10.0,7.336112,2.6638879776000977,2.6638879776000977
0.1,7.8254223,-7.725422286987305,7.725422286987305
40.35,8.464054,31.885945892333986,31.885945892333986
0.09,9.471167,-9.381166610717774,9.381166610717774
32.16,25.664026,6.49597373962402,6.49597373962402
9.0,11.960602,-2.960601806640625,2.960601806640625
11.66,17.824648,-6.164647903442383,6.164647903442383
16.0,16.976782,-0.9767818450927734,0.9767818450927734
8.52,19.91687,-11.3968701171875,11.3968701171875
4.84,6.9505706,-2.110570583343506,2.110570583343506
0.5,8.872044,-8.37204360961914,8.37204360961914
3.74,12.960025,-9.220024833679199,9.220024833679199
11.78,22.22051,-10.440510482788087,10.440510482788087
11.33,14.151643,-2.8216427993774413,2.8216427993774413
11.2,8.678217,2.5217830657958977,2.5217830657958977
9.19,10.127059,-0.9370589828491216,0.9370589828491216
13.17,13.233956,-0.06395633697509773,0.06395633697509773
20.35,18.441711,1.9082885742187514,1.9082885742187514
22.3,28.299208,-5.999207687377929,5.999207687377929
6.7,9.293374,-2.5933740615844725,2.5933740615844725
32.2,21.585793,10.614207458496097,10.614207458496097
3.1,8.926789,-5.826789283752442,5.826789283752442
0.4,21.074839,-20.674838638305665,20.674838638305665
30.56,24.828886,5.7311139678955065,5.7311139678955065
9.05,9.877403,-0.827403259277343,0.827403259277343
24.58,28.089912,-3.509912414550783,3.509912414550783
20.3,12.840616,7.459383773803712,7.459383773803712
35.38,17.434952,17.94504821777344,17.94504821777344
16.1,13.257613,2.8423868179321303,2.8423868179321303
0.8,8.068789,-7.268788528442383,7.268788528442383
10.8,19.373001,-8.573001098632812,8.573001098632812
15.13,12.5524235,2.577576522827149,2.577576522827149
6.74,20.236181,-13.496181259155273,13.496181259155273
4.42,17.8806,-13.460599975585938,13.460599975585938
5.6,11.505544,-5.90554370880127,5.90554370880127
9.5,16.691017,-7.191017150878906,7.191017150878906
7.51,16.77414,-9.264139404296875,9.264139404296875
10.8,11.055599,-0.25559921264648366,0.25559921264648366
24.54,23.913311,0.6266889953613273,0.6266889953613273
35.48,26.262148,9.217852096557614,9.217852096557614
7.1,9.862577,-2.7625774383544925,2.7625774383544925
0.9,17.007282,-16.10728225708008,16.10728225708008
19.48,13.650229,5.829770545959473,5.829770545959473
14.8,12.997972,1.8020284652709968,1.8020284652709968
13.16,18.992144,-5.832143630981445,5.832143630981445
12.77,11.88404,0.8859601211547847,0.8859601211547847
9.09,12.487483,-3.397483024597168,3.397483024597168
14.49,14.386109,0.1038906478881838,0.1038906478881838
17.0,29.350386,-12.350385665893555,12.350385665893555
1.09,19.753973,-18.66397300720215,18.66397300720215
6.1,14.803644,-8.703644180297852,8.703644180297852
9.58,24.675303,-15.095302505493164,15.095302505493164
2.5,20.476242,-17.976242065429688,17.976242065429688
37.1,30.40342,6.696580505371095,6.696580505371095
22.93,16.327465,6.602534942626953,6.602534942626953
22.51,18.10263,4.407369384765627,4.407369384765627
7.7,9.618132,-1.918131637573242,1.918131637573242
30.3,16.373741,13.926258850097657,13.926258850097657
9.1,16.773527,-7.6735271453857425,7.6735271453857425
12.06,13.653276,-1.5932764434814448,1.5932764434814448
11.41,12.030963,-0.6209629440307616,0.6209629440307616
26.68,15.481037,11.198962860107422,11.198962860107422
18.19,13.288138,4.901861610412599,4.901861610412599
25.3,18.674755,6.625244903564454,6.625244903564454
11.71,15.975553,-4.265552558898925,4.265552558898925
12.29,18.765694,-6.475693664550782,6.475693664550782
9.17,16.427546,-7.257545547485352,7.257545547485352
2.6,11.838424,-9.238423728942871,9.238423728942871
21.24,19.134764,2.1052362823486312,2.1052362823486312
8.13,8.528578,-0.3985778045654289,0.3985778045654289
18.01,15.10486,2.9051396942138688,2.9051396942138688
10.53,19.478437,-8.948437423706055,8.948437423706055
4.92,18.934797,-14.014797286987305,14.014797286987305
18.2,19.584333,-1.3843334197998054,1.3843334197998054
29.11,20.996979,8.113021240234374,8.113021240234374
9.76,25.118689,-15.358688583374024,15.358688583374024
17.05,12.044769,5.005230712890626,5.005230712890626
4.95,14.44817,-9.498169708251954,9.498169708251954
4.8,10.277408,-5.477407646179199,5.477407646179199
28.0,16.32304,11.676959991455078,11.676959991455078
37.33,14.625728,22.70427234649658,22.70427234649658
28.74,20.724672,8.015327682495116,8.015327682495116
35.78,18.569162,17.210837631225587,17.210837631225587
14.43,27.106886,-12.67688591003418,12.67688591003418
4.3,19.688303,-15.388302993774413,15.388302993774413
9.02,9.671374,-0.6513743209838871,0.6513743209838871
28.11,19.724846,8.38515411376953,8.38515411376953
1.55,15.411559,-13.861559104919433,13.861559104919433
45.7,18.780273,26.919726562500003,26.919726562500003
0.1,14.556211,-14.456211471557618,14.456211471557618
6.29,22.53983,-16.24982925415039,16.24982925415039
21.41,22.385006,-0.9750059509277342,0.9750059509277342
0.49,15.630332,-15.140331993103027,15.140331993103027
22.54,20.165415,2.374585189819335,2.374585189819335
33.2,30.391062,2.808938217163089,2.808938217163089
10.9,11.149254,-0.2492538452148434,0.2492538452148434
12.74,13.756481,-1.0164811706542967,1.0164811706542967
8.19,22.477264,-14.287264404296875,14.287264404296875
20.39,12.750651,7.639348640441895,7.639348640441895
18.11,20.054417,-1.9444166564941412,1.9444166564941412
7.6,17.036098,-9.43609848022461,9.43609848022461
17.79,13.0270195,4.762980499267577,4.762980499267577
11.4,11.756134,-0.35613403320312464,0.35613403320312464
30.4,33.96376,-3.563760375976564,3.563760375976564
13.0,14.032262,-1.032261848449707,1.032261848449707
42.69,21.674866,21.015134277343748,21.015134277343748
9.29,21.754625,-12.464625320434571,12.464625320434571
45.46,15.338704,30.121295890808106,30.121295890808106
61.21,23.858562,37.35143753051758,37.35143753051758
12.42,22.410725,-9.990724639892578,9.990724639892578
35.74,21.91824,13.821760406494143,13.821760406494143
16.73,27.264616,-10.534616012573242,10.534616012573242
22.8,19.76711,3.0328891754150398,3.0328891754150398
55.87,39.85526,16.014741058349607,16.014741058349607
18.18,31.010586,-12.83058578491211,12.83058578491211
23.07,20.143658,2.9263423156738284,2.9263423156738284
23.07,18.582312,4.487688369750977,4.487688369750977
6.8,18.579683,-11.779683303833007,11.779683303833007
24.65,19.137642,5.512358093261717,5.512358093261717
5.48,19.85612,-14.376119155883789,14.376119155883789
42.52,33.889652,8.630347747802738,8.630347747802738
52.32,31.390467,20.929533309936524,20.929533309936524
11.9,33.33204,-21.432038879394533,21.432038879394533
7.98,13.795232,-5.815231819152832,5.815231819152832
5.37,18.726555,-13.356554870605468,13.356554870605468
23.61,33.477367,-9.867367401123047,9.867367401123047
22.28,22.219824,0.0601761627197277,0.0601761627197277
43.7,19.58886,24.111140441894534,24.111140441894534
13.9,20.441381,-6.541381454467773,6.541381454467773
16.8,19.439293,-2.639292907714843,2.639292907714843
6.67,27.18337,-20.51337059020996,20.51337059020996
22.89,29.755125,-6.865125045776367,6.865125045776367
1.13,21.803606,-20.673606033325196,20.673606033325196
17.5,19.544172,-2.0441722869873047,2.0441722869873047
18.19,20.18036,-1.9903607940673815,1.9903607940673815
2.1,11.667754,-9.567754173278809,9.567754173278809
33.14,27.05306,6.08693946838379,6.08693946838379
65.95,30.163534,35.78646583557129,35.78646583557129
10.61,12.588517,-1.9785171890258795,1.9785171890258795
37.57,34.564075,3.005924530029297,3.005924530029297
13.5,20.439713,-6.9397125244140625,6.9397125244140625
9.6,11.123698,-1.5236982345581058,1.5236982345581058
17.12,20.076073,-2.9560726928710928,2.9560726928710928
18.18,17.121668,1.0583321380615232,1.0583321380615232
47.58,22.603058,24.976942138671873,24.976942138671873
11.73,28.635479,-16.90547897338867,16.90547897338867
18.51,31.575127,-13.065126647949217,13.065126647949217
38.0,31.811634,6.188365936279297,6.188365936279297
16.1,24.934826,-8.834825897216795,8.834825897216795
40.01,21.76352,18.246480712890623,18.246480712890623
43.3,23.411755,19.8882453918457,19.8882453918457
29.19,23.769213,5.420787277221681,5.420787277221681
13.63,14.228394,-0.5983935546874992,0.5983935546874992
5.92,11.688527,-5.76852710723877,5.76852710723877
37.05,33.572815,3.477185058593747,3.477185058593747
11.4,20.567812,-9.167811965942382,9.167811965942382
20.2,22.052658,-1.8526580810546882,1.8526580810546882
10.01,10.76904,-0.759040107727051,0.759040107727051
7.4,23.600014,-16.200013732910158,16.200013732910158
15.32,13.976829,1.343171424865723,1.343171424865723
12.5,14.063705,-1.5637054443359375,1.5637054443359375
8.3,13.128298,-4.828297805786132,4.828297805786132
8.53,17.833347,-9.303347320556641,9.303347320556641
30.3,16.145195,14.154804992675782,14.154804992675782
17.95,23.748877,-5.798876571655274,5.798876571655274
5.35,8.845351,-3.4953512191772464,3.4953512191772464
6.86,24.762602,-17.902601852416993,17.902601852416993
23.12,17.082338,6.037661666870118,6.037661666870118
7.84,15.426055,-7.586054954528809,7.586054954528809
11.21,15.26957,-4.059570350646972,4.059570350646972
4.26,18.506763,-14.246763458251953,14.246763458251953
3.03,21.726461,-18.69646141052246,18.69646141052246
15.04,10.272224,4.767775573730468,4.767775573730468
4.02,12.887666,-8.867665748596192,8.867665748596192
30.57,24.425182,6.144817657470703,6.144817657470703
23.44,14.72435,8.715650024414064,8.715650024414064
5.83,11.920912,-6.09091178894043,6.09091178894043
23.8,16.87104,6.9289596557617195,6.9289596557617195
19.6,17.338566,2.261434173583986,2.261434173583986
40.75,30.187132,10.562868118286133,10.562868118286133
13.5,17.366802,-3.866802215576172,3.866802215576172
20.76,15.2849865,5.475013504028322,5.475013504028322
10.26,9.315244,0.944756278991699,0.944756278991699
12.02,13.3541355,-1.3341355133056645,1.3341355133056645
18.43,14.90711,3.5228897857666013,3.5228897857666013
0.41,13.822159,-13.412158813476562,13.412158813476562
53.26,23.94362,29.316379318237303,29.316379318237303
45.21,32.52014,12.6898583984375,12.6898583984375
21.88,13.532701,8.347299461364745,8.347299461364745
15.46,9.513647,5.946352920532227,5.946352920532227
13.94,27.120022,-13.18002182006836,13.18002182006836
21.61,12.632804,8.977196083068847,8.977196083068847
6.73,11.451291,-4.72129108428955,4.72129108428955
7.4,15.461516,-8.061516380310058,8.061516380310058
10.2,13.788965,-3.5889652252197273,3.5889652252197273
7.39,12.936293,-5.54629264831543,5.54629264831543
14.09,16.05938,-1.969379577636719,1.969379577636719
10.86,10.448084,0.41191612243652287,0.41191612243652287
4.85,10.263377,-5.413377189636231,5.413377189636231
14.51,16.882078,-2.3720781707763674,2.3720781707763674
12.09,14.039731,-1.949731025695801,1.949731025695801
12.63,9.566814,3.063185577392579,3.063185577392579
9.27,15.647965,-6.377965431213379,6.377965431213379
15.61,15.716059,-0.10605873107910213,0.10605873107910213
17.75,18.999493,-1.2494926452636719,1.2494926452636719
29.06,31.515873,-2.455872955322267,2.455872955322267
23.33,18.167639,5.162361221313475,5.162361221313475
10.3,7.1067376,3.193262386322022,3.193262386322022
28.54,41.54426,-13.004258117675782,13.004258117675782
20.98,10.898652,10.081347923278809,10.081347923278809
15.0,9.776268,5.223731994628906,5.223731994628906
23.8,22.898788,0.9012115478515632,0.9012115478515632
4.76,13.714548,-8.954548110961914,8.954548110961914
8.9,25.544195,-16.6441951751709,16.6441951751709
3.77,8.994664,-5.2246641921997075,5.2246641921997075
22.38,18.416918,3.9630821990966787,3.9630821990966787
9.79,11.706144,-1.916144332885743,1.916144332885743
15.11,33.676464,-18.566464080810547,18.566464080810547
13.9,17.113625,-3.213624572753906,3.213624572753906
2.04,12.013313,-9.973313293457032,9.973313293457032
18.21,17.021042,1.1889581298828134,1.1889581298828134
5.0,11.205719,-6.205718994140625,6.205718994140625
19.73,21.373734,-1.643733520507812,1.643733520507812
10.12,9.959786,0.16021358489990156,0.16021358489990156
45.02,19.449238,25.570762176513675,25.570762176513675
2.59,6.119726,-3.5297261810302736,3.5297261810302736
35.95,24.586084,11.363915634155276,11.363915634155276
10.31,10.476712,-0.16671222686767528,0.16671222686767528
20.4,8.229618,12.170381927490233,12.170381927490233
2.88,7.5682983,-4.68829833984375,4.68829833984375
27.3,19.698553,7.601446914672852,7.601446914672852
18.18,13.018523,5.161476783752441,5.161476783752441
5.0,12.483703,-7.483702659606934,7.483702659606934
1.43,16.308796,-14.878795928955078,14.878795928955078
1.4,14.332253,-12.932253456115722,12.932253456115722
8.06,18.510365,-10.450364532470703,10.450364532470703
7.08,20.716105,-13.636104507446289,13.636104507446289
0.1,11.119698,-11.019697570800782,11.019697570800782
21.76,12.797434,8.962566146850588,8.962566146850588
34.63,11.716878,22.913122062683108,22.913122062683108
19.23,16.428467,2.8015332031250004,2.8015332031250004
7.0,8.999751,-1.999751091003418,1.999751091003418
19.5,18.897545,0.6024551391601562,0.6024551391601562
10.73,10.561771,0.1682286071777348,0.1682286071777348
9.98,10.078883,-0.09888317108154254,0.09888317108154254
7.75,9.994031,-2.2440309524536133,2.2440309524536133
7.78,12.030867,-4.250866622924804,4.250866622924804
7.27,12.078113,-4.808112602233887,4.808112602233887
4.3,10.533231,-6.233230781555176,6.233230781555176
3.1,11.0983095,-7.998309516906739,7.998309516906739
4.73,16.16416,-11.434159774780273,11.434159774780273
10.6,13.932076,-3.332076454162598,3.332076454162598
17.05,11.998237,5.051763343811036,5.051763343811036
4.57,7.5713954,-3.001395397186279,3.001395397186279
1.79,14.2545,-12.464500389099122,12.464500389099122
6.4,15.2509,-8.850900268554687,8.850900268554687
24.82,23.98296,0.8370402526855472,0.8370402526855472
38.15,28.837944,9.31205596923828,9.31205596923828
13.4,7.075814,6.324186229705811,6.324186229705811
18.2,13.300654,4.899345588684081,4.899345588684081
16.5,9.276499,7.223501205444336,7.223501205444336
7.78,10.101723,-2.321722717285156,2.321722717285156
45.76,22.7133,23.046699295043943,23.046699295043943
17.07,17.05966,0.010340042114258097,0.010340042114258097
23.15,9.558388,13.591612243652342,13.591612243652342
31.85,16.796604,15.05339584350586,15.05339584350586
3.82,9.946859,-6.126859359741211,6.126859359741211
2.16,10.284181,-8.124180641174316,8.124180641174316
2.68,11.680836,-9.000835723876953,9.000835723876953
7.5,9.346514,-1.8465137481689453,1.8465137481689453
19.47,17.18131,2.2886893463134754,2.2886893463134754
22.43,12.310725,10.119274787902832,10.119274787902832
11.2,8.378857,2.8211433410644524,2.8211433410644524
52.88,12.941454,39.93854606628418,39.93854606628418
36.13,13.190444,22.939556007385256,22.939556007385256
2.51,12.500929,-9.99092887878418,9.99092887878418
18.76,6.384146,12.375853786468507,12.375853786468507
20.6,10.13853,10.461470222473146,10.461470222473146
3.31,11.884424,-8.574424209594726,8.574424209594726
9.43,21.3061,-11.876100845336914,11.876100845336914
39.23,24.536686,14.693314056396481,14.693314056396481
1.47,10.381971,-8.911971359252929,8.911971359252929
5.66,12.817881,-7.157880630493164,7.157880630493164
14.25,13.259959,0.9900407791137695,0.9900407791137695
2.9,12.191498,-9.291497802734375,9.291497802734375
4.64,10.468147,-5.828147277832032,5.828147277832032
17.04,13.570077,3.4699230575561515,3.4699230575561515
43.72,23.900324,19.819676132202147,19.819676132202147
33.81,28.518152,5.291847763061526,5.291847763061526
12.93,11.638369,1.291631393432617,1.291631393432617
8.3,8.563158,-0.2631580352783196,0.2631580352783196
2.92,9.559888,-6.639887886047363,6.639887886047363
5.05,11.457354,-6.4073535919189455,6.4073535919189455
3.98,8.822343,-4.8423428726196285,4.8423428726196285
5.89,17.298908,-11.408908233642578,11.408908233642578
16.35,15.653434,0.6965662002563491,0.6965662002563491
21.86,15.2373,6.6227000808715815,6.6227000808715815
51.89,15.590107,36.29989303588867,36.29989303588867
18.2,16.341564,1.8584358215332024,1.8584358215332024
6.3,18.566143,-12.266143035888671,12.266143035888671
3.24,15.082541,-11.842541465759277,11.842541465759277
1.44,16.401213,-14.961212692260743,14.961212692260743
25.93,17.568169,8.361831359863281,8.361831359863281
21.43,25.554855,-4.124855346679688,4.124855346679688
12.52,11.338208,1.1817918014526363,1.1817918014526363
22.88,27.434523,-4.554522628784181,4.554522628784181
3.78,10.702617,-6.922616691589356,6.922616691589356
29.32,20.725056,8.594944305419922,8.594944305419922
19.45,27.304293,-7.8542926788330085,7.8542926788330085
44.4,25.058157,19.341843032836913,19.341843032836913
9.89,16.859722,-6.969722137451171,6.969722137451171
12.42,14.507665,-2.087664680480957,2.087664680480957
20.9,15.216716,5.683284187316893,5.683284187316893
11.2,12.255195,-1.0551946640014656,1.0551946640014656
18.18,13.128184,5.051815681457519,5.051815681457519
13.07,20.843687,-7.773687057495117,7.773687057495117
6.56,10.725917,-4.165916862487793,4.165916862487793
17.28,23.551231,-6.271231384277343,6.271231384277343
18.2,20.054247,-1.854246902465821,1.854246902465821
2.83,9.319635,-6.4896353912353515,6.4896353912353515
19.3,28.013847,-8.713847351074218,8.713847351074218
13.86,14.68626,-0.8262602233886724,0.8262602233886724
19.59,12.978201,6.611799087524414,6.611799087524414
39.5,23.32594,16.174060821533203,16.174060821533203
7.9,27.947924,-20.04792366027832,20.04792366027832
48.66,33.33328,15.326721343994137,15.326721343994137
20.31,26.240908,-5.930907669067384,5.930907669067384
59.08,20.314156,38.76584442138672,38.76584442138672
11.29,16.157099,-4.867098770141602,4.867098770141602
6.25,11.615657,-5.365656852722168,5.365656852722168
7.89,10.606351,-2.716350898742676,2.716350898742676
20.76,14.596574,6.163426170349123,6.163426170349123
10.7,19.96985,-9.269850540161134,9.269850540161134
20.7,23.684559,-2.984558868408204,2.984558868408204
45.45,33.9048,11.54519958496094,11.54519958496094
9.63,13.355264,-3.725263710021972,3.725263710021972
22.4,15.460145,6.939855003356932,6.939855003356932
37.42,21.351019,16.068981094360353,16.068981094360353
46.95,17.741997,29.208003234863284,29.208003234863284
59.14,22.186914,36.953085556030274,36.953085556030274
30.27,18.890558,11.379441757202148,11.379441757202148
38.29,18.106958,20.183041610717773,20.183041610717773
8.33,14.3079195,-5.977919502258301,5.977919502258301
7.12,11.566967,-4.446967010498047,4.446967010498047
6.1,12.127859,-6.027859115600586,6.027859115600586
10.82,20.749592,-9.929591827392578,9.929591827392578
6.75,13.139443,-6.389443397521973,6.389443397521973
24.86,19.441956,5.418044433593749,5.418044433593749
11.46,19.497381,-8.037381210327148,8.037381210327148
6.2,13.270359,-7.0703590393066404,7.0703590393066404
23.7,20.215584,3.484416198730468,3.484416198730468
13.5,24.734526,-11.234525680541992,11.234525680541992
18.38,21.586401,-3.2064009857177744,3.2064009857177744
58.1,31.76334,26.33666000366211,26.33666000366211
16.12,23.417828,-7.297827606201171,7.297827606201171
0.29,20.554394,-20.264393768310548,20.264393768310548
6.5,13.29608,-6.796079635620117,6.796079635620117
57.97,26.205944,31.764055938720702,31.764055938720702
28.19,19.171078,9.018922271728517,9.018922271728517
9.2,10.83165,-1.6316497802734382,1.6316497802734382
13.02,22.30086,-9.280859451293946,9.280859451293946
23.3,23.536762,-0.23676223754882741,0.23676223754882741
22.47,17.362259,5.107741088867186,5.107741088867186
47.84,25.100372,22.73962768554688,22.73962768554688
45.97,27.106886,18.86311408996582,18.86311408996582
4.84,20.782377,-15.942377243041992,15.942377243041992
48.75,23.832996,24.917003631591797,24.917003631591797
15.19,17.361307,-2.1713071441650396,2.1713071441650396
53.19,28.724928,24.465072097778318,24.465072097778318
9.27,9.685731,-0.41573093414306683,0.41573093414306683
56.8,36.41787,20.382130432128903,20.382130432128903
38.6,23.26837,15.331630325317384,15.331630325317384
23.8,14.298859,9.501141357421876,9.501141357421876
40.54,10.426634,30.113366165161132,30.113366165161132
6.9,20.900282,-14.00028190612793,14.00028190612793
41.32,28.842508,12.477491683959961,12.477491683959961
18.18,18.472773,-0.29277259826660185,0.29277259826660185
16.93,20.867083,-3.9370825958251956,3.9370825958251956
33.5,19.797941,13.702058792114258,13.702058792114258
16.51,13.333956,3.1760442352294938,3.1760442352294938
26.0,26.762241,-0.7622413635253906,0.7622413635253906
22.95,13.012176,9.93782444000244,9.93782444000244
16.63,21.405743,-4.775742645263673,4.775742645263673
31.73,19.562956,12.167044143676758,12.167044143676758
9.9,10.981092,-1.0810924530029293,1.0810924530029293
44.18,24.032158,20.14784210205078,20.14784210205078
12.59,11.73752,0.852479782104492,0.852479782104492
23.75,22.852516,0.8974838256835938,0.8974838256835938
15.02,21.958897,-6.938896636962891,6.938896636962891
46.5,25.604393,20.895606994628906,20.895606994628906
26.72,19.875725,6.84427520751953,6.84427520751953
21.84,21.398054,0.44194587707519517,0.44194587707519517
3.75,14.470125,-10.720125198364258,10.720125198364258
17.44,19.898767,-2.4587674713134753,2.4587674713134753
20.5,20.966072,-0.46607208251953125,0.46607208251953125
38.7,21.762506,16.93749351501465,16.93749351501465
12.9,20.754124,-7.85412368774414,7.85412368774414
9.1,20.383955,-11.283955001831055,11.283955001831055
23.45,23.16565,0.2843505859374993,0.2843505859374993
18.18,18.721672,-0.541672058105469,0.541672058105469
29.86,20.65216,9.20783935546875,9.20783935546875
45.46,22.244879,23.215121231079102,23.215121231079102
11.64,23.29062,-11.650620803833007,11.650620803833007
56.54,29.687977,26.852023162841796,26.852023162841796
23.67,21.686634,1.9833659362792986,1.9833659362792986
36.5,19.943233,16.556766510009766,16.556766510009766
15.15,20.2947,-5.144700622558593,5.144700622558593
10.22,21.861025,-11.641024856567382,11.641024856567382
8.94,18.217571,-9.277571258544922,9.277571258544922
42.85,32.322975,10.527024841308595,10.527024841308595
2.0,17.096317,-15.096317291259766,15.096317291259766
41.61,29.467295,12.142705307006835,12.142705307006835
37.65,35.788597,1.8614028930664048,1.8614028930664048
21.69,28.706,-7.015999374389647,7.015999374389647
48.19,40.32175,7.868249359130857,7.868249359130857
35.92,24.709213,11.210786743164064,11.210786743164064
5.8,15.786838,-9.986837577819824,9.986837577819824
55.15,25.418068,29.731932067871092,29.731932067871092
44.6,33.25125,11.348748779296876,11.348748779296876
10.8,14.770806,-3.9708063125610344,3.9708063125610344
57.4,32.158607,25.241392517089842,25.241392517089842
17.49,36.2921,-18.80209899902344,18.80209899902344
30.03,22.329367,7.70063331604004,7.70063331604004
44.1,38.722454,5.3775459289550795,5.3775459289550795
30.4,20.744751,9.655249023437499,9.655249023437499
59.94,34.856174,25.083825531005857,25.083825531005857
21.3,15.885906,5.414093780517579,5.414093780517579
18.0,25.947695,-7.947694778442383,7.947694778442383
10.9,15.592458,-4.692457771301269,4.692457771301269
9.7,12.607701,-2.9077013015747077,2.9077013015747077
11.26,11.096141,0.16385913848876932,0.16385913848876932
22.1,31.312696,-9.212696456909178,9.212696456909178
27.55,21.36702,6.182980346679688,6.182980346679688
6.4,13.0669,-6.666900253295898,6.666900253295898
9.5,9.382113,0.11788654327392578,0.11788654327392578
23.23,18.68048,4.549520950317383,4.549520950317383
10.74,8.456686,2.2833139801025393,2.2833139801025393
9.59,18.069477,-8.479477081298828,8.479477081298828
26.58,31.31717,-4.737169189453127,4.737169189453127
18.76,23.118217,-4.358217468261717,4.358217468261717
27.38,28.415598,-1.035597915649415,1.035597915649415
19.81,13.541143,6.2688565826416,6.2688565826416
26.85,33.113167,-6.26316680908203,6.26316680908203
17.77,20.24208,-2.472080688476563,2.472080688476563
24.66,23.322605,1.3373948669433595,1.3373948669433595
8.18,17.539026,-9.359026260375977,9.359026260375977
8.68,18.420412,-9.740412063598633,9.740412063598633
10.5,13.234416,-2.7344160079956055,2.7344160079956055
11.5,15.37512,-3.875120162963867,3.875120162963867
10.95,9.480839,1.4691612243652337,1.4691612243652337
23.7,17.525026,6.1749736785888665,6.1749736785888665
12.32,15.518456,-3.19845645904541,3.19845645904541
50.87,28.228798,22.64120208740234,22.64120208740234
5.5,12.964291,-7.464290618896484,7.464290618896484
18.18,17.255638,0.924361877441406,0.924361877441406
1.41,15.9261675,-14.516167488098144,14.516167488098144
17.25,12.461607,4.788393020629883,4.788393020629883
8.21,15.574623,-7.364623107910155,7.364623107910155
0.7,16.993492,-16.293492126464844,16.293492126464844
50.0,12.131087,37.86891269683838,37.86891269683838
6.8,11.226605,-4.4266054153442385,4.4266054153442385
8.0,17.407856,-9.407855987548828,9.407855987548828
22.4,15.223009,7.176990890502928,7.176990890502928
10.24,14.215897,-3.9758966064453123,3.9758966064453123
7.64,11.601604,-3.961604461669922,3.961604461669922
14.93,9.626505,5.303495101928711,5.303495101928711
40.16,16.940117,23.219883117675778,23.219883117675778
3.78,19.121378,-15.34137794494629,15.34137794494629
3.24,7.2792993,-4.039299259185791,4.039299259185791
9.2,12.829543,-3.629543113708497,3.629543113708497
13.92,13.022833,0.8971671295166015,0.8971671295166015
3.25,16.123306,-12.873306274414062,12.873306274414062
10.4,10.70287,-0.3028703689575192,0.3028703689575192
45.13,29.922108,15.2078923034668,15.2078923034668
7.43,8.405656,-0.9756558609008792,0.9756558609008792
17.02,14.557914,2.4620862197875972,2.4620862197875972
4.9,11.90377,-7.003770446777343,7.003770446777343
7.4,13.856498,-6.456497764587402,6.456497764587402
49.18,21.566748,27.613252334594726,27.613252334594726
11.15,8.10981,3.040190124511719,3.040190124511719
33.33,16.197512,17.132488327026365,17.132488327026365
3.1,10.875248,-7.775247955322266,7.775247955322266
26.31,24.4426,1.867399749755858,1.867399749755858
20.65,14.400041,6.24995937347412,6.24995937347412
9.54,9.675771,-0.13577075958252038,0.13577075958252038
45.53,23.761902,21.76809814453125,21.76809814453125
16.44,10.743747,5.696253242492677,5.696253242492677
13.34,16.581314,-3.2413140869140626,3.2413140869140626
12.04,19.070513,-7.030512771606446,7.030512771606446
3.37,14.64114,-11.271139984130858,11.271139984130858
35.68,21.606565,14.073434524536133,14.073434524536133
13.19,10.417084,2.7729162597656245,2.7729162597656245
3.04,6.119726,-3.0797261810302734,3.0797261810302734
14.23,18.804049,-4.574048538208007,4.574048538208007
9.18,17.29715,-8.117149658203125,8.117149658203125
41.84,19.478996,22.361003723144535,22.361003723144535
9.37,11.127752,-1.7577523040771492,1.7577523040771492
6.56,13.082945,-6.522944869995118,6.522944869995118
21.09,18.34262,2.747379150390625,2.747379150390625
4.8,10.192392,-5.392392349243164,5.392392349243164
2.72,8.974234,-6.254233627319335,6.254233627319335
11.1,8.27941,2.8205896377563473,2.8205896377563473
13.63,11.599391,2.030609016418458,2.030609016418458
30.28,49.531796,-19.251795501708983,19.251795501708983
9.74,9.534799,0.20520137786865256,0.20520137786865256
0.05,12.787241,-12.737240982055663,12.737240982055663
13.41,24.00896,-10.598960723876953,10.598960723876953
12.72,22.84489,-10.124890594482421,10.124890594482421
48.69,33.749027,14.940972747802732,14.940972747802732
38.77,19.181265,19.588735122680667,19.588735122680667
3.55,12.797434,-9.247433853149413,9.247433853149413
12.7,16.549301,-3.849301147460938,3.849301147460938
3.26,7.5682983,-4.30829833984375,4.30829833984375
12.37,19.28711,-6.917109375000001,6.917109375000001
15.84,13.780863,2.059137191772461,2.059137191772461
4.0,18.120623,-14.120622634887695,14.120622634887695
11.41,9.808412,1.6015884017944337,1.6015884017944337
44.8,19.249329,25.550671386718747,25.550671386718747
4.11,9.521171,-5.411170616149902,5.411170616149902
1.28,6.119726,-4.839726181030273,4.839726181030273
23.88,19.156242,4.72375762939453,4.72375762939453
29.17,16.827349,12.342651290893556,12.342651290893556
11.99,11.198697,0.7913029098510744,0.7913029098510744
5.4,8.622032,-3.2220321655273434,3.2220321655273434
6.78,11.965041,-5.185041160583496,5.185041160583496
2.91,16.927248,-14.017248001098633,14.017248001098633
9.7,9.7378025,-0.03780250549316477,0.03780250549316477
6.35,22.29849,-15.948490524291993,15.948490524291993
1.55,10.8866205,-9.33662052154541,9.33662052154541
5.3,17.736233,-12.436232757568359,12.436232757568359
4.2,8.946571,-4.746571350097656,4.746571350097656
13.94,12.358409,1.581591072082519,1.581591072082519
8.9,9.566814,-0.6668144226074215,0.6668144226074215
2.88,7.222295,-4.342294807434082,4.342294807434082
33.02,20.358847,12.661153335571292,12.661153335571292
2.2,17.472841,-15.272841262817384,15.272841262817384
7.02,11.184148,-4.1641478347778325,4.1641478347778325
26.38,20.035599,6.3444012451171865,6.3444012451171865
47.34,10.641368,36.69863208770752,36.69863208770752
30.99,21.509075,9.480924835205077,9.480924835205077
33.93,11.557301,22.372699432373047,22.372699432373047
10.7,7.82664,2.873359870910644,2.873359870910644
30.3,10.585186,19.71481399536133,19.71481399536133
26.47,16.715656,9.75434371948242,9.75434371948242
18.2,14.313006,3.8869935989379876,3.8869935989379876
3.9,13.641098,-9.741098022460937,9.741098022460937
17.0,16.607306,0.39269447326660156,0.39269447326660156
16.2,12.627365,3.572634887695312,3.572634887695312
18.69,11.514112,7.175887527465822,7.175887527465822
15.91,12.696653,3.213346633911133,3.213346633911133
23.2,16.968922,6.231078338623046,6.231078338623046
0.07,9.149434,-9.079434089660644,9.079434089660644
5.1,16.452732,-11.352732086181641,11.352732086181641
7.58,17.952147,-10.372146530151367,10.372146530151367
7.27,11.97636,-4.706360321044922,4.706360321044922
7.3,17.359097,-10.059096527099609,10.059096527099609
20.99,12.187542,8.802458038330077,8.802458038330077
14.12,18.62864,-4.508639221191407,4.508639221191407
13.92,12.047215,1.872784538269043,1.872784538269043
5.29,12.416129,-7.126129112243652,7.126129112243652
38.7,21.012405,17.68759460449219,17.68759460449219
16.64,10.072879,6.567121162414551,6.567121162414551
20.3,12.326254,7.97374610900879,7.97374610900879
30.09,17.659441,12.430559005737305,12.430559005737305
6.77,20.420345,-13.650345306396485,13.650345306396485
13.24,16.083624,-2.8436238861083982,2.8436238861083982
21.95,13.577604,8.372395706176757,8.372395706176757
10.0,18.305233,-8.305233001708984,8.305233001708984
20.62,23.160982,-2.540982131958007,2.540982131958007
5.59,12.262982,-6.672982368469238,6.672982368469238
29.98,16.815584,13.164415817260743,13.164415817260743
6.58,21.695253,-15.115253372192383,15.115253372192383
27.34,22.950909,4.389091339111328,4.389091339111328
24.27,12.8996725,11.370327491760253,11.370327491760253
35.19,21.145844,14.044156494140623,14.044156494140623
12.9,7.8494015,5.050598526000977,5.050598526000977
2.03,7.756382,-5.726381988525391,5.726381988525391
5.62,9.240649,-3.6206492233276366,3.6206492233276366
16.33,19.848694,-3.5186938476562517,3.5186938476562517
5.77,17.56187,-11.791870574951172,11.791870574951172
19.89,15.486432,4.403567924499512,4.403567924499512
14.46,13.844386,0.6156138992309579,0.6156138992309579
24.71,22.813784,1.896216354370118,1.896216354370118
12.56,13.064554,-0.5045542144775386,0.5045542144775386
3.07,13.125989,-10.055988960266113,10.055988960266113
24.52,27.441734,-2.921734313964844,2.921734313964844
3.05,10.598594,-7.5485937118530275,7.5485937118530275
17.18,43.614254,-26.434253997802735,26.434253997802735
7.56,12.960775,-5.400775375366211,5.400775375366211
21.03,26.60606,-5.576060028076171,5.576060028076171
10.22,14.507665,-4.287664680480956,4.287664680480956
26.8,28.876867,-2.0768672943115227,2.0768672943115227
23.2,25.349554,-2.149554061889649,2.149554061889649
0.7,10.111525,-9.41152458190918,9.41152458190918
6.5,14.712783,-8.212782859802246,8.212782859802246
9.31,26.338959,-17.028958740234373,17.028958740234373
16.21,10.942535,5.267464599609376,5.267464599609376
6.69,12.789987,-6.099986610412597,6.099986610412597
32.17,24.26021,7.909789962768556,7.909789962768556
35.0,16.862215,18.137784957885742,18.137784957885742
41.16,28.001041,13.158958587646481,13.158958587646481
7.3,12.818618,-5.518617820739746,5.518617820739746
12.78,11.918513,0.8614867019653314,0.8614867019653314
22.3,13.057667,9.242333221435548,9.242333221435548
54.6,27.565117,27.034883117675783,27.034883117675783
22.92,17.27513,5.644870681762697,5.644870681762697
47.36,21.613653,25.7463468170166,25.7463468170166
26.15,25.400537,0.749462509155272,0.749462509155272
35.66,22.59878,13.06122032165527,13.06122032165527
29.5,21.960327,7.5396728515625,7.5396728515625
18.2,15.008318,3.191682052612304,3.191682052612304
6.05,15.336552,-9.286551666259765,9.286551666259765
14.2,19.853165,-5.653164672851563,5.653164672851563
9.33,21.827208,-12.497207565307617,12.497207565307617
32.78,16.199848,16.580151824951173,16.580151824951173
9.1,13.905604,-4.805604362487793,4.805604362487793
2.0,18.951675,-16.951675415039062,16.951675415039062
12.84,12.172394,0.6676062011718749,0.6676062011718749
12.13,18.182348,-6.052348251342773,6.052348251342773
11.51,16.157099,-4.647098770141602,4.647098770141602
17.77,22.49229,-4.722290496826172,4.722290496826172
3.4,16.18197,-12.781970596313476,12.781970596313476
10.4,11.792177,-1.3921772003173825,1.3921772003173825
50.4,24.891874,25.508125686645506,25.508125686645506
29.01,17.380835,11.629165420532228,11.629165420532228
7.0,19.24802,-12.24802017211914,12.24802017211914
9.28,24.461441,-15.181441040039063,15.181441040039063
21.2,21.13846,0.06153984069824148,0.06153984069824148
22.41,17.312613,5.097387466430664,5.097387466430664
15.82,19.307459,-3.4874588775634763,3.4874588775634763
18.6,20.286163,-1.6861633300781236,1.6861633300781236
39.94,30.140512,9.799487533569334,9.799487533569334
6.17,18.46995,-12.29994972229004,12.29994972229004
22.35,18.453886,3.8961139678955092,3.8961139678955092
7.79,12.640303,-4.850302658081055,4.850302658081055
3.9,10.45849,-6.558490371704101,6.558490371704101
18.18,13.169201,5.010799102783203,5.010799102783203
34.49,19.866152,14.62384819030762,14.62384819030762
0.6,30.481987,-29.881986999511717,29.881986999511717
24.11,16.71382,7.39618049621582,7.39618049621582
39.73,19.086617,20.643383483886716,20.643383483886716
13.22,20.695362,-7.4753620910644525,7.4753620910644525
61.76,19.635693,42.12430740356445,42.12430740356445
14.86,12.755571,2.104428634643554,2.104428634643554
16.14,10.74457,5.395430221557618,5.395430221557618
7.34,16.330631,-8.990631256103516,8.990631256103516
21.21,18.300138,2.9098615264892587,2.9098615264892587
19.17,14.715516,4.454483909606935,4.454483909606935
13.32,24.040636,-10.72063606262207,10.72063606262207
21.13,22.14853,-1.018529052734376,1.018529052734376
59.2,26.652683,32.54731674194336,32.54731674194336
39.59,30.953459,8.636541213989261,8.636541213989261
6.8,18.531422,-11.731421661376952,11.731421661376952
23.4,20.522438,2.8775619506835923,2.8775619506835923
4.5,19.677639,-15.17763900756836,15.17763900756836
5.32,9.647809,-4.327809028625488,4.327809028625488
10.36,10.013333,0.34666667938232365,0.34666667938232365
37.0,25.628796,11.371204376220703,11.371204376220703
56.4,33.91546,22.48454132080078,22.48454132080078
6.94,11.691474,-4.7514739608764645,4.7514739608764645
21.92,20.381252,1.5387477111816423,1.5387477111816423
52.51,19.611347,32.89865280151367,32.89865280151367
34.82,22.917908,11.90209228515625,11.90209228515625
14.92,22.375135,-7.45513542175293,7.45513542175293
43.5,19.10247,24.39752960205078,24.39752960205078
20.1,19.77707,0.3229309082031264,0.3229309082031264
10.56,13.798739,-3.2387394332885737,3.2387394332885737
5.81,21.873713,-16.063712539672853,16.063712539672853
14.36,19.528666,-5.16866554260254,5.16866554260254
6.42,20.782753,-14.362752990722656,14.362752990722656
22.3,20.729866,1.5701339721679695,1.5701339721679695
34.16,24.568623,9.591377410888668,9.591377410888668
9.71,21.47009,-11.760090866088866,11.760090866088866
12.1,11.874062,0.2259384155273434,0.2259384155273434
21.6,21.546377,0.053622817993165484,0.053622817993165484
61.75,24.2359,37.51409912109375,37.51409912109375
9.4,19.553705,-10.153705215454101,10.153705215454101
4.32,13.702223,-9.38222282409668,9.38222282409668
36.73,21.79748,14.932520370483395,14.932520370483395
19.05,25.23889,-6.1888896942138665,6.1888896942138665
36.71,21.952791,14.757208786010743,14.757208786010743
20.43,20.596102,-0.1661017608642581,0.1661017608642581
39.4,32.08138,7.3186210632324205,7.3186210632324205
15.5,26.020382,-10.520381927490234,10.520381927490234
5.7,20.21899,-14.518990325927735,14.518990325927735
76.33,24.13203,52.19796951293945,52.19796951293945
29.95,22.96015,6.989850234985351,6.989850234985351
12.4,13.844942,-1.4449420928955075,1.4449420928955075
20.91,22.22592,-1.315919723510742,1.315919723510742
18.18,23.034336,-4.854336090087891,4.854336090087891
1.66,12.721341,-11.061341133117676,11.061341133117676
38.48,17.99377,20.486229400634762,20.486229400634762
6.24,10.716403,-4.476403007507324,4.476403007507324
61.39,21.08499,40.30501045227051,40.30501045227051
0.11,16.966967,-16.85696662902832,16.85696662902832
61.3,31.819647,29.48035316467285,29.48035316467285
55.71,34.27103,21.43896957397461,21.43896957397461
51.18,35.52922,15.650779418945312,15.650779418945312
0.8,16.41705,-15.617049407958984,15.617049407958984
8.31,21.7386,-13.42859977722168,13.42859977722168
18.17,20.41429,-2.244289474487303,2.244289474487303
11.15,12.16672,-1.0167203903198239,1.0167203903198239
0.87,33.594616,-32.7246159362793,32.7246159362793
56.23,32.58208,23.647919158935544,23.647919158935544
40.2,19.614098,20.58590240478516,20.58590240478516
54.6,30.032495,24.567504501342775,24.567504501342775
67.61,33.351467,34.25853286743164,34.25853286743164
1.0,14.777469,-13.77746868133545,13.77746868133545
11.55,20.591639,-9.041638565063476,9.041638565063476
4.22,11.917257,-7.697257308959961,7.697257308959961
10.53,11.068778,-0.538778038024903,0.538778038024903
0.31,14.830585,-14.520584526062011,14.520584526062011
14.09,12.751192,1.338807907104492,1.338807907104492
5.24,21.569923,-16.329923400878904,16.329923400878904
13.4,13.454711,-0.05471096038818324,0.05471096038818324
29.93,12.142756,17.78724353790283,17.78724353790283
10.91,13.275834,-2.3658340835571288,2.3658340835571288
13.2,12.670284,0.5297157287597649,0.5297157287597649
5.7,15.177854,-9.477853584289551,9.477853584289551
14.14,15.077953,-0.9379533386230463,0.9379533386230463
9.28,8.456686,0.8233139801025384,0.8233139801025384
21.73,17.105993,4.624006729125977,4.624006729125977
42.0,16.810984,25.189016342163086,25.189016342163086
14.5,15.697861,-1.1978607177734375,1.1978607177734375
4.0,15.827275,-11.827275276184082,11.827275276184082
40.33,14.429901,25.900098876953123,25.900098876953123
12.75,17.206137,-4.456136703491211,4.456136703491211
16.8,18.308517,-1.5085174560546868,1.5085174560546868
13.32,19.93825,-6.618249588012695,6.618249588012695
9.41,11.52217,-2.112170066833496,2.112170066833496
5.07,12.823962,-7.753962211608886,7.753962211608886
0.9,10.8257475,-9.925747489929199,9.925747489929199
6.8,11.201344,-4.401343536376953,4.401343536376953
40.8,30.687756,10.1122444152832,10.1122444152832
24.52,19.661354,4.858645935058593,4.858645935058593
41.2,31.570787,9.629212570190433,9.629212570190433
24.98,21.08434,3.8956608581542973,3.8956608581542973
18.6,19.426924,-0.8269237518310533,0.8269237518310533
58.18,41.141018,17.03898208618164,17.03898208618164
36.25,15.79982,20.450180053710938,20.450180053710938
18.7,21.308243,-2.608242797851563,2.608242797851563
6.15,12.533803,-6.383802986145019,6.383802986145019
30.29,15.728411,14.561589279174804,14.561589279174804
7.05,11.451568,-4.401567649841309,4.401567649841309
27.4,21.608011,5.7919887542724595,5.7919887542724595
26.2,15.249288,10.950712394714355,10.950712394714355
11.27,11.119017,0.1509833526611324,0.1509833526611324
11.1,9.4509735,1.6490264892578121,1.6490264892578121
10.1,7.604457,2.4955430984497067,2.4955430984497067
25.64,21.750057,3.889942779541016,3.889942779541016
10.3,13.666967,-3.3669673919677727,3.3669673919677727
2.3,10.815566,-8.515566062927245,8.515566062927245
11.57,19.320919,-7.750919036865234,7.750919036865234
9.8,12.403372,-2.6033718109130852,2.6033718109130852
4.02,15.921186,-11.901186447143555,11.901186447143555
2.12,11.509601,-9.38960063934326,9.38960063934326
22.3,15.313399,6.98660068511963,6.98660068511963
31.14,10.167436,20.97256435394287,20.97256435394287
0.6,13.264469,-12.664469146728516,12.664469146728516
18.15,14.858677,3.291323089599608,3.291323089599608
18.13,8.093939,10.03606117248535,10.03606117248535
6.99,11.456328,-4.466328392028808,4.466328392028808
31.29,16.641314,14.648686447143554,14.648686447143554
11.41,9.904503,1.5054971313476564,1.5054971313476564
10.29,24.864628,-14.574627838134766,14.574627838134766
6.15,16.874866,-10.724866485595703,10.724866485595703
15.38,17.35501,-1.9750090789794914,1.9750090789794914
14.73,9.582165,5.1478352355957036,5.1478352355957036
3.54,10.877666,-7.337666473388672,7.337666473388672
5.8,9.5497,-3.7496997833251955,3.7496997833251955
11.0,9.629407,1.3705930709838867,1.3705930709838867
5.69,11.163158,-5.4731584167480465,5.4731584167480465
3.38,6.4532447,-3.073244686126709,3.073244686126709
13.03,6.119726,6.910273818969726,6.910273818969726
16.49,14.178707,2.311292877197264,2.311292877197264
3.21,9.856832,-6.646831550598145,6.646831550598145
7.1,10.600839,-3.500838661193848,3.500838661193848
6.06,12.154223,-6.094223442077637,6.094223442077637
1.1,10.8866205,-9.78662052154541,9.78662052154541
11.8,13.811441,-2.0114414215087884,2.0114414215087884
8.9,10.893289,-1.9932886123657223,1.9932886123657223
4.1,14.586266,-10.486265563964844,10.486265563964844
28.23,17.79894,10.431059341430664,10.431059341430664
20.54,19.88844,0.6515608215332023,0.6515608215332023
10.37,8.892605,1.4773951721191398,1.4773951721191398
16.02,10.514832,5.50516845703125,5.50516845703125
3.49,7.5682983,-4.07829833984375,4.07829833984375
9.0,11.232913,-2.232913017272949,2.232913017272949
16.37,6.9327383,9.437261695861817,9.437261695861817
19.48,12.379748,7.100251655578614,7.100251655578614
9.11,18.781511,-9.671511306762696,9.671511306762696
26.09,11.990108,14.099892463684082,14.099892463684082
26.0,16.166365,9.833635330200195,9.833635330200195
26.74,8.323239,18.416760673522948,18.416760673522948
33.68,14.75229,18.92771022796631,18.92771022796631
40.74,14.329811,26.410188903808596,26.410188903808596
22.4,10.20357,12.196429634094237,12.196429634094237
7.52,7.26164,0.2583599281311031,0.2583599281311031
18.64,12.105328,6.534672393798829,6.534672393798829
16.5,14.808016,1.6919841766357422,1.6919841766357422
7.73,7.525931,0.20406911849975629,0.20406911849975629
4.45,10.284315,-5.8343151092529295,5.8343151092529295
14.1,11.8138895,2.2861104965209957,2.2861104965209957
5.2,16.581314,-11.381314086914063,11.381314086914063
14.2,19.676434,-5.476433563232423,5.476433563232423
1.64,9.037105,-7.397104606628418,7.397104606628418
1.18,12.797434,-11.617433853149414,11.617433853149414
6.01,8.229618,-2.219618072509766,2.219618072509766
14.5,14.678121,-0.17812061309814453,0.17812061309814453
0.01,15.394223,-15.384223213195801,15.384223213195801
9.53,10.071174,-0.5411736679077155,0.5411736679077155
11.16,12.583212,-1.4232118988037108,1.4232118988037108
1.15,11.648831,-10.498831367492675,10.498831367492675
0.32,11.053285,-10.733284645080566,10.733284645080566
4.91,10.589606,-5.679606285095215,5.679606285095215
3.39,10.874728,-7.484728202819824,7.484728202819824
45.87,32.668076,13.20192443847656,13.20192443847656
23.49,17.037024,6.452976455688475,6.452976455688475
4.84,10.224739,-5.384739074707031,5.384739074707031
16.5,9.772503,6.727497100830078,6.727497100830078
15.21,9.057296,6.15270420074463,6.15270420074463
24.18,19.695303,4.484697036743164,4.484697036743164
1.62,8.459943,-6.839942817687988,6.839942817687988
8.26,8.199681,0.060318717956542756,0.060318717956542756
41.35,29.645761,11.704238510131837,11.704238510131837
22.83,11.794451,11.035549240112303,11.035549240112303
15.87,28.688993,-12.818993453979493,12.818993453979493
31.01,21.373734,9.636266479492189,9.636266479492189
34.05,24.64376,9.406239318847653,9.406239318847653
10.01,22.825586,-12.815586318969727,12.815586318969727
9.07,9.819456,-0.7494561004638669,0.7494561004638669
17.45,10.965666,6.484334182739257,6.484334182739257
23.94,17.049206,6.890794219970704,6.890794219970704
29.74,19.302223,10.437776794433592,10.437776794433592
13.77,10.198734,3.571265716552734,3.571265716552734
6.2,15.636128,-9.436128425598145,9.436128425598145
14.72,17.237068,-2.5170681762695306,2.5170681762695306
47.93,20.23732,27.692680053710937,27.692680053710937
6.2,12.796341,-6.596340942382812,6.596340942382812
11.1,8.055824,3.0441757202148434,3.0441757202148434
19.03,12.610789,6.419210700988771,6.419210700988771
5.81,9.057671,-3.247670593261719,3.247670593261719
3.25,17.610579,-14.360578536987305,14.360578536987305
6.82,7.3406286,-0.5206286239624021,0.5206286239624021
8.47,9.1618805,-0.6918804931640619,0.6918804931640619
18.61,18.177637,0.43236289978027287,0.43236289978027287
13.0,10.586249,2.413750648498535,2.413750648498535
0.64,12.5174465,-11.877446517944335,11.877446517944335
7.92,10.940475,-3.0204754638671876,3.0204754638671876
32.5,17.430525,15.069475173950195,15.069475173950195
40.46,25.587856,14.872143707275391,14.872143707275391
35.57,11.7821245,23.787875480651856,23.787875480651856
37.47,13.727227,23.742772789001464,23.742772789001464
3.9,10.247982,-6.347982025146484,6.347982025146484
19.0,12.945303,6.054697036743164,6.054697036743164
0.16,10.758604,-10.598604049682617,10.598604049682617
21.4,14.998947,6.401052856445311,6.401052856445311
0.01,11.690643,-11.680643310546875,11.680643310546875
0.86,10.985288,-10.125287666320801,10.125287666320801
5.43,14.64523,-9.215230293273926,9.215230293273926
31.49,21.76521,9.724790802001952,9.724790802001952
11.01,12.783724,-1.773723831176758,1.773723831176758
52.1,10.052725,42.047275161743165,42.047275161743165
64.68,20.941917,43.73808258056641,43.73808258056641
13.26,21.664484,-8.404484024047852,8.404484024047852
6.2,11.451783,-5.251783180236816,5.251783180236816
8.29,19.796951,-11.506951293945313,11.506951293945313
20.49,11.445465,9.044534912109373,9.044534912109373
7.48,11.757285,-4.277285118103027,4.277285118103027
8.17,15.174481,-7.004481391906738,7.004481391906738
18.68,11.063851,7.616148643493652,7.616148643493652
5.78,15.34511,-9.565109939575194,9.565109939575194
4.57,7.1259303,-2.555930309295654,2.555930309295654
44.17,14.997877,29.172122879028322,29.172122879028322
0.62,18.936874,-18.316874389648437,18.316874389648437
1.26,13.060026,-11.800026168823242,11.800026168823242
1.16,7.731886,-6.5718859100341795,6.5718859100341795
26.38,23.496294,2.8837059783935537,2.8837059783935537
30.3,18.552797,11.747202682495118,11.747202682495118
38.19,26.955198,11.23480171203613,11.23480171203613
15.56,14.423463,1.136537132263184,1.136537132263184
30.13,14.335633,15.794366722106933,15.794366722106933
6.67,12.834599,-6.164598541259766,6.164598541259766
10.26,14.727904,-4.467904319763184,4.467904319763184
22.3,16.552265,5.747734832763673,5.747734832763673
8.82,15.725261,-6.905260734558105,6.905260734558105
20.2,29.68825,-9.488249588012696,9.488249588012696
21.9,18.044254,3.855745697021483,3.855745697021483
50.9,15.412417,35.4875825881958,35.4875825881958
0.68,10.176836,-9.496836013793946,9.496836013793946
6.32,12.313048,-5.993048362731933,5.993048362731933
29.58,20.176083,9.403917388916014,9.403917388916014
3.2,10.137889,-6.93788890838623,6.93788890838623
28.95,25.45808,3.4919197082519524,3.4919197082519524
49.93,28.287373,21.64262741088867,21.64262741088867
0.05,31.515234,-31.465233993530273,31.465233993530273
12.43,11.359288,1.0707117843627927,1.0707117843627927
36.69,27.073416,9.616584243774412,9.616584243774412
0.05,11.460093,-11.410092544555663,11.410092544555663
19.79,15.764183,4.025816955566405,4.025816955566405
24.25,25.370783,-1.1207828521728516,1.1207828521728516
5.12,12.762133,-7.64213264465332,7.64213264465332
11.5,26.019749,-14.51974868774414,14.51974868774414
3.69,9.743105,-6.053104934692383,6.053104934692383
36.99,18.511948,18.478052368164064,18.478052368164064
51.26,24.540615,26.71938491821289,26.71938491821289
41.08,27.602613,13.477386550903319,13.477386550903319
0.04,15.509054,-15.469054183959962,15.469054183959962
22.29,14.053792,8.236208000183105,8.236208000183105
37.8,20.206198,17.593802261352536,17.593802261352536
13.82,12.268095,1.551904983520508,1.551904983520508
18.82,14.649924,4.170075721740723,4.170075721740723
20.76,14.72785,6.032150039672853,6.032150039672853
37.53,23.614796,13.915204315185548,13.915204315185548
22.81,26.67095,-3.860949935913087,3.860949935913087
7.86,24.616997,-16.75699676513672,16.75699676513672
9.83,16.1737,-6.3437003326416015,6.3437003326416015
19.3,21.978115,-2.6781150817871087,2.6781150817871087
11.59,11.751762,-0.1617623901367189,0.1617623901367189
52.97,27.649239,25.320761413574218,25.320761413574218
14.43,13.644456,0.7855440902709958,0.7855440902709958
34.66,29.1541,5.505899581909176,5.505899581909176
18.4,19.617886,-1.2178855895996108,1.2178855895996108
3.2,19.69194,-16.491940307617188,16.491940307617188
9.6,24.326405,-14.726404571533203,14.726404571533203
22.32,19.838825,2.481174774169922,2.481174774169922
17.07,23.609226,-6.53922622680664,6.53922622680664
3.95,19.767311,-15.817311096191407,15.817311096191407
18.0,17.152977,0.8470230102539062,0.8470230102539062
18.62,20.752861,-2.1328610229492178,2.1328610229492178
3.58,15.9744215,-12.394421501159668,12.394421501159668
29.01,21.15047,7.859529266357423,7.859529266357423
18.82,20.282555,-1.4625546264648435,1.4625546264648435
12.27,22.503962,-10.233961563110352,10.233961563110352
12.32,29.177576,-16.857576065063476,16.857576065063476
59.63,22.32277,37.30723083496094,37.30723083496094
37.8,21.007175,16.792824554443357,16.792824554443357
17.6,19.227278,-1.6272777557373033,1.6272777557373033
61.36,23.942303,37.41769729614258,37.41769729614258
24.3,18.240204,6.059796142578126,6.059796142578126
22.41,20.83599,1.5740090942382814,1.5740090942382814
6.49,20.155712,-13.665712127685547,13.665712127685547
12.82,21.275063,-8.455062561035156,8.455062561035156
25.72,21.148436,4.571564407348632,4.571564407348632
35.5,21.754625,13.74537467956543,13.74537467956543
22.24,19.9102,2.3297998809814437,2.3297998809814437
15.13,21.432009,-6.302008743286132,6.302008743286132
13.2,18.219812,-5.019812393188477,5.019812393188477
6.6,18.302784,-11.702783966064453,11.702783966064453
22.7,19.72948,2.970519256591796,2.970519256591796
7.2,10.104319,-2.904318618774414,2.904318618774414
9.04,12.626394,-3.586394271850587,3.586394271850587
12.3,25.632961,-13.332961273193359,13.332961273193359
24.36,18.431622,5.928378448486328,5.928378448486328
40.3,20.354963,19.945036697387692,19.945036697387692
28.14,14.968222,13.17177833557129,13.17177833557129
0.23,11.883608,-11.653607864379882,11.653607864379882
17.3,26.502035,-9.20203514099121,9.20203514099121
19.85,20.09931,-0.24930992126464702,0.24930992126464702
31.43,20.422487,11.007512741088867,11.007512741088867
6.41,18.628344,-12.21834358215332,12.21834358215332
25.23,16.988152,8.241848449707032,8.241848449707032
58.74,16.396236,42.34376358032227,42.34376358032227
23.52,21.31646,2.203540344238281,2.203540344238281
39.25,21.499876,17.750123977661133,17.750123977661133
19.65,21.714003,-2.064002609252931,2.064002609252931
13.03,19.20336,-6.173359603881837,6.173359603881837
11.15,29.337395,-18.18739471435547,18.18739471435547
34.92,18.638437,16.281562728881838,16.281562728881838
39.23,39.28274,-0.0527415466308625,0.0527415466308625
5.34,19.115034,-13.775034103393555,13.775034103393555
46.06,19.721413,26.338587341308596,26.338587341308596
23.3,19.884483,3.415516662597657,3.415516662597657
25.12,16.708803,8.411196823120118,8.411196823120118
29.22,19.515375,9.704624862670897,9.704624862670897
21.32,14.471289,6.848711318969727,6.848711318969727
50.0,20.170727,29.829273223876953,29.829273223876953
7.09,15.4712,-8.381199989318848,8.381199989318848
15.2,19.872576,-4.672575759887696,4.672575759887696
26.2,24.23857,1.9614307403564446,1.9614307403564446
17.92,34.676193,-16.756193237304686,16.756193237304686
8.3,20.68801,-12.38800926208496,12.38800926208496
12.7,16.748672,-4.048672485351563,4.048672485351563
48.84,32.322975,16.517024841308597,16.517024841308597
40.3,19.088562,21.211437988281247,21.211437988281247
7.62,38.357464,-30.73746383666992,30.73746383666992
32.5,31.446316,1.0536842346191406,1.0536842346191406
15.18,28.331755,-13.151754684448242,13.151754684448242
3.78,14.598636,-10.81863567352295,10.81863567352295
43.4,21.884665,21.515335464477538,21.515335464477538
19.09,19.651196,-0.561195526123047,0.561195526123047
42.82,25.55832,17.261680908203125,17.261680908203125
41.06,20.839472,20.2205281829834,20.2205281829834
42.89,29.900986,12.989014282226563,12.989014282226563
29.06,12.393627,16.666372833251952,16.666372833251952
47.28,24.48199,22.798009185791017,22.798009185791017
45.46,21.038082,24.421917877197266,24.421917877197266
17.72,19.522718,-1.8027184295654308,1.8027184295654308
47.6,26.703844,20.89615592956543,20.89615592956543
49.1,32.853466,16.246533966064455,16.246533966064455
11.92,12.781311,-0.8613110351562501,0.8613110351562501
31.82,18.066168,13.753832168579102,13.753832168579102
34.24,16.56426,17.675739517211916,17.675739517211916
7.63,12.049166,-4.419165725708008,4.419165725708008
10.9,10.050181,0.8498186111450199,0.8498186111450199
10.74,11.79992,-1.059920082092285,1.059920082092285
14.75,19.826805,-5.076805114746094,5.076805114746094
33.15,19.425467,13.724533462524413,13.724533462524413
4.5,9.260116,-4.760115623474121,4.760115623474121
30.34,20.330963,10.009036865234375,10.009036865234375
59.6,22.353989,37.246011352539064,37.246011352539064
16.63,16.374428,0.25557220458984276,0.25557220458984276
9.35,24.666775,-15.31677474975586,15.31677474975586
9.22,17.79301,-8.573010711669921,8.573010711669921
20.76,28.441626,-7.681625595092772,7.681625595092772
13.63,20.783916,-7.153916473388671,7.153916473388671
10.8,13.889912,-3.0899116516113274,3.0899116516113274
0.56,24.15317,-23.59316963195801,23.59316963195801
3.34,15.194377,-11.854376945495606,11.854376945495606
21.15,20.15551,0.9944900512695298,0.9944900512695298
9.4,10.8257475,-1.4257474899291989,1.4257474899291989
0.14,10.44899,-10.308989868164062,10.308989868164062
16.47,16.734287,-0.26428726196289176,0.26428726196289176
25.94,19.01691,6.923089447021486,6.923089447021486
5.61,13.4591875,-7.849187507629394,7.849187507629394
23.38,10.920462,12.459538345336913,12.459538345336913
2.6,14.19177,-11.591769599914551,11.591769599914551
52.65,22.511902,30.13809814453125,30.13809814453125
5.06,18.811598,-13.751597824096681,13.751597824096681
30.47,22.487165,7.982834548950194,7.982834548950194
25.6,16.00178,9.598220443725587,9.598220443725587
45.14,32.007183,13.132816925048829,13.132816925048829
13.2,12.189669,1.0103313446044915,1.0103313446044915
5.93,8.795851,-2.86585075378418,2.86585075378418
7.7,17.650196,-9.950196075439454,9.950196075439454
3.6,15.768438,-12.168438339233399,12.168438339233399
11.6,11.435717,0.16428337097167933,0.16428337097167933
20.57,13.347444,7.222556419372559,7.222556419372559
16.03,8.791701,7.238298683166505,7.238298683166505
10.3,14.1499605,-3.8499605178833,3.8499605178833
17.91,19.827612,-1.9176119232177733,1.9176119232177733
8.8,15.895609,-7.095608901977538,7.095608901977538
13.0,9.431044,3.5689563751220703,3.5689563751220703
15.61,19.752653,-4.142653121948243,4.142653121948243
4.77,10.87875,-6.10874984741211,6.10874984741211
13.11,6.478063,6.631936893463134,6.631936893463134
6.4,15.521444,-9.12144432067871,9.12144432067871
5.99,17.024935,-11.034934768676758,11.034934768676758
15.66,11.163573,4.4964267349243165,4.4964267349243165
14.21,21.079361,-6.869360961914062,6.869360961914062
28.68,12.816736,15.863263778686523,15.863263778686523
5.19,9.945505,-4.755505142211914,4.755505142211914
14.68,23.312384,-8.632383651733399,8.632383651733399
2.82,12.816736,-9.996736221313476,9.996736221313476
6.67,22.80305,-16.133049087524412,16.133049087524412
1.29,10.843839,-9.553838691711427,9.553838691711427
2.19,16.920486,-14.730486450195313,14.730486450195313
42.4,16.656898,25.743101501464842,25.743101501464842
4.21,20.942444,-16.73244384765625,16.73244384765625
1.9,11.556463,-9.656463241577148,9.656463241577148
7.88,20.092546,-12.212546463012696,12.212546463012696
49.93,14.651168,35.27883213043213,35.27883213043213
0.85,10.192392,-9.342392349243164,9.342392349243164
24.08,20.951212,3.1287880706787092,3.1287880706787092
18.3,16.053972,2.2460277557373054,2.2460277557373054
1.17,7.5544868,-6.3844867515563966,6.3844867515563966
14.22,28.417484,-14.197484283447265,14.197484283447265
8.1,16.399925,-8.299925231933594,8.299925231933594
14.44,14.599033,-0.15903335571289112,0.15903335571289112
2.2,11.777477,-9.577477264404298,9.577477264404298
6.11,9.113291,-3.0032907867431637,3.0032907867431637
12.19,12.486245,-0.29624515533447315,0.29624515533447315
23.79,14.787915,9.002084770202636,9.002084770202636
37.6,11.628222,25.971777534484865,25.971777534484865
2.51,10.949804,-8.439804306030274,8.439804306030274
19.46,12.248778,7.211221656799317,7.211221656799317
12.62,16.65201,-4.032009963989259,4.032009963989259
8.5,15.157246,-6.657245635986328,6.657245635986328
9.45,14.774988,-5.324988174438477,5.324988174438477
7.25,10.095829,-2.8458290100097656,2.8458290100097656
6.99,15.142214,-8.152213821411133,8.152213821411133
3.92,9.514835,-5.594835357666016,5.594835357666016
10.29,8.971859,1.3181410217285148,1.3181410217285148
6.3,8.576123,-2.2761232376098635,2.2761232376098635
4.9,7.016184,-2.1161838531494137,2.1161838531494137
30.0,17.478416,12.521583557128906,12.521583557128906
11.88,19.121357,-7.241356964111327,7.241356964111327
21.79,16.536093,5.253907241821288,5.253907241821288
13.27,16.815907,-3.5459065246582036,3.5459065246582036
39.34,26.307552,13.032447662353519,13.032447662353519
19.4,14.709494,4.690506362915038,4.690506362915038
7.1,15.553356,-8.453356170654297,8.453356170654297
3.36,6.119726,-2.7597261810302736,2.7597261810302736
5.59,7.7658167,-2.175816688537598,2.175816688537598
0.72,6.5918875,-5.871887474060059,5.871887474060059
15.2,11.460224,3.739775848388671,3.739775848388671
6.73,7.170307,-0.4403071594238277,0.4403071594238277
25.04,22.464285,2.575715103149413,2.575715103149413
2.78,8.733343,-5.953343124389649,5.953343124389649
1.64,10.843839,-9.203838691711425,9.203838691711425
10.4,17.730787,-7.330787277221679,7.330787277221679
34.56,22.394926,12.16507392883301,12.16507392883301
15.45,11.652726,3.7972738265991204,3.7972738265991204
17.75,12.340124,5.409875869750977,5.409875869750977
45.12,15.84447,29.27552997589111,29.27552997589111
29.27,24.822567,4.447433013916015,4.447433013916015
17.4,15.196255,2.203745269775389,2.203745269775389
30.93,20.505037,10.424962692260742,10.424962692260742
53.13,15.011434,38.11856639862061,38.11856639862061
7.83,16.461666,-8.631666107177734,8.631666107177734
27.28,17.939007,9.34099319458008,9.34099319458008
17.74,15.55221,2.187790145874022,2.187790145874022
2.91,8.527838,-5.617837753295898,5.617837753295898
4.7,15.50207,-10.802070426940919,10.802070426940919
19.9,9.978477,9.921523475646971,9.921523475646971
4.2,12.778182,-8.578182029724122,8.578182029724122
3.4,7.9125433,-4.5125432968139645,4.5125432968139645
16.69,17.349894,-0.6598935699462878,0.6598935699462878
3.17,22.282387,-19.112386779785155,19.112386779785155
7.4,11.2849655,-3.8849655151367184,3.8849655151367184
5.7,14.482494,-8.782494354248048,8.782494354248048
19.09,10.167275,8.922724571228027,8.922724571228027
34.26,19.958954,14.301046142578123,14.301046142578123
20.04,17.087086,2.952914276123046,2.952914276123046
10.9,10.650004,0.2499956130981449,0.2499956130981449
3.5,15.827789,-12.327789306640625,12.327789306640625
28.99,16.436646,12.553354492187498,12.553354492187498
14.61,9.344022,5.265978202819824,5.265978202819824
29.47,20.81639,8.653610916137694,8.653610916137694
7.45,18.650198,-11.200197982788087,11.200197982788087
10.14,20.689371,-10.549371109008788,10.549371109008788
8.18,11.900047,-3.720047302246094,3.720047302246094
11.56,7.5029817,4.057018337249756,4.057018337249756
14.6,14.784049,-0.1840490341186527,0.1840490341186527
11.28,16.390415,-5.110415191650391,5.110415191650391
42.36,20.788223,21.571776733398437,21.571776733398437
7.67,9.089932,-1.4199324417114259,1.4199324417114259
7.07,6.5033216,0.5666783523559573,0.5666783523559573
1.18,11.535454,-10.355453796386719,10.355453796386719
12.92,9.761236,3.1587638092041015,3.1587638092041015
9.53,13.721841,-4.191840858459473,4.191840858459473
7.0,26.030653,-19.03065299987793,19.03065299987793
8.2,17.095232,-8.895232009887696,8.895232009887696
42.99,13.552026,29.437974205017092,29.437974205017092
7.14,10.085865,-2.9458650207519534,2.9458650207519534
9.31,13.756885,-4.446884574890136,4.446884574890136
10.2,8.47532,1.7246801376342766,1.7246801376342766
10.51,17.755667,-7.245666732788086,7.245666732788086
31.05,18.82675,12.223250198364259,12.223250198364259
12.44,7.1259303,5.314069690704345,5.314069690704345
21.86,13.619411,8.24058853149414,8.24058853149414
11.15,11.940109,-0.7901092529296871,0.7901092529296871
4.96,7.7365384,-2.7765384101867676,2.7765384101867676
18.48,12.405018,6.074982147216797,6.074982147216797
0.01,12.334315,-12.324315299987793,12.324315299987793
22.37,20.906424,1.463576431274415,1.463576431274415
11.3,21.676525,-10.376525115966796,10.376525115966796
4.06,15.125124,-11.065123977661134,11.065123977661134
1.08,15.131592,-14.051591796875,14.051591796875
10.1,13.949973,-3.8499731063842777,3.8499731063842777
14.12,18.800125,-4.680125122070313,4.680125122070313
10.23,22.258123,-12.028123397827148,12.028123397827148
19.34,27.498388,-8.158388290405274,8.158388290405274
36.95,22.150736,14.799264144897464,14.799264144897464
16.75,24.374626,-7.624626159667969,7.624626159667969
4.7,10.103035,-5.403034973144531,5.403034973144531
8.3,12.701309,-4.401309204101562,4.401309204101562
45.08,24.307613,20.772386627197264,20.772386627197264
11.24,14.79925,-3.5592496490478513,3.5592496490478513
9.83,15.063148,-5.23314754486084,5.23314754486084
20.03,19.661583,0.3684170532226574,0.3684170532226574
35.0,12.130367,22.869632720947266,22.869632720947266
10.7,16.63796,-5.937960433959962,5.937960433959962
8.15,19.37981,-11.229810333251953,11.229810333251953
27.07,17.39939,9.670610733032227,9.670610733032227
27.13,17.040833,10.089167480468749,10.089167480468749
22.3,15.986959,6.31304054260254,6.31304054260254
9.23,10.735858,-1.5058579635620113,1.5058579635620113
17.6,18.82922,-1.229219818115233,1.229219818115233
13.81,11.542539,2.2674613571166997,2.2674613571166997
3.54,9.578859,-6.038859329223633,6.038859329223633
11.8,11.696405,0.10359458923339915,0.10359458923339915
30.9,22.294682,8.605318450927733,8.605318450927733
28.1,20.253069,7.846931076049806,7.846931076049806
41.6,19.597647,22.002353286743165,22.002353286743165
30.51,20.337711,10.172288665771486,10.172288665771486
7.06,21.936005,-14.876004638671876,14.876004638671876
19.79,15.061393,4.728607215881347,4.728607215881347
17.27,25.390085,-8.120085220336914,8.120085220336914
7.6,22.132694,-14.532694244384766,14.532694244384766
55.52,18.60691,36.9130892944336,36.9130892944336
2.09,20.07355,-17.983549270629883,17.983549270629883
34.59,14.168834,20.421166267395023,20.421166267395023
18.64,18.670965,-0.03096519470214787,0.03096519470214787
15.2,27.759594,-12.559593963623048,12.559593963623048
47.87,17.23815,30.63185035705566,30.63185035705566
9.26,12.937604,-3.6776039505004885,3.6776039505004885
46.84,29.38066,17.45934089660645,17.45934089660645
1.32,20.698174,-19.37817352294922,19.37817352294922
28.28,20.76922,7.51077964782715,7.51077964782715
48.61,34.81597,13.79402862548828,13.79402862548828
38.09,20.885612,17.204387512207035,17.204387512207035
26.6,26.598276,0.0017238616943373586,0.0017238616943373586
13.68,32.30774,-18.6277392578125,18.6277392578125
37.77,20.539265,17.230735321044925,17.230735321044925
12.91,20.955654,-8.04565414428711,8.04565414428711
12.77,13.599977,-0.8299765396118168,0.8299765396118168
53.1,15.796394,37.30360565185547,37.30360565185547
59.62,20.58805,39.03194915771484,39.03194915771484
5.9,19.219944,-13.31994400024414,13.31994400024414
45.98,19.179758,26.800241928100583,26.800241928100583
41.6,24.632095,16.96790466308594,16.96790466308594
2.5,19.752611,-17.25261116027832,17.25261116027832
22.2,20.905344,1.2946559906005852,1.2946559906005852
2.27,11.838889,-9.568889122009278,9.568889122009278
9.0,19.873692,-10.87369155883789,10.87369155883789
5.59,20.942017,-15.3520166015625,15.3520166015625
27.0,16.674004,10.325996398925781,10.325996398925781
7.86,22.147049,-14.287048950195313,14.287048950195313
3.3,23.143524,-19.843524169921874,19.843524169921874
33.16,19.391535,13.768465194702145,13.768465194702145
24.9,37.14066,-12.240659332275392,12.240659332275392
4.82,23.023697,-18.203696899414062,18.203696899414062
5.8,28.211884,-22.411883544921874,22.411883544921874
12.9,16.688828,-3.788827514648437,3.788827514648437
12.52,18.537954,-6.017954330444336,6.017954330444336
45.12,25.904257,19.215743179321287,19.215743179321287
0.66,18.59669,-17.936689224243164,17.936689224243164
47.55,22.864376,24.685623931884763,24.685623931884763
23.52,36.643646,-13.123646240234375,13.123646240234375
3.6,19.011108,-15.4111083984375,15.4111083984375
52.2,35.80826,16.391738128662112,16.391738128662112
18.2,20.347952,-2.1479518890380866,2.1479518890380866
22.96,17.214087,5.745913467407227,5.745913467407227
23.77,21.978199,1.7918009948730464,1.7918009948730464
11.35,19.206661,-7.856661224365235,7.856661224365235
39.39,29.039711,10.350289001464844,10.350289001464844
5.6,19.000523,-13.400522613525391,13.400522613525391
33.83,34.65275,-0.822748107910158,0.822748107910158
51.92,33.862747,18.05725280761719,18.05725280761719
25.39,18.878704,6.511295928955079,6.511295928955079
11.0,20.63309,-9.633089065551758,9.633089065551758
18.2,23.360134,-5.16013412475586,5.16013412475586
12.92,20.106075,-7.1860752868652344,7.1860752868652344
11.2,16.13827,-4.938269424438477,4.938269424438477
48.3,19.805222,28.49477844238281,28.49477844238281
40.96,24.458864,16.501135787963868,16.501135787963868
25.23,25.641806,-0.4118056488037105,0.4118056488037105
20.78,17.129616,3.650384216308595,3.650384216308595
3.83,35.82022,-31.990220947265627,31.990220947265627
45.23,35.669273,9.560726623535153,9.560726623535153
11.6,12.226914,-0.6269144058227543,0.6269144058227543
55.48,27.88387,27.59613082885742,27.59613082885742
69.0,26.87774,42.12225914001465,42.12225914001465
16.21,15.655599,0.5544013595581063,0.5544013595581063
8.61,19.44501,-10.835009231567383,10.835009231567383
24.09,20.581936,3.5080641174316405,3.5080641174316405
2.87,23.860931,-20.990931396484374,20.990931396484374
34.0,29.018501,4.981498718261719,4.981498718261719
38.16,31.50517,6.654829177856442,6.654829177856442
20.47,33.17537,-12.705369262695314,12.705369262695314
9.72,15.281879,-5.5618794250488275,5.5618794250488275
11.14,11.79992,-0.6599200820922846,0.6599200820922846
23.56,19.677546,3.882454452514647,3.882454452514647
8.3,30.967442,-22.66744155883789,22.66744155883789
13.79,19.643082,-5.853081665039063,5.853081665039063
34.07,29.875391,4.194608993530274,4.194608993530274
41.8,17.59586,24.204140472412107,24.204140472412107
9.76,13.077662,-3.317662467956543,3.317662467956543
11.03,23.54785,-12.517849655151368,12.517849655151368
12.01,18.016264,-6.006263961791992,6.006263961791992
11.11,11.298512,-0.1885124588012701,0.1885124588012701
0.07,12.723694,-12.65369384765625,12.65369384765625
15.0,12.874557,2.125443458557129,2.125443458557129
22.1,24.694986,-2.5949863433837876,2.5949863433837876
11.65,19.071012,-7.421012496948242,7.421012496948242
52.12,11.790744,40.32925617218017,40.32925617218017
10.89,11.338004,-0.4480041122436518,0.4480041122436518
13.5,17.521679,-4.021678924560547,4.021678924560547
20.93,20.106873,0.8231274414062497,0.8231274414062497
33.8,15.737625,18.062374877929685,18.062374877929685
19.4,17.090338,2.3096622467041,2.3096622467041
11.52,15.427925,-3.9079251098632817,3.9079251098632817
4.81,11.138545,-6.328545036315918,6.328545036315918
21.7,22.218952,-0.5189521789550788,0.5189521789550788
13.11,18.738665,-5.628664627075196,5.628664627075196
11.26,11.899879,-0.6398794555664065,0.6398794555664065
13.37,10.265804,3.104195709228515,3.104195709228515
8.47,13.277586,-4.8075859832763665,4.8075859832763665
9.2,20.445795,-11.245795059204102,11.245795059204102
7.23,14.573112,-7.343111534118652,7.343111534118652
20.46,17.093082,3.3669175720214852,3.3669175720214852
6.25,10.50734,-4.257340431213379,4.257340431213379
7.1,10.866552,-3.766552352905274,3.766552352905274
6.53,14.601266,-8.071265907287597,8.071265907287597
6.82,14.451985,-7.631985359191894,7.631985359191894
0.1,11.239109,-11.139109039306641,11.139109039306641
9.14,10.280622,-1.1406215286254877,1.1406215286254877
31.55,20.827305,10.72269515991211,10.72269515991211
3.2,10.081805,-6.8818052291870115,6.8818052291870115
20.23,18.04212,2.187880020141602,2.187880020141602
4.18,8.074245,-3.8942454528808597,3.8942454528808597
2.2,12.071188,-9.871187973022462,9.871187973022462
22.55,17.358223,5.1917770385742195,5.1917770385742195
4.9,12.0404215,-7.1404214859008786,7.1404214859008786
18.45,18.278183,0.1718170166015618,0.1718170166015618
2.12,7.8611493,-5.741149311065674,5.741149311065674
6.53,7.9511237,-1.4211237144470212,1.4211237144470212
1.41,9.978477,-8.568476524353027,8.568476524353027
12.13,20.40111,-8.27110969543457,8.27110969543457
6.67,9.476754,-2.8067541885375977,2.8067541885375977
21.1,14.659687,6.440312957763673,6.440312957763673
26.33,14.828146,11.501854019165037,11.501854019165037
4.3,12.506401,-8.206401062011718,8.206401062011718
4.72,8.0743685,-3.354368476867676,3.354368476867676
13.95,11.5194435,2.4305564880371087,2.4305564880371087
5.75,12.520575,-6.770574569702148,6.770574569702148
2.78,10.184259,-7.404259414672852,7.404259414672852
7.7,9.534799,-1.8347986221313475,1.8347986221313475
8.8,11.031763,-2.231763076782226,2.231763076782226
6.6,10.838514,-4.23851432800293,4.23851432800293
1.8,9.605065,-7.80506534576416,7.80506534576416
8.9,10.418094,-1.5180936813354489,1.5180936813354489
33.52,17.597443,15.922557373046878,15.922557373046878
0.75,9.62389,-8.873889923095703,8.873889923095703
5.92,10.883692,-4.963691787719727,4.963691787719727
6.91,8.994664,-2.084664192199707,2.084664192199707
15.8,8.360919,7.439081001281739,7.439081001281739
18.93,13.328467,5.60153263092041,5.60153263092041
3.86,6.119726,-2.2597261810302736,2.2597261810302736
11.9,9.488815,2.411184692382813,2.411184692382813
45.72,21.719625,24.000374526977538,24.000374526977538
3.6,6.764331,-3.1643308639526366,3.1643308639526366
3.66,18.343874,-14.683873977661133,14.683873977661133
10.4,8.9378805,1.4621194839477543,1.4621194839477543
23.41,11.304246,12.105754051208496,12.105754051208496
11.73,7.600783,4.1292171287536625,4.1292171287536625
15.8,12.741538,3.0584619522094734,3.0584619522094734
2.6,9.529148,-6.929148101806641,6.929148101806641
13.9,9.509722,4.390278244018555,4.390278244018555
15.9,17.779392,-1.8793922424316403,1.8793922424316403
7.2,8.028963,-0.8289630889892576,0.8289630889892576
6.88,8.714975,-1.8349753570556642,1.8349753570556642
12.81,13.565375,-0.7553753280639643,0.7553753280639643
15.97,16.375895,-0.4058945465087884,0.4058945465087884
2.71,8.999751,-6.289751091003418,6.289751091003418
17.83,17.678183,0.15181739807128736,0.15181739807128736
15.44,21.044378,-5.604378280639649,5.604378280639649
30.9,10.957953,19.942046546936034,19.942046546936034
22.19,16.152103,6.037896575927736,6.037896575927736
17.6,16.310379,1.289620971679689,1.289620971679689
22.65,19.883825,2.766174697875975,2.766174697875975
2.8,15.420168,-12.620167922973632,12.620167922973632
6.28,12.816736,-6.536736221313476,6.536736221313476
27.48,12.360855,15.119144897460938,15.119144897460938
7.5,17.497553,-9.997552871704102,9.997552871704102
10.39,21.393036,-11.003035888671874,11.003035888671874
15.37,12.546693,2.823307151794433,2.823307151794433
13.6,14.605206,-1.0052055358886722,1.0052055358886722
3.3,6.915607,-3.61560697555542,3.61560697555542
16.94,9.042939,7.89706081390381,7.89706081390381
32.1,16.855425,15.244575119018556,15.244575119018556
33.15,13.319775,19.83022537231445,19.83022537231445
6.44,10.224739,-3.784739074707031,3.784739074707031
4.28,17.056326,-12.776325912475585,12.776325912475585
13.52,15.417636,-1.8976359176635746,1.8976359176635746
4.2,9.939541,-5.739540863037109,5.739540863037109
2.99,16.889673,-13.899673233032226,13.899673233032226
22.27,19.207218,3.062781829833984,3.062781829833984
32.18,15.172997,17.00700252532959,17.00700252532959
4.09,10.829466,-6.739465866088867,6.739465866088867
3.89,10.957953,-7.067953453063964,7.067953453063964
10.1,8.229618,1.870381927490234,1.870381927490234
13.21,15.832584,-2.6225843811035148,2.6225843811035148
17.34,15.447528,1.8924721145629881,1.8924721145629881
12.83,11.753237,1.0767632293701173,1.0767632293701173
4.72,10.213662,-5.493662147521973,5.493662147521973
0.03,19.954765,-19.924765319824218,19.924765319824218
1.37,10.637304,-9.267304306030272,9.267304306030272
10.4,9.114771,1.2852291107177738,1.2852291107177738
61.85,23.513773,38.33622703552246,38.33622703552246
2.8,10.191721,-7.391720962524414,7.391720962524414
2.9,13.055064,-10.15506420135498,10.15506420135498
3.55,16.656898,-13.106898498535156,13.106898498535156
0.1,16.714928,-16.614927673339842,16.614927673339842
26.57,17.540163,9.029836959838867,9.029836959838867
11.81,16.304644,-4.494643630981445,4.494643630981445
4.8,12.488807,-7.68880672454834,7.68880672454834
2.49,7.1424656,-4.652465591430664,4.652465591430664
28.52,8.965224,19.554775733947753,19.554775733947753
6.05,15.101694,-9.051694107055663,9.051694107055663
7.43,7.665081,-0.23508102416992216,0.23508102416992216
0.01,12.394847,-12.38484691619873,12.38484691619873
9.3,10.267671,-0.9676706314086907,0.9676706314086907
26.21,9.993853,16.216147384643556,16.216147384643556
17.98,11.170728,6.809272270202637,6.809272270202637
15.19,15.199689,-0.009688911437988779,0.009688911437988779
25.8,24.037647,1.7623527526855476,1.7623527526855476
20.29,19.534613,0.7553873443603507,0.7553873443603507
0.05,10.539129,-10.489129257202148,10.489129257202148
3.38,8.364552,-4.984551544189453,4.984551544189453
8.13,9.202266,-1.0722657394409172,1.0722657394409172
13.56,13.469452,0.0905480957031255,0.0905480957031255
12.9,9.940844,2.95915641784668,2.95915641784668
18.8,15.987074,2.812926101684571,2.812926101684571
23.34,16.740402,6.599597778320312,6.599597778320312
20.8,13.742733,7.057266998291016,7.057266998291016
29.37,11.638844,17.731156463623048,17.731156463623048
2.68,14.492917,-11.812917060852051,11.812917060852051
32.92,14.964622,17.955378456115724,17.955378456115724
14.45,8.729263,5.720736694335937,5.720736694335937
4.3,11.6913185,-7.391318511962891,7.391318511962891
10.63,12.882393,-2.2523928833007805,2.2523928833007805
10.2,19.910606,-9.710606384277344,9.710606384277344
26.2,14.191413,12.008587074279784,12.008587074279784
19.79,26.800093,-7.0100926971435555,7.0100926971435555
10.75,12.616421,-1.8664207458496094,1.8664207458496094
2.89,7.7086964,-4.818696365356445,4.818696365356445
38.26,24.848188,13.411811599731443,13.411811599731443
12.0,18.142864,-6.142864227294922,6.142864227294922
16.5,13.636739,2.8632612228393555,2.8632612228393555
47.57,19.656296,27.913704223632813,27.913704223632813
51.74,23.40461,28.33539031982422,28.33539031982422
4.3,13.148986,-8.848985862731933,8.848985862731933
9.3,13.333627,-4.033626747131347,4.033626747131347
4.4,15.984661,-11.584661102294922,11.584661102294922
38.7,16.28112,22.418879699707034,22.418879699707034
11.24,12.8803,-1.6402995681762693,1.6402995681762693
13.99,23.88333,-9.893329391479492,9.893329391479492
31.85,14.047269,17.802731132507326,17.802731132507326
36.36,18.679558,17.68044219970703,17.68044219970703
41.56,32.870384,8.689615783691409,8.689615783691409
3.16,13.609091,-10.44909080505371,10.44909080505371
11.96,17.802843,-5.8428430938720695,5.8428430938720695
12.99,12.040862,0.9491379165649416,0.9491379165649416
46.01,14.801531,31.208469161987303,31.208469161987303
22.2,20.685799,1.514201354980468,1.514201354980468
15.6,29.707552,-14.107551956176758,14.107551956176758
17.77,13.650229,4.119770545959472,4.119770545959472
58.78,26.566793,32.21320655822754,32.21320655822754
16.96,20.666788,-3.706788101196288,3.706788101196288
19.09,13.076795,6.013205375671387,6.013205375671387
17.69,22.13876,-4.448759613037108,4.448759613037108
5.66,25.359276,-19.699275817871094,19.699275817871094
9.0,17.12957,-8.129570007324219,8.129570007324219
0.57,13.170488,-12.600488357543945,12.600488357543945
21.6,14.626914,6.973085975646974,6.973085975646974
38.45,20.462574,17.98742599487305,17.98742599487305
12.89,13.644456,-0.7544559097290033,0.7544559097290033
23.2,23.345242,-0.14524154663086009,0.14524154663086009
15.3,28.924604,-13.624604415893554,13.624604415893554
7.67,18.087421,-10.417421417236328,10.417421417236328
3.49,19.106695,-15.616695175170898,15.616695175170898
18.2,17.415335,0.7846652984619134,0.7846652984619134
31.55,19.100536,12.449463653564454,12.449463653564454
16.5,17.488302,-0.9883022308349609,0.9883022308349609
24.27,15.910997,8.35900260925293,8.35900260925293
19.39,13.543291,5.846708908081055,5.846708908081055
32.86,20.462984,12.397015914916992,12.397015914916992
14.09,19.270279,-5.180278930664063,5.180278930664063
0.31,16.58777,-16.277770462036134,16.277770462036134
50.44,20.51782,29.92217964172363,29.92217964172363
23.86,12.357007,11.502992973327636,11.502992973327636
0.1,12.142216,-12.042215728759766,12.042215728759766
11.05,9.047112,2.0028875350952156,2.0028875350952156
25.23,20.905201,4.324799041748047,4.324799041748047
18.19,16.385462,1.8045381927490247,1.8045381927490247
2.83,15.30503,-12.47502986907959,12.47502986907959
1.3,18.536625,-17.236624908447265,17.236624908447265
12.6,19.281677,-6.68167724609375,6.68167724609375
20.27,26.347435,-6.077434997558594,6.077434997558594
10.98,12.574433,-1.594433326721191,1.594433326721191
20.19,16.53832,3.6516794586181653,3.6516794586181653
1.89,19.707605,-17.817605361938476,17.817605361938476
2.96,28.737797,-25.777796783447265,25.777796783447265
16.74,31.066618,-14.326617965698244,14.326617965698244
34.2,17.176598,17.02340240478516,17.02340240478516
5.82,8.792489,-2.9724890518188474,2.9724890518188474
20.14,9.6566105,10.483389511108399,10.483389511108399
34.43,19.981852,14.44814842224121,14.44814842224121
0.24,18.545895,-18.305894622802736,18.305894622802736
3.44,27.306595,-23.86659484863281,23.86659484863281
23.55,22.209423,1.3405769348144538,1.3405769348144538
1.44,19.730871,-18.290871200561522,18.290871200561522
10.29,28.050766,-17.76076599121094,17.76076599121094
12.57,17.73231,-5.162309341430664,5.162309341430664
20.38,18.004307,2.3756932067871084,2.3756932067871084
17.46,24.30033,-6.840329208374023,6.840329208374023
13.36,12.4480505,0.9119495010375971,0.9119495010375971
2.71,20.05715,-17.34714988708496,17.34714988708496
62.3,31.897188,30.40281181335449,30.40281181335449
48.9,33.677856,15.222143554687499,15.222143554687499
54.23,26.26684,27.963160018920895,27.963160018920895
37.5,13.536558,23.963441848754883,23.963441848754883
13.91,12.986002,0.9239980316162111,0.9239980316162111
66.88,27.462067,39.41793334960937,39.41793334960937
2.73,9.605611,-6.875610847473144,6.875610847473144
32.13,27.346428,4.783572082519534,4.783572082519534
29.23,28.85056,0.3794407653808598,0.3794407653808598
10.1,18.585348,-8.485348129272461,8.485348129272461
31.54,34.050827,-2.5108270263671884,2.5108270263671884
19.19,32.401684,-13.211683807373046,13.211683807373046
18.83,18.642698,0.1873017120361311,0.1873017120361311
0.15,17.34074,-17.190740203857423,17.190740203857423
6.79,19.699863,-12.909863433837891,12.909863433837891
22.99,25.391335,-2.401334533691408,2.401334533691408
8.71,12.290719,-3.580719032287597,3.580719032287597
23.07,29.864096,-6.794095687866211,6.794095687866211
0.51,23.086712,-22.57671188354492,22.57671188354492
33.95,21.668217,12.281783294677737,12.281783294677737
11.84,15.535606,-3.695606384277344,3.695606384277344
40.1,38.71457,1.3854309082031264,1.3854309082031264
9.1,20.734066,-11.634066009521485,11.634066009521485
51.28,21.539455,29.74054458618164,29.74054458618164
43.0,19.961603,23.03839683532715,23.03839683532715
40.34,29.814774,10.525226440429691,10.525226440429691
7.06,10.605519,-3.54551929473877,3.54551929473877
23.33,19.298073,4.031927185058592,4.031927185058592
0.11,23.4274,-23.31740058898926,23.31740058898926
11.02,20.470896,-9.450895767211914,9.450895767211914
22.7,23.765074,-1.065073776245118,1.065073776245118
58.92,22.372494,36.54750625610352,36.54750625610352
9.66,33.85023,-24.190231170654297,24.190231170654297
10.57,21.776123,-11.206123046875,11.206123046875
54.28,27.434114,26.845885543823243,26.845885543823243
36.19,27.202673,8.987327041625974,8.987327041625974
49.8,21.071539,28.7284610748291,28.7284610748291
42.39,36.164497,6.225502624511719,6.225502624511719
18.18,32.807884,-14.627884216308594,14.627884216308594
31.81,22.315826,9.494173583984374,9.494173583984374
31.6,20.387154,11.21284637451172,11.21284637451172
53.04,15.142598,37.897401847839355,37.897401847839355
12.23,22.496752,-10.26675178527832,10.26675178527832
49.4,21.253836,28.146164321899413,28.146164321899413
50.88,37.9976,12.88239944458008,12.88239944458008
39.6,33.931114,5.668885803222658,5.668885803222658
46.19,17.257704,28.932296218872068,28.932296218872068
0.2,38.439514,-38.23951416015625,38.23951416015625
26.28,25.021399,1.2586014556884777,1.2586014556884777
0.26,21.1637,-20.903700103759764,20.903700103759764
23.71,18.703138,5.006861648559571,5.006861648559571
30.24,35.189384,-4.94938446044922,4.94938446044922
6.66,23.570585,-16.910585250854492,16.910585250854492
9.5,25.531229,-16.03122901916504,16.03122901916504
44.1,36.696175,7.40382537841797,7.40382537841797
47.03,36.046356,10.983643798828126,10.983643798828126
34.5,33.478603,1.0213966369628906,1.0213966369628906
62.2,30.495358,31.70464248657227,31.70464248657227
12.5,15.153113,-2.65311336517334,2.65311336517334
24.62,21.69251,2.9274893951416026,2.9274893951416026
25.2,31.795774,-6.595774459838868,6.595774459838868
51.29,30.132277,21.15772346496582,21.15772346496582
15.9,29.874092,-13.974092102050781,13.974092102050781
11.4,12.36927,-0.9692703247070309,0.9692703247070309
11.1,11.734141,-0.6341413497924808,0.6341413497924808
11.35,15.012199,-3.662199401855469,3.662199401855469
10.16,19.445261,-9.285261001586914,9.285261001586914
35.8,32.734173,3.0658271789550753,3.0658271789550753
13.4,12.844725,0.5552753448486332,0.5552753448486332
13.52,22.123566,-8.603565673828125,8.603565673828125
11.09,18.843586,-7.753585968017578,7.753585968017578
16.0,12.471933,3.528066635131836,3.528066635131836
5.27,22.549667,-17.279667358398438,17.279667358398438
25.99,17.816832,8.173168411254881,8.173168411254881
21.5,23.322605,-1.8226051330566406,1.8226051330566406
27.37,21.286997,6.083003158569337,6.083003158569337
12.4,12.956141,-0.5561414718627926,0.5561414718627926
20.03,13.28359,6.74640968322754,6.74640968322754
34.22,22.043142,12.176857681274413,12.176857681274413
41.4,14.779022,26.620977783203124,26.620977783203124
26.36,16.827965,9.532035217285156,9.532035217285156
13.95,13.484866,0.46513385772705007,0.46513385772705007
10.26,15.244488,-4.984487762451172,4.984487762451172
49.92,28.918802,21.001197738647463,21.001197738647463
41.04,34.220303,6.81969741821289,6.81969741821289
9.33,11.982411,-2.6524113845825195,2.6524113845825195
2.3,10.797927,-8.497926902770995,8.497926902770995
40.25,30.187132,10.062868118286133,10.062868118286133
17.32,11.241006,6.078994102478028,6.078994102478028
11.32,10.38438,0.9356196594238284,0.9356196594238284
59.9,23.508142,36.39185752868652,36.39185752868652
35.0,24.991993,10.008007049560547,10.008007049560547
20.4,21.038368,-0.6383682250976577,0.6383682250976577
11.74,22.390524,-10.65052391052246,10.65052391052246
32.13,32.05932,0.07068145751953381,0.07068145751953381
11.23,11.983373,-0.7533726882934566,0.7533726882934566
22.4,17.197533,5.202467346191405,5.202467346191405
9.24,12.491964,-3.2519643402099607,3.2519643402099607
22.46,26.45835,-3.9983492279052726,3.9983492279052726
10.2,23.0402,-12.840199279785157,12.840199279785157
0.8,13.0669,-12.266900253295898,12.266900253295898
1.0,14.094871,-13.094870567321777,13.094870567321777
22.2,17.146952,5.05304832458496,5.05304832458496
0.3,10.062503,-9.762502861022949,9.762502861022949
30.47,18.579985,11.890015335083007,11.890015335083007
58.6,29.671743,28.928256607055665,28.928256607055665
13.0,15.692208,-2.6922082901000977,2.6922082901000977
11.0,15.144079,-4.144079208374023,4.144079208374023
11.7,14.283263,-2.5832632064819343,2.5832632064819343
15.32,10.852076,4.467924423217774,4.467924423217774
13.3,16.684095,-3.384095382690429,3.384095382690429
2.79,17.407238,-14.617238006591798,14.617238006591798
10.29,15.876306,-5.586305580139161,5.586305580139161
9.97,10.318146,-0.34814575195312436,0.34814575195312436
5.8,11.464784,-5.664783668518067,5.664783668518067
22.34,15.189242,7.150757637023926,7.150757637023926
32.43,6.7937455,25.636254482269287,25.636254482269287
37.98,33.784184,4.195816497802731,4.195816497802731
9.4,20.902435,-11.502435302734375,11.502435302734375
5.8,12.60312,-6.803119850158692,6.803119850158692
7.74,6.119726,1.6202738189697268,1.6202738189697268
1.62,9.143236,-7.52323616027832,7.52323616027832
9.3,11.261599,-1.961598587036132,1.961598587036132
22.3,18.530441,3.769558715820313,3.769558715820313
2.7,11.195583,-8.49558334350586,8.49558334350586
6.1,8.005889,-1.905888938903809,1.905888938903809
20.95,21.50843,-0.558430480957032,0.558430480957032
3.43,16.128117,-12.698116607666016,12.698116607666016
6.4,6.6025066,-0.20250663757324183,0.20250663757324183
10.3,16.968922,-6.668921661376952,6.668921661376952
42.74,15.070881,27.669119110107424,27.669119110107424
39.38,7.6484566,31.731543426513674,31.731543426513674
5.9,8.814975,-2.914974784851074,2.914974784851074
5.28,6.290295,-1.0102951240539548,1.0102951240539548
17.54,21.589506,-4.049506149291993,4.049506149291993
24.79,19.556238,5.233761825561523,5.233761825561523
24.93,16.449154,8.480846099853515,8.480846099853515
8.32,8.999751,-0.6797510910034177,0.6797510910034177
7.43,6.8081484,0.6218516159057614,0.6218516159057614
10.17,7.2087646,2.9612354469299316,2.9612354469299316
18.86,18.255684,0.6043161010742182,0.6043161010742182
7.68,9.489155,-1.8091548156738284,1.8091548156738284
8.1,11.0679655,-2.9679655075073246,2.9679655075073246
9.24,11.566996,-2.326995620727539,2.326995620727539
26.58,15.950846,10.62915428161621,10.62915428161621
32.54,22.134058,10.405942001342773,10.405942001342773
12.07,16.652481,-4.582481079101562,4.582481079101562
10.0,15.117529,-5.117528915405273,5.117528915405273
32.21,19.7389,12.47110076904297,12.47110076904297
17.23,16.566599,0.6634011077880864,0.6634011077880864
14.23,11.481883,2.74811695098877,2.74811695098877
4.85,8.852415,-4.0024150848388675,4.0024150848388675
9.8,8.672382,1.1276176452636726,1.1276176452636726
37.04,25.266325,11.773675003051757,11.773675003051757
3.73,7.1424656,-3.412465591430664,3.412465591430664
13.9,10.900382,2.999617958068848,2.999617958068848
0.05,11.48513,-11.435130310058593,11.435130310058593
11.79,18.60114,-6.8111390686035165,6.8111390686035165
6.2,11.538657,-5.338657188415527,5.338657188415527
9.83,10.078883,-0.2488831710815429,0.2488831710815429
22.75,19.654558,3.0954418182373047,3.0954418182373047
23.33,12.797434,10.532566146850584,10.532566146850584
8.13,6.2140546,1.915945415496827,1.915945415496827
4.53,10.734063,-6.204063148498535,6.204063148498535
9.8,10.647534,-0.8475343704223626,0.8475343704223626
5.83,11.897138,-6.067137641906738,6.067137641906738
5.9,13.97411,-8.074109649658203,8.074109649658203
21.76,17.405336,4.354663619995119,4.354663619995119
5.4,15.338311,-9.938311195373535,9.938311195373535
7.92,20.55286,-12.632860260009766,12.632860260009766
23.78,20.55286,3.2271397399902355,3.2271397399902355
16.48,16.133114,0.34688613891601605,0.34688613891601605
22.14,19.695303,2.4446970367431646,2.4446970367431646
2.75,8.999751,-6.249751091003418,6.249751091003418
13.0,13.8460455,-0.8460454940795898,0.8460454940795898
12.79,12.627365,0.16263488769531165,0.16263488769531165
6.92,12.017214,-5.097213821411133,5.097213821411133
2.87,10.881565,-8.01156509399414,8.01156509399414
10.39,20.58499,-10.194989547729492,10.194989547729492
11.53,18.906216,-7.37621566772461,7.37621566772461
22.6,16.494946,6.1050544738769545,6.1050544738769545
6.3,9.903671,-3.6036712646484377,3.6036712646484377
2.05,9.650931,-7.6009313583374025,7.6009313583374025
2.7,9.790767,-7.090766716003418,7.090766716003418
18.96,21.59387,-2.6338701629638663,2.6338701629638663
8.5,10.764647,-2.264646530151367,2.264646530151367
25.91,15.572671,10.337329063415527,10.337329063415527
26.84,16.65782,10.182180252075195,10.182180252075195
0.5,9.112081,-8.612080574035645,8.612080574035645
2.27,11.237363,-8.967362861633301,8.967362861633301
13.89,17.020838,-3.130837783813476,3.130837783813476
9.1,13.253866,-4.153866195678711,4.153866195678711
3.05,11.124239,-8.074238967895507,8.074238967895507
20.0,16.976782,3.0232181549072266,3.0232181549072266
7.21,7.2770596,-0.06705955505371097,0.06705955505371097
11.2,10.489167,0.7108327865600579,0.7108327865600579
55.39,25.56941,29.82058967590332,29.82058967590332
8.5,10.24306,-1.7430601119995117,1.7430601119995117
1.3,9.0648365,-7.7648365020751955,7.7648365020751955
1.91,28.299208,-26.38920768737793,26.38920768737793
0.61,12.218077,-11.608076705932618,11.608076705932618
17.7,10.403615,7.29638500213623,7.29638500213623
5.13,16.788235,-11.65823471069336,11.65823471069336
2.79,15.636379,-12.84637924194336,12.84637924194336
5.3,9.688406,-4.388405990600586,4.388405990600586
4.1,15.599963,-11.499963188171387,11.499963188171387
4.65,13.196152,-8.546151733398437,8.546151733398437
8.61,23.824955,-15.214954986572266,15.214954986572266
19.12,12.841313,6.278686637878419,6.278686637878419
16.8,18.462095,-1.6620952606201165,1.6620952606201165
6.89,13.545814,-6.65581356048584,6.65581356048584
17.2,13.726798,3.473201942443847,3.473201942443847
8.5,8.397183,0.10281658172607422,0.10281658172607422
1.7,10.61465,-8.914649772644044,8.914649772644044
25.64,18.965492,6.674507751464844,6.674507751464844
5.32,9.701444,-4.3814436721801755,4.3814436721801755
25.85,11.1860285,14.663971519470216,14.663971519470216
29.6,16.803833,12.796166992187501,12.796166992187501
12.54,13.204249,-0.6642493820190438,0.6642493820190438
31.94,13.612089,18.32791084289551,18.32791084289551
3.75,15.890149,-12.140149116516113,12.140149116516113
3.9,22.637983,-18.737983322143556,18.737983322143556
27.9,29.183855,-1.2838550567626967,1.2838550567626967
3.67,16.383669,-12.713668899536133,12.713668899536133
15.02,14.864467,0.1555333328247066,0.1555333328247066
3.91,12.8363,-8.926299896240234,8.926299896240234
24.7,23.970936,0.7290641784667962,0.7290641784667962
24.79,21.93929,2.850710906982421,2.850710906982421
8.34,13.913083,-5.573083076477051,5.573083076477051
24.11,21.027355,3.0826448059082026,3.0826448059082026
13.02,12.851545,0.1684546661376949,0.1684546661376949
7.24,11.684585,-4.444584617614746,4.444584617614746
12.4,10.9711895,1.4288105010986332,1.4288105010986332
4.08,13.654231,-9.574231071472168,9.574231071472168
6.21,15.752302,-9.542302169799804,9.542302169799804
54.1,26.994099,27.105901336669923,27.105901336669923
11.61,17.401533,-5.791533126831055,5.791533126831055
7.9,19.411453,-11.511453247070312,11.511453247070312
11.2,11.550549,-0.3505485534667976,0.3505485534667976
48.8,22.545406,26.254593658447263,26.254593658447263
43.43,27.313097,16.11690299987793,16.11690299987793
7.45,13.052413,-5.602412986755371,5.602412986755371
43.6,25.778831,17.821168518066408,17.821168518066408
4.29,10.145995,-5.855995140075684,5.855995140075684
26.02,26.260931,-0.24093101501464886,0.24093101501464886
13.21,14.585947,-1.3759470367431632,1.3759470367431632
11.0,12.841234,-1.8412342071533203,1.8412342071533203
24.7,18.633184,6.066815567016601,6.066815567016601
15.0,14.594682,0.4053182601928711,0.4053182601928711
6.9,18.892342,-11.992341613769531,11.992341613769531
50.21,17.966621,32.24337860107422,32.24337860107422
17.11,19.607275,-2.497275009155274,2.497275009155274
44.4,25.951488,18.44851150512695,18.44851150512695
38.85,26.769884,12.080115890502931,12.080115890502931
2.1,11.8847,-9.784699821472168,9.784699821472168
8.09,14.356354,-6.266353759765625,6.266353759765625
38.6,16.171066,22.428933715820314,22.428933715820314
17.77,22.59703,-4.827030639648438,4.827030639648438
11.2,23.211538,-12.011538314819337,12.011538314819337
58.41,25.21859,33.19141021728515,33.19141021728515
51.52,12.127859,39.39214088439942,39.39214088439942
28.2,18.075537,10.124463272094726,10.124463272094726
5.63,20.844866,-15.214865798950196,15.214865798950196
6.8,18.040293,-11.240292739868163,11.240292739868163
4.8,20.215584,-15.41558380126953,15.41558380126953
2.47,10.138898,-7.668897895812988,7.668897895812988
5.49,19.125414,-13.63541389465332,13.63541389465332
32.61,20.782377,11.827622756958007,11.827622756958007
31.9,17.188011,14.711988830566405,14.711988830566405
22.4,18.075537,4.324463272094725,4.324463272094725
0.48,9.724895,-9.244894523620605,9.244894523620605
20.32,19.624777,0.6952231597900393,0.6952231597900393
22.3,19.46604,2.8339603424072273,2.8339603424072273
10.7,20.560116,-9.860115814208985,9.860115814208985
23.9,19.303455,4.5965446472167955,4.5965446472167955
11.62,9.487788,2.1322117996215812,2.1322117996215812
15.66,17.440115,-1.7801149749755858,1.7801149749755858
9.29,20.215584,-10.925583801269532,10.925583801269532
13.12,21.456736,-8.336735610961915,8.336735610961915
19.2,20.820295,-1.6202953338623054,1.6202953338623054
11.75,15.287225,-3.537224769592285,3.537224769592285
58.74,27.42153,31.31847023010254,31.31847023010254
27.43,33.743298,-6.313297576904297,6.313297576904297
8.68,24.165033,-15.485033340454102,15.485033340454102
18.18,19.289284,-1.1092837524414065,1.1092837524414065
15.69,20.15067,-4.460669097900391,4.460669097900391
10.61,29.253832,-18.64383186340332,18.64383186340332
37.7,22.41432,15.285680007934573,15.285680007934573
16.0,19.58488,-3.584880828857422,3.584880828857422
30.89,19.763184,11.12681640625,11.12681640625
18.18,16.868135,1.311864547729492,1.311864547729492
24.57,29.176216,-4.606216125488281,4.606216125488281
12.59,18.459135,-5.869135055541992,5.869135055541992
55.77,20.437408,35.33259155273438,35.33259155273438
32.91,27.57769,5.332309875488278,5.332309875488278
23.05,17.966602,5.083397674560548,5.083397674560548
14.62,15.246894,-0.6268938827514656,0.6268938827514656
23.22,19.04427,4.175730438232421,4.175730438232421
39.04,20.367079,18.67292121887207,18.67292121887207
9.3,20.87554,-11.575539779663085,11.575539779663085
3.48,17.045256,-13.565255661010742,13.565255661010742
39.39,22.00986,17.380140914916993,17.380140914916993
23.79,20.249918,3.54008201599121,3.54008201599121
61.66,19.193733,42.466266784667965,42.466266784667965
10.29,10.322099,-0.03209873199462976,0.03209873199462976
9.09,19.337952,-10.24795166015625,10.24795166015625
0.9,17.094603,-16.19460258483887,16.19460258483887
34.99,20.793573,14.1964266204834,14.1964266204834
38.73,18.304264,20.42573593139648,20.42573593139648
59.75,32.06205,27.687950134277344,27.687950134277344
10.42,12.965862,-2.545862274169922,2.545862274169922
12.52,15.094346,-2.5743460464477543,2.5743460464477543
0.33,25.451859,-25.121858520507814,25.121858520507814
49.22,25.52913,23.690869064331054,23.690869064331054
48.8,33.83947,14.960530090332028,14.960530090332028
52.09,26.542297,25.547702636718753,25.547702636718753
35.71,34.757645,0.9523553466796884,0.9523553466796884
19.64,38.827045,-19.187045440673828,19.187045440673828
24.08,19.35413,4.725870208740233,4.725870208740233
44.7,37.370373,7.329627227783206,7.329627227783206
12.7,22.13399,-9.433989334106446,9.433989334106446
46.79,29.271637,17.518363037109374,17.518363037109374
28.11,32.14121,-4.031208648681641,4.031208648681641
22.67,19.171722,3.4982775878906267,3.4982775878906267
37.3,28.790316,8.50968437194824,8.50968437194824
18.77,13.367697,5.402303237915039,5.402303237915039
30.9,33.952236,-3.052236175537111,3.052236175537111
41.71,28.075499,13.634501419067384,13.634501419067384
10.9,15.654733,-4.754732704162597,4.754732704162597
20.8,30.902758,-10.10275764465332,10.10275764465332
23.57,34.4449,-10.874900512695312,10.874900512695312
63.82,19.667927,44.15207321166992,44.15207321166992
48.4,24.608643,23.791357421875,23.791357421875
5.14,17.24615,-12.106149063110351,12.106149063110351
10.56,11.096141,-0.53614086151123,0.53614086151123
12.96,19.459616,-6.49961570739746,6.49961570739746
4.88,18.480759,-13.600758666992188,13.600758666992188
14.53,14.4351225,0.09487751007080014,0.09487751007080014
17.74,14.57379,3.1662104034423812,3.1662104034423812
2.16,17.075554,-14.915553894042969,14.915553894042969
20.56,22.863838,-2.3038381958007825,2.3038381958007825
1.92,14.116972,-12.196971969604492,12.196971969604492
10.77,12.850045,-2.080045204162598,2.080045204162598
22.74,11.658013,11.081986656188963,11.081986656188963
16.68,17.139618,-0.4596179199218753,0.4596179199218753
20.79,13.998754,6.791246452331542,6.791246452331542
7.74,15.307498,-7.567497978210449,7.567497978210449
6.8,8.36746,-1.5674602508544924,1.5674602508544924
43.22,26.398611,16.821388931274413,16.821388931274413
15.97,17.338104,-1.3681042480468744,1.3681042480468744
8.0,11.806068,-3.8060684204101562,3.8060684204101562
7.06,11.230696,-4.170695724487305,4.170695724487305
15.57,11.609837,3.9601634216308597,3.9601634216308597
17.01,21.286997,-4.2769968414306625,4.2769968414306625
5.81,11.475507,-5.665506782531739,5.665506782531739
0.09,13.386053,-13.296053085327149,13.296053085327149
15.1,15.041095,0.058905220031737926,0.058905220031737926
10.1,10.2152,-0.11520042419433629,0.11520042419433629
20.85,19.692312,1.1576877593994155,1.1576877593994155
14.99,12.6509495,2.339050521850586,2.339050521850586
3.85,12.342912,-8.49291172027588,8.49291172027588
17.04,16.523758,0.5162420654296866,0.5162420654296866
15.66,10.552984,5.107015762329102,5.107015762329102
7.19,15.88678,-8.696779785156249,8.696779785156249
13.39,11.805557,1.584442749023438,1.584442749023438
4.49,11.483179,-6.993179092407226,6.993179092407226
30.39,16.545357,13.84464324951172,13.84464324951172
9.52,16.755852,-7.235851745605469,7.235851745605469
40.8,20.22572,20.5742805480957,20.5742805480957
3.38,13.392809,-10.012808914184571,10.012808914184571
1.4,10.359897,-8.959896659851074,8.959896659851074
4.19,8.999751,-4.809751091003418,4.809751091003418
9.38,10.113794,-0.7337943267822258,0.7337943267822258
3.59,8.959944,-5.369943771362305,5.369943771362305
6.5,10.772506,-4.272505760192871,4.272505760192871
17.14,16.914755,0.22524513244628963,0.22524513244628963
12.56,10.505692,2.054308471679688,2.054308471679688
2.43,17.876146,-15.44614631652832,15.44614631652832
21.49,11.174923,10.315077056884764,10.315077056884764
9.37,7.8254223,1.5445777130126945,1.5445777130126945
8.87,14.067655,-5.197654609680177,5.197654609680177
24.24,16.494946,7.745054473876952,7.745054473876952
12.71,16.750528,-4.040528335571288,4.040528335571288
4.58,19.770395,-15.190395278930664,15.190395278930664
4.42,19.145144,-14.725143508911133,14.725143508911133
6.21,9.085839,-2.87583927154541,2.87583927154541
2.0,8.229618,-6.229618072509766,6.229618072509766
23.77,19.765858,4.0041423034667964,4.0041423034667964
2.31,10.70427,-8.394270362854003,8.394270362854003
0.02,18.991554,-18.971554260253907,18.971554260253907
14.6,17.64916,-3.0491603851318363,3.0491603851318363
22.59,22.173391,0.4166086578369139,0.4166086578369139
10.3,16.012486,-5.71248550415039,5.71248550415039
3.72,6.2546515,-2.5346515464782713,2.5346515464782713
38.4,17.308928,21.091072463989256,21.091072463989256
9.97,14.7408495,-4.770849494934081,4.770849494934081
33.83,30.176908,3.653091506958006,3.653091506958006
5.6,9.4217415,-3.8217414855957035,3.8217414855957035
11.06,15.048326,-3.9883255386352534,3.9883255386352534
12.05,13.037217,-0.9872171401977532,0.9872171401977532
22.95,17.936178,5.013821792602538,5.013821792602538
21.62,20.23732,1.3826800537109385,1.3826800537109385
3.9,15.15231,-11.252310371398925,11.252310371398925
7.7,11.516814,-3.8168142318725584,3.8168142318725584
33.41,31.64564,1.7643605804443325,1.7643605804443325
26.93,23.912853,3.017146759033203,3.017146759033203
30.07,15.7403345,14.329665489196778,14.329665489196778
18.18,13.386665,4.7933346557617185,4.7933346557617185
6.44,17.187773,-10.747772750854491,10.747772750854491
3.3,8.901434,-5.601433944702149,5.601433944702149
9.2,17.426426,-8.226425933837891,8.226425933837891
22.3,9.32614,12.973859596252442,12.973859596252442
22.25,12.039163,10.210837364196777,10.210837364196777
10.57,8.999751,1.5702489089965823,1.5702489089965823
9.99,9.75912,0.23088001251220724,0.23088001251220724
16.11,14.7408495,1.3691505050659174,1.3691505050659174
26.9,23.181822,3.7181781768798814,3.7181781768798814
24.93,18.171,6.759000473022461,6.759000473022461
17.39,13.819468,3.5705324554443365,3.5705324554443365
11.29,18.361532,-7.071532211303712,7.071532211303712
5.57,14.191611,-8.621611289978027,8.621611289978027
2.4,9.158903,-6.758903121948242,6.758903121948242
7.54,18.579796,-11.039795837402345,11.039795837402345
4.11,10.881565,-6.77156509399414,6.77156509399414
10.73,12.105074,-1.3750739288330074,1.3750739288330074
18.76,7.1635537,11.596446285247804,11.596446285247804
8.28,22.217606,-13.937605590820313,13.937605590820313
2.22,7.462817,-5.242817192077636,5.242817192077636
6.0,13.135688,-7.135687828063965,7.135687828063965
14.3,15.771359,-1.47135944366455,1.47135944366455
3.26,17.919704,-14.65970443725586,14.65970443725586
2.0,9.432932,-7.432931900024414,7.432931900024414
31.44,23.04387,8.396129074096681,8.396129074096681
8.1,17.743965,-9.643965148925782,9.643965148925782
19.94,13.474704,6.465296211242677,6.465296211242677
26.65,30.132723,-3.4827228546142592,3.4827228546142592
7.42,10.022278,-2.60227783203125,2.60227783203125
13.41,9.604589,3.8054105377197267,3.8054105377197267
9.56,12.328449,-2.7684492492675776,2.7684492492675776
9.43,12.405128,-2.97512752532959,2.97512752532959
13.85,10.126893,3.7231069564819332,3.7231069564819332
13.97,9.964238,4.005761833190919,4.005761833190919
18.2,18.746954,-0.5469539642333991,0.5469539642333991
2.13,24.866337,-22.736336822509767,22.736336822509767
0.14,16.510447,-16.370446548461913,16.370446548461913
13.46,20.952608,-7.492608108520507,7.492608108520507
8.08,17.600573,-9.52057258605957,9.52057258605957
19.16,15.249541,3.9104587173461915,3.9104587173461915
4.02,16.990486,-12.970486145019532,12.970486145019532
15.45,17.354689,-1.9046886444091804,1.9046886444091804
6.8,8.351625,-1.551625442504883,1.551625442504883
9.17,10.891805,-1.7218046951293946,1.7218046951293946
8.75,9.840057,-1.090057373046875,1.090057373046875
28.07,9.395864,18.67413646697998,18.67413646697998
15.52,9.861547,5.658452529907226,5.658452529907226
4.6,13.889355,-9.289354705810547,9.289354705810547
8.0,17.125986,-9.125986099243164,9.125986099243164
14.3,10.920553,3.3794467926025398,3.3794467926025398
13.11,18.452688,-5.3426882171630865,5.3426882171630865
9.8,14.7976675,-4.997667503356933,4.997667503356933
4.1,12.116133,-8.016132736206055,8.016132736206055
1.3,16.451307,-15.151307296752929,15.151307296752929
17.6,13.776542,3.823458290100099,3.823458290100099
11.1,21.683086,-10.583086395263672,10.583086395263672
15.99,13.549289,2.440711250305176,2.440711250305176
20.76,13.7698965,6.990103492736818,6.990103492736818
55.0,29.020231,25.979768753051758,25.979768753051758
49.3,16.344704,32.95529632568359,32.95529632568359
23.2,23.698263,-0.49826316833496165,0.49826316833496165
33.56,21.269999,12.290001449584963,12.290001449584963
4.41,23.344751,-18.934751358032226,18.934751358032226
37.2,22.50254,14.697459411621097,14.697459411621097
19.45,14.528288,4.921712112426757,4.921712112426757
17.2,13.849286,3.350713920593261,3.350713920593261
4.7,13.049772,-8.349772262573243,8.349772262573243
8.73,14.991815,-6.261814613342285,6.261814613342285
14.8,17.121422,-2.321421813964843,2.321421813964843
23.2,21.238634,1.961365890502929,1.961365890502929
18.94,27.063625,-8.123625335693358,8.123625335693358
4.52,11.278646,-6.758646469116211,6.758646469116211
27.84,27.584503,0.25549682617187486,0.25549682617187486
6.42,12.036902,-5.61690242767334,5.61690242767334
55.5,15.00493,40.495070457458496,40.495070457458496
5.81,18.273554,-12.463553848266603,12.463553848266603
8.9,16.262667,-7.3626667022705075,7.3626667022705075
10.8,11.279693,-0.4796926498413079,0.4796926498413079
27.19,14.218973,12.971026840209962,12.971026840209962
9.65,16.065353,-6.415353393554687,6.415353393554687
18.05,21.964941,-3.9149410247802727,3.9149410247802727
25.39,19.066656,6.323343887329102,6.323343887329102
10.09,25.148108,-15.058107528686524,15.058107528686524
9.1,12.247381,-3.147381210327149,3.147381210327149
4.28,10.121241,-5.841240615844726,5.841240615844726
21.05,23.964973,-2.9149734497070305,2.9149734497070305
7.65,10.276206,-2.626206016540527,2.626206016540527
18.18,13.1448965,5.035103492736816,5.035103492736816
13.6,27.32285,-13.722849273681641,13.722849273681641
0.9,12.634264,-11.73426399230957,11.73426399230957
17.33,16.058533,1.2714672851562483,1.2714672851562483
0.9,12.533953,-11.633952713012695,11.633952713012695
18.18,14.063652,4.116347961425781,4.116347961425781
25.74,12.781152,12.958848228454588,12.958848228454588
3.4,15.008318,-11.608317947387695,11.608317947387695
0.6,11.638252,-11.038252258300782,11.038252258300782
7.9,22.325579,-14.425578689575195,14.425578689575195
11.0,23.22656,-12.226560592651367,12.226560592651367
7.2,19.414099,-12.214098739624024,12.214098739624024
11.53,11.763481,-0.2334811401367194,0.2334811401367194
7.45,34.297676,-26.847676086425782,26.847676086425782
41.61,32.628662,8.981337890625,8.981337890625
18.08,24.540615,-6.460615081787111,6.460615081787111
7.87,8.556419,-0.6864193725585936,0.6864193725585936
5.35,13.2556095,-7.905609512329102,7.905609512329102
43.08,18.138842,24.941158370971678,24.941158370971678
12.88,17.361307,-4.481307144165038,4.481307144165038
12.62,21.760532,-9.140532379150391,9.140532379150391
35.78,32.668453,3.1115467834472668,3.1115467834472668
11.71,20.055592,-8.345591583251952,8.345591583251952
13.73,22.503962,-8.773961563110351,8.773961563110351
11.27,20.866838,-9.596838455200196,9.596838455200196
11.32,15.431371,-4.111370735168457,4.111370735168457
18.18,16.475994,1.7040058898925778,1.7040058898925778
27.05,23.267946,3.782053756713868,3.782053756713868
24.64,23.82375,0.8162504577636724,0.8162504577636724
14.85,29.962563,-15.112562561035157,15.112562561035157
24.28,20.743988,3.536011962890626,3.536011962890626
3.65,21.423351,-17.7733512878418,17.7733512878418
6.68,18.402874,-11.722873992919922,11.722873992919922
17.66,21.275063,-3.615062561035156,3.615062561035156
41.12,24.84283,16.277169342041013,16.277169342041013
18.19,21.063139,-2.873138961791991,2.873138961791991
9.32,11.139417,-1.819416694641113,1.819416694641113
12.4,16.796562,-4.396562194824218,4.396562194824218
4.06,16.013844,-11.953843536376954,11.953843536376954
19.7,19.605831,0.09416885375976491,0.09416885375976491
2.17,9.730868,-7.560868339538574,7.560868339538574
26.62,30.590897,-3.9708966064453115,3.9708966064453115
17.6,20.58374,-2.9837402343749986,2.9837402343749986
17.0,21.60683,-4.606830596923828,4.606830596923828
46.55,21.456097,25.093903350830075,25.093903350830075
22.8,20.743555,2.056444931030274,2.056444931030274
30.59,23.161936,7.428064193725586,7.428064193725586
17.44,31.401934,-13.961933670043944,13.961933670043944
0.36,14.5718355,-14.211835517883301,14.211835517883301
21.47,13.317707,8.15229293823242,8.15229293823242
7.01,21.035532,-14.025531997680664,14.025531997680664
10.18,24.182783,-14.002783126831055,14.002783126831055
15.12,17.59201,-2.472010498046876,2.472010498046876
33.97,23.294474,10.67552635192871,10.67552635192871
26.72,36.629665,-9.90966537475586,9.90966537475586
19.64,19.331423,0.30857719421386776,0.30857719421386776
50.34,35.60168,14.738319244384769,14.738319244384769
8.1,21.400036,-13.300035858154297,13.300035858154297
0.4,20.882023,-20.482022857666017,20.482022857666017
54.6,20.038876,34.56112442016602,34.56112442016602
12.37,17.45236,-5.082360153198243,5.082360153198243
18.18,19.127237,-0.9472373199462893,0.9472373199462893
19.5,20.370045,-0.8700447082519531,0.8700447082519531
52.29,31.574492,20.715508499145507,20.715508499145507
17.5,22.241884,-4.741884231567383,4.741884231567383
20.65,22.33623,-1.6862293243408217,1.6862293243408217
30.51,21.733376,8.776624450683595,8.776624450683595
55.05,36.520325,18.529675292968747,18.529675292968747
28.13,31.445976,-3.3159762573242197,3.3159762573242197
11.0,11.1884575,-0.18845748901367188,0.18845748901367188
23.79,20.545063,3.244936981201171,3.244936981201171
9.72,27.168764,-17.448764114379884,17.448764114379884
18.19,20.642517,-2.4525170898437487,2.4525170898437487
37.2,30.400753,6.7992469787597685,6.7992469787597685
60.52,20.930635,39.589364547729495,39.589364547729495
10.37,12.51638,-2.1463803100585945,2.1463803100585945
6.14,15.3187065,-9.178706512451171,9.178706512451171
10.7,15.028568,-4.328568267822266,4.328568267822266
4.9,26.733208,-21.83320770263672,21.83320770263672
10.72,13.886188,-3.166187553405761,3.166187553405761
60.06,34.176903,25.88309722900391,25.88309722900391
20.52,18.156797,2.3632025909423824,2.3632025909423824
19.2,23.60223,-4.402230072021485,4.402230072021485
59.15,27.615969,31.534031295776366,31.534031295776366
24.02,18.863089,5.156911392211914,5.156911392211914
5.02,16.101036,-11.081036071777344,11.081036071777344
5.57,18.004734,-12.43473403930664,12.43473403930664
27.41,16.307129,11.10287109375,11.10287109375
48.3,33.36913,14.930870819091794,14.930870819091794
42.39,36.81646,5.573540344238282,5.573540344238282
0.12,17.448727,-17.328726654052733,17.328726654052733
30.31,35.970528,-5.6605276489257825,5.6605276489257825
0.44,16.148901,-15.708900985717774,15.708900985717774
7.44,14.572412,-7.13241153717041,7.13241153717041
18.18,13.278561,4.901439361572265,4.901439361572265
20.61,22.545527,-1.9355265045166021,1.9355265045166021
47.9,36.37949,11.520510101318358,11.520510101318358
6.56,12.021324,-5.461324157714844,5.461324157714844
18.71,20.99371,-2.2837095642089835,2.2837095642089835
10.8,11.79992,-0.9999200820922844,0.9999200820922844
4.63,16.992794,-12.362794036865235,12.362794036865235
12.58,19.62378,-7.043779296875,7.043779296875
13.4,13.900566,-0.5005661010742184,0.5005661010742184
7.8,11.002796,-3.2027961730957033,3.2027961730957033
10.2,9.08457,1.1154300689697259,1.1154300689697259
46.39,30.710693,15.679306640625,15.679306640625
5.77,8.456686,-2.6866860198974614,2.6866860198974614
30.06,18.62055,11.43944984436035,11.43944984436035
16.6,16.93391,-0.33391036987304545,0.33391036987304545
10.7,11.423643,-0.7236431121826179,0.7236431121826179
46.86,31.667316,15.192683563232421,15.192683563232421
14.18,14.295938,-0.11593753814697294,0.11593753814697294
22.99,14.9440565,8.045943489074705,8.045943489074705
32.57,14.978361,17.591638870239258,17.591638870239258
4.3,44.05408,-39.75408096313477,39.75408096313477
2.57,14.203516,-11.633516006469726,11.633516006469726
12.63,14.453677,-1.8236771774291984,1.8236771774291984
18.16,17.139618,1.0203820800781251,1.0203820800781251
20.36,19.304626,1.0553735351562494,1.0553735351562494
29.7,17.394846,12.305154037475585,12.305154037475585
5.1,13.090178,-7.9901775360107425,7.9901775360107425
3.47,17.259212,-13.789212493896484,13.789212493896484
41.13,30.232347,10.897652511596682,10.897652511596682
9.09,14.145791,-5.055791053771973,5.055791053771973
2.2,14.756893,-12.556893157958985,12.556893157958985
9.53,8.436343,1.0936568069458001,1.0936568069458001
22.5,17.43728,5.062719345092773,5.062719345092773
9.8,10.941915,-1.1419145584106438,1.1419145584106438
17.29,21.340052,-4.050051651000977,4.050051651000977
51.71,13.391241,38.3187589263916,38.3187589263916
12.01,15.547999,-3.537999382019043,3.537999382019043
26.54,17.553854,8.986146011352538,8.986146011352538
18.58,16.433985,2.1460152435302717,2.1460152435302717
19.09,12.847644,6.242356147766113,6.242356147766113
6.66,20.369799,-13.70979866027832,13.70979866027832
6.43,18.920284,-12.490284271240235,12.490284271240235
48.97,45.858078,3.1119219970703114,3.1119219970703114
6.34,11.464478,-5.1244775390625,5.1244775390625
10.16,10.378451,-0.21845134735107408,0.21845134735107408
4.71,11.163573,-6.453573265075684,6.453573265075684
38.86,33.97502,4.884978637695312,4.884978637695312
3.95,18.0296,-14.079600143432618,14.079600143432618
20.8,12.036945,8.763054656982423,8.763054656982423
10.2,10.018319,0.18168087005615163,0.18168087005615163
29.64,16.49367,13.146330490112305,13.146330490112305
8.47,9.658152,-1.1881516265869134,1.1881516265869134
9.81,6.600061,3.209939060211182,3.209939060211182
2.4,11.53662,-9.136620140075683,9.136620140075683
9.7,11.473867,-1.7738674163818366,1.7738674163818366
20.49,16.37139,4.1186106109619125,4.1186106109619125
11.74,33.569008,-21.829007873535154,21.829007873535154
16.08,16.581314,-0.5013140869140642,0.5013140869140642
9.4,14.178707,-4.778707122802734,4.778707122802734
12.81,9.442936,3.367064056396485,3.367064056396485
2.26,11.22921,-8.969209899902344,8.969209899902344
14.42,18.556845,-4.136844711303711,4.136844711303711
2.43,17.027552,-14.597551651000977,14.597551651000977
5.08,6.119726,-1.0397261810302734,1.0397261810302734
1.74,9.431954,-7.691954383850097,7.691954383850097
26.04,30.60797,-4.567969284057618,4.567969284057618
11.51,7.7477746,3.7622253990173338,3.7622253990173338
0.07,8.548282,-8.478281669616699,8.478281669616699
7.34,6.119726,1.2202738189697264,1.2202738189697264
20.86,17.178034,3.681966171264648,3.681966171264648
5.62,11.932676,-6.312676315307617,6.312676315307617
9.07,15.500221,-6.430221252441406,6.430221252441406
2.75,8.342056,-5.5920562744140625,5.5920562744140625
4.2,8.548282,-4.348281669616699,4.348281669616699
16.89,18.28037,-1.3903707122802729,1.3903707122802729
5.96,20.549885,-14.589884796142577,14.589884796142577
22.3,9.67656,12.623439598083497,12.623439598083497
10.5,7.822338,2.677661895751953,2.677661895751953
14.3,12.835784,1.4642160415649421,1.4642160415649421
13.26,10.192392,3.0676076507568357,3.0676076507568357
10.52,14.495129,-3.9751286315917973,3.9751286315917973
33.67,27.825628,5.844371719360353,5.844371719360353
5.0,7.2043233,-2.2043232917785645,2.2043232917785645
24.27,14.031222,10.238777656555175,10.238777656555175
7.59,10.493658,-2.9036580657958986,2.9036580657958986
7.95,6.8081484,1.141851615905762,1.141851615905762
44.11,11.771116,32.33888374328613,32.33888374328613
19.85,8.999751,10.850248908996583,10.850248908996583
8.3,19.688427,-11.388426971435546,11.388426971435546
24.38,15.285133,9.094866638183593,9.094866638183593
0.73,13.175334,-12.445333976745605,12.445333976745605
14.96,7.1619506,7.7980494117736825,7.7980494117736825
2.35,8.954058,-6.604057693481446,6.604057693481446
5.78,11.476981,-5.696981163024902,5.696981163024902
18.77,29.49384,-10.723839263916016,10.723839263916016
9.48,9.540774,-0.06077434539794879,0.06077434539794879
5.04,18.435528,-13.395527801513673,13.395527801513673
29.8,7.5184,22.28159980773926,22.28159980773926
2.57,10.780655,-8.210654907226562,8.210654907226562
12.41,21.373734,-8.963733520507812,8.963733520507812
18.38,17.322376,1.0576237487792959,1.0576237487792959
14.34,16.750528,-2.410528335571289,2.410528335571289
23.92,10.632607,13.287392539978029,13.287392539978029
11.94,23.248798,-11.308798370361329,11.308798370361329
39.4,10.466643,28.93335666656494,28.93335666656494
9.2,17.5401,-8.34010009765625,8.34010009765625
22.89,21.373734,1.516266479492188,1.516266479492188
30.3,18.84725,11.45275001525879,11.45275001525879
22.3,6.68615,15.613849925994874,15.613849925994874
1.5,7.658682,-6.158681869506836,6.158681869506836
6.43,15.189996,-8.759995765686035,8.759995765686035
17.7,14.877519,2.8224813461303704,2.8224813461303704
8.7,9.894285,-1.194285202026368,1.194285202026368
4.81,28.797031,-23.987031402587892,23.987031402587892
24.05,13.414287,10.635713386535645,10.635713386535645
19.54,10.129564,9.410435714721679,9.410435714721679
47.55,17.783598,29.766402053833005,29.766402053833005
3.87,8.307321,-4.4373205947875975,4.4373205947875975
7.5,10.528416,-3.0284156799316406,3.0284156799316406
1.87,10.248048,-8.378047828674315,8.378047828674315
55.2,17.518328,37.68167228698731,37.68167228698731
7.9,12.83328,-4.933279609680175,4.933279609680175
51.56,23.2371,28.322899398803713,28.322899398803713
10.29,11.422466,-1.1324662780761727,1.1324662780761727
3.82,10.432796,-6.612795524597168,6.612795524597168
3.5,6.119726,-2.6197261810302734,2.6197261810302734
1.56,10.178764,-8.618764343261718,8.618764343261718
5.47,11.960745,-6.490744857788086,6.490744857788086
4.5,9.710933,-5.210932731628418,5.210932731628418
11.27,7.90626,3.3637399864196773,3.3637399864196773
17.96,7.2560196,10.703980407714845,10.703980407714845
8.95,21.585793,-12.635792541503907,12.635792541503907
36.51,25.683516,10.826484451293943,10.826484451293943
10.8,12.410764,-1.61076374053955,1.61076374053955
22.3,19.659506,2.6404941558837898,2.6404941558837898
11.75,12.103284,-0.3532838821411133,0.3532838821411133
22.83,15.850064,6.9799357223510725,6.9799357223510725
10.9,8.055824,2.844175720214844,2.844175720214844
11.53,18.474207,-6.944206924438477,6.944206924438477
3.33,12.173365,-8.843364639282226,8.843364639282226
31.61,8.106509,23.5034907913208,23.5034907913208
7.53,11.7687845,-4.238784523010254,4.238784523010254
0.1,9.899555,-9.799555206298828,9.799555206298828
32.19,16.767803,15.422196807861326,15.422196807861326
9.81,15.778952,-5.96895164489746,5.96895164489746
3.9,9.660157,-5.760157203674316,5.760157203674316
7.94,19.814533,-11.874533233642577,11.874533233642577
13.11,9.089932,4.020067558288574,4.020067558288574
7.71,17.151207,-9.441206970214843,9.441206970214843
10.17,9.627143,0.5428570938110351,0.5428570938110351
2.66,11.884424,-9.224424209594726,9.224424209594726
21.04,9.40933,11.630669631958007,11.630669631958007
4.6,10.493867,-5.893866920471192,5.893866920471192
12.25,11.117262,1.1327381134033203,1.1327381134033203
12.45,13.6101265,-1.1601264953613288,1.1601264953613288
2.3,15.523786,-13.223785591125488,13.223785591125488
22.0,20.843822,1.1561775207519531,1.1561775207519531
49.05,11.870645,37.179355430603025,37.179355430603025
17.65,14.898863,2.7511371612548814,2.7511371612548814
8.02,31.00914,-22.989140014648438,22.989140014648438
18.18,28.704,-10.524000473022461,10.524000473022461
3.59,12.905505,-9.315505180358887,9.315505180358887
20.59,17.114876,3.4751242065429686,3.4751242065429686
2.01,15.06172,-13.05171989440918,13.05171989440918
7.98,10.214097,-2.2340970230102535,2.2340970230102535
40.15,26.700577,13.449423217773436,13.449423217773436
13.37,14.175074,-0.8050736236572273,0.8050736236572273
20.68,11.550262,9.129737548828125,9.129737548828125
50.8,12.752633,38.0473669052124,38.0473669052124
19.09,20.790516,-1.7005158996582033,1.7005158996582033
26.39,13.913083,12.47691692352295,12.47691692352295
55.42,26.393335,29.026664657592775,29.026664657592775
17.68,16.657698,1.022302322387695,1.022302322387695
3.36,9.332098,-5.972098007202149,5.972098007202149
7.94,15.302052,-7.362051544189453,7.362051544189453
0.24,16.383669,-16.143668899536134,16.143668899536134
6.4,19.160578,-12.760577774047851,12.760577774047851
12.83,12.948557,-0.11855690002441399,0.11855690002441399
7.87,20.037256,-12.167256240844726,12.167256240844726
20.1,28.9307,-8.830700302124022,8.830700302124022
0.33,13.407177,-13.077176971435547,13.077176971435547
13.37,12.773378,0.5966216278076164,0.5966216278076164
12.5,12.130826,0.3691740036010742,0.3691740036010742
25.14,15.082541,10.057458534240723,10.057458534240723
10.6,14.736096,-4.136096382141114,4.136096382141114
25.58,13.529556,12.050443725585936,12.050443725585936
2.08,12.845046,-10.765046043395996,10.765046043395996
16.04,12.386921,3.653079071044921,3.653079071044921
12.2,11.220964,0.979035568237304,0.979035568237304
33.5,18.457813,15.042186737060547,15.042186737060547
10.15,17.489801,-7.339801406860351,7.339801406860351
19.18,17.367924,1.812076263427734,1.812076263427734
0.7,9.00524,-8.305240440368653,8.305240440368653
54.9,19.094894,35.80510559082031,35.80510559082031
42.65,25.30007,17.349930191040038,17.349930191040038
40.0,19.517084,20.4829158782959,20.4829158782959
16.31,15.1570015,1.1529985046386706,1.1529985046386706
6.97,18.182348,-11.212348251342775,11.212348251342775
4.7,18.473482,-13.773482131958009,13.773482131958009
6.09,25.412323,-19.322322998046875,19.322322998046875
37.3,25.432487,11.867512512207028,11.867512512207028
50.69,33.33328,17.35672134399414,17.35672134399414
25.02,14.438413,10.581587333679199,10.581587333679199
34.0,21.960327,12.0396728515625,12.0396728515625
40.03,20.457825,19.57217529296875,19.57217529296875
12.9,23.986292,-11.086291885375976,11.086291885375976
22.36,23.789263,-1.4292627716064459,1.4292627716064459
20.99,20.304804,0.6851961517333969,0.6851961517333969
29.18,17.42731,11.752689056396484,11.752689056396484
6.8,14.658519,-7.858518791198731,7.858518791198731
22.3,13.53386,8.766139793395997,8.766139793395997
13.1,12.23073,0.8692699432373043,0.8692699432373043
10.19,23.03113,-12.841129837036133,12.841129837036133
6.2,12.818899,-6.618899154663086,6.618899154663086
6.41,18.713535,-12.30353530883789,12.30353530883789
0.05,16.008701,-15.95870132446289,15.95870132446289
33.13,18.295599,14.834401016235354,14.834401016235354
0.06,14.81219,-14.752190055847167,14.752190055847167
18.18,14.708088,3.4719120788574216,3.4719120788574216
21.94,22.346872,-0.4068723297119128,0.4068723297119128
13.1,17.812534,-4.712534332275391,4.712534332275391
12.45,9.801219,2.648781013488769,2.648781013488769
45.0,18.913012,26.08698844909668,26.08698844909668
16.4,32.348682,-15.948682403564455,15.948682403564455
12.09,21.565983,-9.475982818603516,9.475982818603516
28.9,20.839088,8.060911560058592,8.060911560058592
10.64,15.034216,-4.394215927124023,4.394215927124023
6.66,12.735035,-6.075034942626953,6.075034942626953
11.7,23.120321,-11.420321273803712,11.420321273803712
24.28,32.28163,-8.001631469726561,8.001631469726561
10.25,22.530922,-12.280921936035156,12.280921936035156
36.91,26.311077,10.598922882080075,10.598922882080075
11.9,24.473307,-12.573306655883789,12.573306655883789
11.63,15.191459,-3.5614587020874016,3.5614587020874016
27.06,16.157568,10.902432022094725,10.902432022094725
27.2,29.266241,-2.066241073608399,2.066241073608399
17.92,19.014027,-1.0940266418457014,1.0940266418457014
8.99,12.6190405,-3.629040489196777,3.629040489196777
9.4,10.868247,-1.468247032165527,1.468247032165527
55.17,17.73231,37.43769065856934,37.43769065856934
4.2,10.7110195,-6.511019515991211,6.511019515991211
16.7,18.157228,-1.4572284698486335,1.4572284698486335
14.6,15.630513,-1.0305131912231449,1.0305131912231449
3.71,14.721293,-11.011293449401855,11.011293449401855
43.9,35.516346,8.383654022216795,8.383654022216795
18.83,18.630672,0.19932754516601392,0.19932754516601392
22.54,17.280403,5.259596862792968,5.259596862792968
7.08,12.603154,-5.523154182434082,5.523154182434082
38.56,24.460821,14.099178848266604,14.099178848266604
35.94,21.590405,14.34959548950195,14.34959548950195
23.76,12.504282,11.255718002319338,11.255718002319338
21.3,19.822365,1.4776351928710945,1.4776351928710945
0.79,9.605611,-8.815610847473145,8.815610847473145
13.0,34.713955,-21.71395492553711,21.71395492553711
59.96,21.948025,38.01197525024414,38.01197525024414
29.12,20.589731,8.530268783569337,8.530268783569337
28.89,33.581562,-4.691562042236328,4.691562042236328
7.9,19.280106,-11.380105590820312,11.380105590820312
16.09,18.422697,-2.3326970672607423,2.3326970672607423
20.37,21.151485,-0.7814854431152334,0.7814854431152334
59.55,23.077475,36.472525405883786,36.472525405883786
3.38,21.39033,-18.010329360961915,18.010329360961915
10.73,9.605611,1.124389152526856,1.124389152526856
30.4,27.180593,3.2194065093994126,3.2194065093994126
8.89,21.60683,-12.716830596923828,12.716830596923828
5.1,22.09416,-16.994160079956053,16.994160079956053
18.18,17.457909,0.722091369628906,0.722091369628906
61.88,33.142406,28.737593536376956,28.737593536376956
20.76,19.648174,1.1118257141113297,1.1118257141113297
36.69,33.157097,3.532903137207029,3.532903137207029
0.04,18.817677,-18.777676544189454,18.777676544189454
59.93,35.700184,24.229816131591797,24.229816131591797
4.79,24.252924,-19.462923965454102,19.462923965454102
19.8,15.69098,4.109020042419434,4.109020042419434
58.22,40.84236,17.377638549804686,17.377638549804686
58.79,39.28274,19.50725845336914,19.50725845336914
45.39,20.79182,24.598179473876954,24.598179473876954
8.0,11.963259,-3.963258743286133,3.963258743286133
49.11,14.4698925,34.640107498168945,34.640107498168945
18.16,23.914547,-5.754546966552734,5.754546966552734
2.35,20.510761,-18.160761260986327,18.160761260986327
44.62,27.591349,17.02865135192871,17.02865135192871
37.18,22.022278,15.15772216796875,15.15772216796875
20.95,27.470615,-6.520615386962891,6.520615386962891
21.88,15.092646,6.787354354858397,6.787354354858397
58.99,18.975113,40.01488708496094,40.01488708496094
30.29,26.968428,3.3215723419189445,3.3215723419189445
64.21,31.970663,32.23933692932128,32.23933692932128
30.9,16.659613,14.24038734436035,14.24038734436035
18.18,20.52835,-2.3483508300781253,2.3483508300781253
54.36,28.441824,25.918176040649413,25.918176040649413
0.8,21.383581,-20.583581161499023,20.583581161499023
11.58,12.611511,-1.03151123046875,1.03151123046875
42.36,30.18455,12.17545066833496,12.17545066833496
18.18,22.633999,-4.45399887084961,4.45399887084961
8.42,25.421824,-17.001823501586912,17.001823501586912
23.87,24.192802,-0.32280242919921776,0.32280242919921776
16.0,15.754229,0.2457714080810547,0.2457714080810547
52.94,46.15539,6.784608306884763,6.784608306884763
63.41,22.919352,40.49064842224121,40.49064842224121
50.0,35.436436,14.56356430053711,14.56356430053711
42.24,27.629038,14.610962142944338,14.610962142944338
55.41,34.55808,20.851921234130856,20.851921234130856
46.4,37.531864,8.868135833740233,8.868135833740233
18.18,34.504433,-16.324432678222657,16.324432678222657
22.36,25.552464,-3.192463531494141,3.192463531494141
35.28,19.628635,15.65136459350586,15.65136459350586
8.01,28.1255,-20.1154997253418,20.1154997253418
17.33,19.764553,-2.434553070068361,2.434553070068361
2.11,17.407265,-15.297264709472657,15.297264709472657
46.8,30.181623,16.618376541137692,16.618376541137692
62.36,36.828606,25.53139434814453,25.53139434814453
37.16,25.280117,11.879882965087887,11.879882965087887
45.7,25.510948,20.18905181884766,20.18905181884766
4.31,8.742953,-4.432953300476075,4.432953300476075
11.4,10.438847,0.9611534118652347,0.9611534118652347
7.9,10.728802,-2.8288017272949215,2.8288017272949215
10.5,11.734141,-1.2341413497924805,1.2341413497924805
4.61,17.13032,-12.520319595336915,12.520319595336915
40.72,20.917328,19.802672119140624,19.802672119140624
27.25,19.299633,7.950366973876953,7.950366973876953
20.0,14.306723,5.693277359008789,5.693277359008789
12.19,19.114151,-6.924151000976563,6.924151000976563
11.63,18.790346,-7.160346145629882,7.160346145629882
5.4,18.311838,-12.911838150024414,12.911838150024414
30.31,17.555626,12.754374084472655,12.754374084472655
8.1,15.673826,-7.5738262176513675,7.5738262176513675
26.8,18.126331,8.673668670654298,8.673668670654298
10.14,8.456686,1.6833139801025396,1.6833139801025396
30.42,20.600683,9.819316787719728,9.819316787719728
16.85,14.1092615,2.7407384872436538,2.7407384872436538
1.16,19.814257,-18.65425666809082,18.65425666809082
8.1,13.482553,-5.382552528381348,5.382552528381348
12.23,22.285797,-10.055797119140625,10.055797119140625
19.61,16.997234,2.6127656555175776,2.6127656555175776
8.9,8.395302,0.5046981811523441,0.5046981811523441
36.36,22.221903,14.13809715270996,14.13809715270996
18.18,17.255638,0.924361877441406,0.924361877441406
9.71,12.664815,-2.9548149490356437,2.9548149490356437
11.35,9.491775,1.8582254409790036,1.8582254409790036
12.2,16.300756,-4.100756454467774,4.100756454467774
54.81,32.481327,22.328672943115237,22.328672943115237
19.51,15.159326,4.350674400329591,4.350674400329591
4.68,12.942103,-8.262103385925293,8.262103385925293
21.57,17.208714,4.36128646850586,4.36128646850586
7.3,11.084303,-3.78430290222168,3.78430290222168
2.1,10.671842,-8.571841621398926,8.571841621398926
2.8,22.794209,-19.994208526611327,19.994208526611327
21.58,18.568182,3.01181800842285,3.01181800842285
28.46,17.417303,11.042696914672852,11.042696914672852
40.4,19.804897,20.59510269165039,20.59510269165039
16.83,10.50734,6.322659568786619,6.322659568786619
18.73,9.445171,9.284828643798829,9.284828643798829
6.72,13.9702015,-7.250201492309571,7.250201492309571
10.2,9.904679,0.2953207015991204,0.2953207015991204
25.45,16.62478,8.825219345092773,8.825219345092773
17.7,15.041095,2.6589052200317376,2.6589052200317376
9.6,11.456328,-1.856328392028809,1.856328392028809
14.93,11.229352,3.7006480026245114,3.7006480026245114
3.99,9.844139,-5.8541390991210935,5.8541390991210935
0.33,12.9868355,-12.656835479736328,12.656835479736328
19.42,17.33892,2.081079406738283,2.081079406738283
7.9,11.464478,-3.5644775390624996,3.5644775390624996
36.12,15.348835,20.77116500854492,20.77116500854492
7.29,9.611963,-2.3219632720947265,2.3219632720947265
14.07,9.879366,4.1906340789794925,4.1906340789794925
6.28,16.581314,-10.301314086914061,10.301314086914061
32.05,13.267322,18.78267841339111,18.78267841339111
16.89,20.254915,-3.3649152374267572,3.3649152374267572
1.15,9.704424,-8.554423904418945,8.554423904418945
9.99,10.574221,-0.5842206573486326,0.5842206573486326
12.12,17.255266,-5.135266189575196,5.135266189575196
4.14,13.7411785,-9.601178512573242,9.601178512573242
20.98,22.576157,-1.596156616210937,1.596156616210937
10.5,18.154196,-7.654195785522461,7.654195785522461
3.03,6.5313883,-3.501388282775879,3.501388282775879
21.22,18.416918,2.8030821990966786,2.8030821990966786
0.09,10.043469,-9.953469429016113,9.953469429016113
6.94,9.199996,-2.2599959945678707,2.2599959945678707
20.0,15.043765,4.956234931945801,4.956234931945801
9.84,10.608988,-0.7689878082275392,0.7689878082275392
16.16,14.619595,1.5404054260253908,1.5404054260253908
31.4,15.252644,16.14735641479492,16.14735641479492
11.0,10.265456,0.7345438003540039,0.7345438003540039
1.28,10.041892,-8.761892051696778,8.761892051696778
35.44,11.56441,23.875589790344236,23.875589790344236
0.89,11.514112,-10.62411247253418,10.62411247253418
11.6,19.606327,-8.006327056884766,8.006327056884766
13.7,10.6321745,3.067825508117675,3.067825508117675
4.5,7.157692,-2.6576919555664062,2.6576919555664062
27.58,22.236462,5.343538360595701,5.343538360595701
12.95,8.2381735,4.711826515197753,4.711826515197753
12.97,16.831589,-3.861588745117187,3.861588745117187
34.69,22.544933,12.1450666809082,12.1450666809082
15.9,12.797434,3.1025661468505863,3.1025661468505863
17.02,12.686315,4.3336854171752925,4.3336854171752925
9.91,11.514112,-1.6041124725341795,1.6041124725341795
36.74,24.271744,12.46825622558594,12.46825622558594
0.1,9.418315,-9.318314933776856,9.318314933776856
10.47,11.833751,-1.3637507247924798,1.3637507247924798
25.55,11.926889,13.623110580444337,13.623110580444337
11.8,8.238302,3.5616977691650398,3.5616977691650398
2.7,17.723087,-15.023087310791016,15.023087310791016
3.5,14.663263,-11.163263320922852,11.163263320922852
51.52,16.929876,34.590123672485355,34.590123672485355
17.8,16.581303,1.218697357177735,1.218697357177735
4.5,15.164583,-10.664583206176758,10.664583206176758
8.69,14.834375,-6.144375381469727,6.144375381469727
11.02,9.523269,1.4967313003540035,1.4967313003540035
1.9,10.744245,-8.844244575500488,8.844244575500488
11.8,13.034779,-1.2347785949707024,1.2347785949707024
6.1,13.7368555,-7.636855506896973,7.636855506896973
18.64,8.278412,10.361588134765626,10.361588134765626
10.6,15.935975,-5.335975074768067,5.335975074768067
28.56,18.299757,10.260242996215819,10.260242996215819
1.66,12.797434,-11.137433853149414,11.137433853149414
16.95,25.50956,-8.559559631347657,8.559559631347657
5.4,13.8460455,-8.44604549407959,8.44604549407959
20.2,15.253644,4.946356010437011,4.946356010437011
7.23,9.1927805,-1.962780494689941,1.962780494689941
9.8,25.480677,-15.680676651000976,15.680676651000976
1.3,6.241724,-4.941724014282227,4.941724014282227
8.78,17.840712,-9.06071159362793,9.06071159362793
3.37,15.690531,-12.320530776977538,12.320530776977538
8.4,11.464784,-3.064783668518066,3.064783668518066
3.01,13.699269,-10.68926929473877,10.68926929473877
46.33,21.214792,25.115207748413084,25.115207748413084
0.7,19.628447,-18.928446578979493,18.928446578979493
10.49,8.770434,1.7195656204223635,1.7195656204223635
10.9,8.902333,1.9976667404174808,1.9976667404174808
7.89,15.685184,-7.7951835250854495,7.7951835250854495
21.1,8.277112,12.822887992858888,12.822887992858888
4.77,8.275657,-3.5056567001342778,3.5056567001342778
6.1,8.327375,-2.227375411987305,2.227375411987305
35.74,31.29494,4.445059051513674,4.445059051513674
15.21,11.409347,3.8006534194946298,3.8006534194946298
5.03,12.104546,-7.0745455932617185,7.0745455932617185
11.03,6.8965793,4.133420734405517,4.133420734405517
8.0,12.863012,-4.863012313842773,4.863012313842773
8.59,9.730689,-1.14068904876709,1.14068904876709
17.93,19.270395,-1.3403952789306643,1.3403952789306643
27.97,26.351322,1.6186778259277332,1.6186778259277332
4.79,16.292088,-11.502087554931641,11.502087554931641
21.69,11.372345,10.317655029296876,10.317655029296876
8.42,11.736508,-3.316508369445801,3.316508369445801
4.24,9.204703,-4.964703330993652,4.964703330993652
1.9,19.007687,-17.107686614990236,17.107686614990236
22.3,11.89696,10.403039741516114,10.403039741516114
6.53,24.165071,-17.635071487426757,17.635071487426757
21.4,17.875374,3.5246261596679673,3.5246261596679673
10.85,12.548554,-1.6985544204711918,1.6985544204711918
8.84,9.8976345,-1.057634506225586,1.057634506225586
2.8,15.483772,-12.68377227783203,12.68377227783203
30.68,29.79772,0.8822800445556638,0.8822800445556638
10.17,11.998799,-1.8287993240356446,1.8287993240356446
12.8,8.163102,4.636897850036622,4.636897850036622
51.26,26.593374,24.666625747680662,24.666625747680662
9.8,14.508585,-4.708584976196288,4.708584976196288
22.3,17.194326,5.105673599243165,5.105673599243165
16.19,19.834526,-3.6445260620117175,3.6445260620117175
11.7,11.158951,0.5410491943359368,0.5410491943359368
24.26,12.908199,11.351800689697267,11.351800689697267
3.07,12.375393,-9.305392913818359,9.305392913818359
10.5,10.754057,-0.2540569305419922,0.2540569305419922
10.7,11.423012,-0.723011779785157,0.723011779785157
77.54,20.897648,56.64235214233399,56.64235214233399
15.23,12.947582,2.2824177551269536,2.2824177551269536
34.79,17.921036,16.868964233398437,16.868964233398437
11.18,7.192507,3.987493209838867,3.987493209838867
22.3,12.880383,9.419617462158204,9.419617462158204
19.12,16.662975,2.457024688720704,2.457024688720704
11.39,12.997733,-1.6077331161499018,1.6077331161499018
21.48,14.708822,6.7711777496337895,6.7711777496337895
2.85,10.419373,-7.56937255859375,7.56937255859375
23.6,14.842276,8.757724380493165,8.757724380493165
11.18,15.752302,-4.572302169799805,4.572302169799805
31.02,25.56204,5.457959671020507,5.457959671020507
26.43,16.322094,10.107906036376953,10.107906036376953
8.6,17.150846,-8.550846481323243,8.550846481323243
22.3,29.619064,-7.319064331054687,7.319064331054687
18.84,14.796924,4.043076362609863,4.043076362609863
9.18,10.678205,-1.4982045364379886,1.4982045364379886
20.17,19.54162,0.6283797454834001,0.6283797454834001
40.17,17.658289,22.511711044311525,22.511711044311525
5.6,8.732247,-3.132247352600098,3.132247352600098
8.1,11.916647,-3.8166469573974613,3.8166469573974613
5.39,13.106506,-7.71650634765625,7.71650634765625
11.03,22.763687,-11.733687133789063,11.733687133789063
13.24,27.531399,-14.29139877319336,14.29139877319336
30.89,18.22543,12.664570465087891,12.664570465087891
34.62,16.307827,18.312173004150388,18.312173004150388
16.09,13.885551,2.204448547363281,2.204448547363281
26.02,20.588295,5.431705017089843,5.431705017089843
30.3,25.870438,4.429562377929688,4.429562377929688
8.5,12.765177,-4.265176773071289,4.265176773071289
40.89,23.255833,17.63416732788086,17.63416732788086
11.66,16.102705,-4.4427050018310545,4.4427050018310545
6.38,14.613954,-8.233953590393067,8.233953590393067
20.41,14.117693,6.292307052612305,6.292307052612305
13.27,15.998788,-2.728787879943848,2.728787879943848
13.3,13.87875,-0.5787498474121087,0.5787498474121087
2.97,9.172064,-6.202063827514648,6.202063827514648
7.7,22.116365,-14.416365432739259,14.416365432739259
53.3,21.960327,31.339672851562497,31.339672851562497
9.7,14.560357,-4.860357093811036,4.860357093811036
74.48,31.711182,42.768818359375004,42.768818359375004
2.69,9.172667,-6.482666549682618,6.482666549682618
38.41,27.106886,11.303114089965817,11.303114089965817
55.05,34.613308,20.436692047119138,20.436692047119138
19.28,25.012894,-5.732893676757811,5.732893676757811
39.93,28.221727,11.70827262878418,11.70827262878418
10.1,10.290548,-0.1905483245849613,0.1905483245849613
30.6,22.99464,7.6053596496582045,7.6053596496582045
38.37,19.714092,18.655907745361326,18.655907745361326
24.79,19.82864,4.96136001586914,4.96136001586914
26.47,36.384464,-9.914464263916017,9.914464263916017
1.84,20.656643,-18.81664291381836,18.81664291381836
0.18,9.144825,-8.964824981689453,8.964824981689453
24.2,21.422852,2.7771484374999993,2.7771484374999993
8.9,24.703735,-15.8037353515625,15.8037353515625
21.63,24.626623,-2.9966231536865244,2.9966231536865244
7.95,22.14853,-14.198529052734376,14.198529052734376
20.05,31.163244,-11.113244247436523,11.113244247436523
29.2,19.833118,9.366881561279296,9.366881561279296
35.53,21.526167,14.003833084106446,14.003833084106446
9.4,10.822865,-1.4228645324707028,1.4228645324707028
38.1,28.740925,9.359075164794923,9.359075164794923
13.39,16.832285,-3.4422849273681635,3.4422849273681635
18.98,17.417746,1.5622544097900395,1.5622544097900395
28.41,33.433628,-5.0236280822753905,5.0236280822753905
24.5,19.706985,4.7930145263671875,4.7930145263671875
5.6,23.068995,-17.468994522094725,17.468994522094725
8.5,18.50917,-10.009170532226562,10.009170532226562
4.44,21.363247,-16.923246917724608,16.923246917724608
10.46,27.14147,-16.681469955444335,16.681469955444335
6.53,12.427381,-5.897380561828613,5.897380561828613
40.04,16.743755,23.296244659423827,23.296244659423827
37.66,21.260303,16.399696502685543,16.399696502685543
5.09,13.318376,-8.228375587463379,8.228375587463379
27.14,17.957788,9.182211532592774,9.182211532592774
9.6,19.603498,-10.003498458862305,10.003498458862305
4.96,9.67037,-4.710370101928711,4.710370101928711
43.19,29.302921,13.887078704833982,13.887078704833982
50.5,19.603498,30.896501541137695,30.896501541137695
33.6,12.839146,20.76085433959961,20.76085433959961
29.94,31.458996,-1.5189958190917956,1.5189958190917956
44.79,21.385769,23.40423110961914,23.40423110961914
28.18,26.831385,1.3486153411865232,1.3486153411865232
1.4,20.3822,-18.98220024108887,18.98220024108887
46.83,36.31923,10.510770874023436,10.510770874023436
14.01,16.502882,-2.49288200378418,2.49288200378418
14.4,23.291372,-8.891372299194336,8.891372299194336
3.0,16.642385,-13.642385482788086,13.642385482788086
24.6,18.56793,6.032069778442384,6.032069778442384
39.19,29.082556,10.107444229125974,10.107444229125974
54.98,21.610428,33.369572143554684,33.369572143554684
51.35,28.09669,23.253310775756837,23.253310775756837
11.5,21.747936,-10.247936248779297,10.247936248779297
3.5,20.95213,-17.452129364013672,17.452129364013672
3.5,20.205442,-16.705442428588867,16.705442428588867
15.94,19.690346,-3.7503457641601567,3.7503457641601567
5.7,26.831385,-21.131384658813477,21.131384658813477
8.17,10.605665,-2.4356652069091798,2.4356652069091798
3.9,18.63458,-14.734580612182617,14.734580612182617
24.0,21.847935,2.1520652770996094,2.1520652770996094
18.18,19.22175,-1.0417502593994143,1.0417502593994143
47.29,14.266779,33.02322105407715,33.02322105407715
16.9,19.913324,-3.013324356079103,3.013324356079103
41.15,22.702873,18.44712677001953,18.44712677001953
16.22,22.47745,-6.257449417114259,6.257449417114259
17.22,24.663727,-7.443726806640626,7.443726806640626
0.6,20.385439,-19.78543891906738,19.78543891906738
28.29,21.345348,6.944651641845702,6.944651641845702
25.36,14.098939,11.261061058044433,11.261061058044433
37.5,16.065546,21.4344539642334,21.4344539642334
4.48,10.716403,-6.236403007507324,6.236403007507324
15.84,36.719044,-20.879043731689453,20.879043731689453
17.2,28.324917,-11.12491683959961,11.12491683959961
45.94,30.445219,15.494780960083006,15.494780960083006
13.98,20.08985,-6.109849472045898,6.109849472045898
5.14,20.079788,-14.939788208007812,14.939788208007812
43.25,35.32321,7.926788330078125,7.926788330078125
11.2,12.711381,-1.5113809585571296,1.5113809585571296
24.5,25.497572,-0.9975719451904297,0.9975719451904297
64.96,35.01783,29.942170104980462,29.942170104980462
21.5,29.54608,-8.046079635620117,8.046079635620117
0.12,19.342672,-19.22267234802246,19.22267234802246
19.69,22.36368,-2.6736798858642565,2.6736798858642565
10.4,20.05562,-9.655620193481445,9.655620193481445
11.73,14.04249,-2.3124900054931636,2.3124900054931636
11.5,11.316768,0.18323230743408203,0.18323230743408203
23.9,23.304007,0.5959934234619126,0.5959934234619126
51.3,29.401453,21.89854698181152,21.89854698181152
10.94,11.79992,-0.8599200820922857,0.8599200820922857
7.03,10.4445715,-3.414571495056152,3.414571495056152
15.68,12.11491,3.565089874267578,3.565089874267578
10.47,18.021507,-7.551507263183593,7.551507263183593
6.5,12.803195,-6.303194999694824,6.303194999694824
20.13,15.387573,4.742426757812499,4.742426757812499
35.99,17.596918,18.3930818939209,18.3930818939209
21.19,16.926422,4.263577880859376,4.263577880859376
11.3,15.782765,-4.482765388488769,4.482765388488769
12.85,28.844172,-15.994171524047852,15.994171524047852
28.29,13.86203,14.427969970703124,14.427969970703124
53.62,27.849178,25.770821685791013,25.770821685791013
24.75,19.734858,5.015142440795898,5.015142440795898
13.96,14.37847,-0.4184704208374015,0.4184704208374015
26.44,23.398987,3.0410131835937513,3.0410131835937513
16.23,17.105993,-0.875993270874023,0.875993270874023
15.21,20.087616,-4.877615966796874,4.877615966796874
25.0,11.002796,13.997203826904297,13.997203826904297
12.6,15.749194,-3.149194145202637,3.149194145202637
12.26,17.63034,-5.370340576171875,5.370340576171875
28.69,21.279177,7.4108232879638685,7.4108232879638685
30.65,26.413528,4.236471557617186,4.236471557617186
14.96,18.664087,-3.7040872955322257,3.7040872955322257
14.74,17.413435,-2.6734349822998045,2.6734349822998045
34.06,30.812939,3.2470613098144554,3.2470613098144554
36.69,29.88613,6.803870620727537,6.803870620727537
5.47,13.015568,-7.545567779541016,7.545567779541016
5.63,9.617587,-3.9875870895385743,3.9875870895385743
22.9,17.601091,5.298908615112303,5.298908615112303
5.79,12.942103,-7.152103385925293,7.152103385925293
11.52,15.301136,-3.7811360168457036,3.7811360168457036
3.76,11.017153,-7.257152786254883,7.257152786254883
9.17,27.298462,-18.1284619140625,18.1284619140625
10.91,21.419607,-10.509607162475586,10.509607162475586
17.59,20.57425,-2.984249267578125,2.984249267578125
37.3,19.56726,17.732739257812497,17.732739257812497
5.73,11.832528,-6.102528114318847,6.102528114318847
7.3,10.572301,-3.272300910949707,3.272300910949707
3.28,11.677743,-8.397742958068848,8.397742958068848
15.46,16.446302,-0.9863024139404288,0.9863024139404288
2.4,13.839444,-11.439444160461425,11.439444160461425
2.6,12.008449,-9.408448600769043,9.408448600769043
1.28,8.074245,-6.794245452880859,6.794245452880859
9.34,7.0846515,2.2553485298156737,2.2553485298156737
23.2,12.252656,10.947344017028808,10.947344017028808
10.0,11.057902,-1.0579023361206055,1.0579023361206055
9.91,12.431928,-2.521927680969238,2.521927680969238
25.5,18.075815,7.424184799194336,7.424184799194336
3.42,9.667951,-6.247950630187988,6.247950630187988
6.2,11.444131,-5.2441308975219725,5.2441308975219725
23.26,12.68871,10.571289787292482,10.571289787292482
42.38,20.32675,22.05325019836426,22.05325019836426
28.35,18.402687,9.947312927246095,9.947312927246095
21.63,17.33892,4.29107940673828,4.29107940673828
17.61,17.687263,-0.07726348876953182,0.07726348876953182
23.78,16.637596,7.142403869628907,7.142403869628907
21.2,10.526325,10.673674774169921,10.673674774169921
37.03,28.859644,8.170356063842775,8.170356063842775
5.08,10.97083,-5.890829963684082,5.890829963684082
12.69,10.284315,2.40568489074707,2.40568489074707
0.22,9.693288,-9.473287849426269,9.473287849426269
2.8,11.605356,-8.805356216430663,8.805356216430663
2.39,13.867519,-11.477519378662109,11.477519378662109
23.91,19.161032,4.748968276977539,4.748968276977539
8.7,8.47724,0.22276039123535085,0.22276039123535085
22.85,14.724346,8.12565383911133,8.12565383911133
8.26,17.003475,-8.743475189208985,8.743475189208985
18.55,16.03467,2.515330123901368,2.515330123901368
15.2,17.98719,-2.787190246582032,2.787190246582032
3.98,9.80099,-5.8209901046752925,5.8209901046752925
6.78,6.119726,0.6602738189697268,0.6602738189697268
1.2,15.66229,-14.462289619445801,14.462289619445801
24.05,20.23732,3.812680053710938,3.812680053710938
13.45,17.655289,-4.205288696289063,4.205288696289063
21.42,21.519888,-0.09988792419433423,0.09988792419433423
0.93,6.119726,-5.189726181030274,5.189726181030274
0.2,16.409536,-16.209536361694337,16.209536361694337
4.79,12.051548,-7.261548004150391,7.261548004150391
2.91,11.913639,-9.003639068603515,9.003639068603515
10.55,8.639879,1.9101207733154304,1.9101207733154304
15.97,8.548282,7.421718330383301,7.421718330383301
0.21,16.535124,-16.32512382507324,16.32512382507324
21.7,10.866274,10.833726119995116,10.833726119995116
9.5,12.317467,-2.8174667358398438,2.8174667358398438
23.5,11.195583,12.30441665649414,12.30441665649414
23.98,17.936388,6.04361198425293,6.04361198425293
23.2,16.291313,6.9086868286132805,6.9086868286132805
15.2,12.842411,2.3575889587402337,2.3575889587402337
32.89,18.286999,14.603001251220704,14.603001251220704
31.74,23.153084,8.586916198730467,8.586916198730467
34.47,16.539927,17.930073471069335,17.930073471069335
18.43,29.911028,-11.481027908325196,11.481027908325196
38.02,20.23732,17.78268005371094,17.78268005371094
18.6,16.607306,1.992694473266603,1.992694473266603
22.79,15.430161,7.359838523864745,7.359838523864745
31.72,14.644468,17.07553169250488,17.07553169250488
19.3,15.490325,3.809675025939942,3.809675025939942
5.69,13.146311,-7.456310806274414,7.456310806274414
31.42,15.456882,15.963117523193361,15.963117523193361
17.9,15.827332,2.0726684570312486,2.0726684570312486
14.06,20.551943,-6.491942825317382,6.491942825317382
19.95,14.391471,5.558529090881347,5.558529090881347
6.53,8.999751,-2.4697510910034177,2.4697510910034177
20.68,13.560271,7.119728736877441,7.119728736877441
7.06,19.856806,-12.796805801391603,12.796805801391603
39.96,21.793573,18.1664266204834,18.1664266204834
16.74,9.197854,7.542145957946776,7.542145957946776
17.18,18.528976,-1.3489764404296878,1.3489764404296878
25.14,17.64257,7.497429504394532,7.497429504394532
3.4,12.661228,-9.26122817993164,9.26122817993164
13.07,18.131525,-5.061525039672851,5.061525039672851
9.5,12.911765,-3.4117650985717773,3.4117650985717773
0.64,6.384146,-5.7441462135314945,5.7441462135314945
3.1,9.569189,-6.469189071655274,6.469189071655274
8.3,12.264413,-3.964412879943847,3.964412879943847
27.84,12.671907,15.168092575073242,15.168092575073242
27.79,21.171926,6.618073501586913,6.618073501586913
17.94,10.502137,7.437862815856935,7.437862815856935
15.05,21.151966,-6.101966094970702,6.101966094970702
11.05,20.375027,-9.325026702880859,9.325026702880859
8.4,10.203418,-1.8034177780151364,1.8034177780151364
28.17,18.388111,9.781888885498049,9.781888885498049
8.79,14.6122265,-5.8222264862060555,5.8222264862060555
0.09,16.7211,-16.631099853515625,16.631099853515625
0.02,6.384146,-6.364146213531495,6.364146213531495
0.05,11.311296,-11.261296463012695,11.261296463012695
16.55,10.6613455,5.888654518127442,5.888654518127442
10.6,12.6373,-2.0372995376586918,2.0372995376586918
23.12,23.110216,0.009783859252930682,0.009783859252930682
10.67,12.534885,-1.8648854064941407,1.8648854064941407
29.99,18.462095,11.527904739379881,11.527904739379881
12.2,13.2503195,-1.0503194808959968,1.0503194808959968
15.6,13.889355,1.7106452941894528,1.7106452941894528
27.04,18.783281,8.256718673706054,8.256718673706054
15.86,27.716312,-11.856312408447266,11.856312408447266
24.09,13.545814,10.54418643951416,10.54418643951416
5.52,20.45377,-14.933769683837891,14.933769683837891
3.46,16.099152,-12.639151611328124,12.639151611328124
2.75,9.701444,-6.951443672180176,6.951443672180176
40.68,28.655458,12.024541549682617,12.024541549682617
8.46,13.589292,-5.1292915725708,5.1292915725708
6.9,8.446595,-1.546595191955566,1.546595191955566
24.13,13.951852,10.178148155212401,10.178148155212401
7.89,14.60692,-6.716920242309571,6.716920242309571
12.4,15.032598,-2.6325975418090817,2.6325975418090817
8.03,16.233265,-8.203264923095704,8.203264923095704
10.68,12.68715,-2.007150001525879,2.007150001525879
47.53,23.306854,24.223145751953126,24.223145751953126
0.09,11.552324,-11.462324295043945,11.462324295043945
0.1,7.9025774,-7.80257740020752,7.80257740020752
25.26,20.465508,4.794492492675783,4.794492492675783
0.33,8.153064,-7.823063774108887,7.823063774108887
8.99,12.789987,-3.7999866104125974,3.7999866104125974
7.69,16.407131,-8.717131195068358,8.717131195068358
11.93,18.692034,-6.762033767700196,6.762033767700196
33.77,13.616878,20.153122444152835,20.153122444152835
19.05,19.882055,-0.8320552825927727,0.8320552825927727
23.87,17.755136,6.114863510131837,6.114863510131837
3.02,8.461378,-5.44137809753418,5.44137809753418
4.79,16.86565,-12.075650177001954,12.075650177001954
31.7,29.870474,1.8295261383056634,1.8295261383056634
3.02,13.072603,-10.052603225708008,10.052603225708008
10.34,15.272169,-4.93216911315918,4.93216911315918
9.62,15.913623,-6.2936228561401375,6.2936228561401375
10.91,17.350851,-6.440851058959961,6.440851058959961
10.9,11.415822,-0.5158220291137692,0.5158220291137692
6.4,25.546318,-19.14631805419922,19.14631805419922
13.89,18.366592,-4.476592407226562,4.476592407226562
3.44,11.492578,-8.05257755279541,8.05257755279541
51.2,23.41059,27.789410781860354,27.789410781860354
0.03,13.644456,-13.614455909729005,13.614455909729005
2.17,13.415847,-11.245846824645996,11.245846824645996
3.63,9.665397,-6.0353966903686525,6.0353966903686525
12.7,19.862392,-7.16239242553711,7.16239242553711
9.07,16.119308,-7.049308471679687,7.049308471679687
30.99,13.497406,17.492593994140623,17.492593994140623
1.09,11.375153,-10.285152587890625,10.285152587890625
5.56,14.00557,-8.44557041168213,8.44557041168213
1.46,15.327922,-13.867921867370605,13.867921867370605
30.74,25.120316,5.619684448242186,5.619684448242186
4.17,24.515863,-20.3458634185791,20.3458634185791
40.24,28.876692,11.363308181762697,11.363308181762697
8.5,20.784565,-12.284564971923828,12.284564971923828
11.05,11.615657,-0.5656568527221673,0.5656568527221673
7.52,15.901776,-8.381776313781739,8.381776313781739
0.6,27.669607,-27.069607162475585,27.069607162475585
32.28,27.62296,4.6570408630371105,4.6570408630371105
21.24,17.345287,3.8947126770019516,3.8947126770019516
2.04,16.278036,-14.238036117553712,14.238036117553712
21.52,22.44082,-0.920820693969727,0.920820693969727
19.35,18.774097,0.5759025573730483,0.5759025573730483
4.3,17.966621,-13.66662139892578,13.66662139892578
8.63,16.157568,-7.527567977905273,7.527567977905273
11.43,20.743988,-9.313988037109375,9.313988037109375
46.42,28.868307,17.55169288635254,17.55169288635254
10.74,20.166084,-9.426084289550781,9.426084289550781
35.3,19.424847,15.875153350830075,15.875153350830075
15.6,18.845592,-3.2455924987792972,3.2455924987792972
9.43,10.249408,-0.819407768249512,0.819407768249512
10.04,23.455145,-13.41514488220215,13.41514488220215
15.26,19.636856,-4.376856079101563,4.376856079101563
8.8,12.127859,-3.3278591156005852,3.3278591156005852
4.67,26.443304,-21.773304061889647,21.773304061889647
0.2,18.389896,-18.189896392822266,18.189896392822266
18.2,18.050669,0.14933128356933523,0.14933128356933523
18.02,15.540725,2.4792752456665035,2.4792752456665035
27.66,22.30086,5.359140548706055,5.359140548706055
66.67,17.361307,49.30869285583496,49.30869285583496
60.47,35.209633,25.260367126464843,25.260367126464843
49.92,17.37971,32.54029075622559,32.54029075622559
43.31,26.408358,16.901642379760744,16.901642379760744
20.9,22.99464,-2.0946403503417983,2.0946403503417983
13.3,16.538086,-3.2380859374999993,3.2380859374999993
52.11,26.901993,25.208007202148437,25.208007202148437
3.07,20.955458,-17.88545768737793,17.88545768737793
12.54,23.95829,-11.418290100097657,11.418290100097657
35.1,21.236486,13.863513565063478,13.863513565063478
3.13,17.481632,-14.351632232666017,14.351632232666017
2.99,15.847261,-12.857261428833008,12.857261428833008
3.03,17.222048,-14.192047805786133,14.192047805786133
5.7,10.169078,-4.46907787322998,4.46907787322998
9.7,10.262835,-0.562834548950196,0.562834548950196
27.62,17.122082,10.497918243408204,10.497918243408204
3.77,9.605611,-5.835610847473145,5.835610847473145
23.64,25.411167,-1.77116714477539,1.77116714477539
6.12,17.213036,-11.093035583496093,11.093035583496093
11.36,17.546888,-6.18688835144043,6.18688835144043
26.92,26.31255,0.6074504089355486,0.6074504089355486
7.52,11.504144,-3.9841437149047856,3.9841437149047856
31.75,19.166788,12.583211898803711,12.583211898803711
5.1,15.692403,-10.592402839660645,10.592402839660645
5.9,13.502693,-7.602693176269531,7.602693176269531
0.3,14.39103,-14.091030311584472,14.091030311584472
13.4,10.635604,2.7643960952758793,2.7643960952758793
11.21,13.489669,-2.2796688461303702,2.2796688461303702
3.6,20.834087,-17.23408737182617,17.23408737182617
28.9,30.391062,-1.4910617828369155,1.4910617828369155
0.47,21.363115,-20.893115310668946,20.893115310668946
58.5,20.497099,38.00290107727051,38.00290107727051
30.65,21.37976,9.270239257812499,9.270239257812499
21.96,21.745096,0.2149037933349618,0.2149037933349618
23.6,31.735762,-8.135761642456053,8.135761642456053
19.79,21.441742,-1.6517419433593759,1.6517419433593759
11.08,32.81637,-21.736368103027345,21.736368103027345
9.78,26.453176,-16.673176498413085,16.673176498413085
15.24,19.958204,-4.7182042694091795,4.7182042694091795
0.01,17.449862,-17.439861526489256,17.439861526489256
32.82,28.172497,4.647503204345703,4.647503204345703
13.71,16.147076,-2.437075653076171,2.437075653076171
56.71,19.515375,37.1946248626709,37.1946248626709
18.2,20.223225,-2.023224639892579,2.023224639892579
13.96,16.54093,-2.5809297943115226,2.5809297943115226
36.45,24.119946,12.330054473876956,12.330054473876956
48.96,27.57769,21.382309875488282,21.382309875488282
7.9,36.070374,-28.17037353515625,28.17037353515625
27.69,21.733376,5.956624450683595,5.956624450683595
3.3,20.868082,-17.56808204650879,17.56808204650879
36.45,18.712606,17.737393569946292,17.737393569946292
3.5,20.293098,-16.79309844970703,16.79309844970703
34.4,18.250942,16.14905776977539,16.14905776977539
13.95,19.126324,-5.176323699951173,5.176323699951173
18.37,24.656296,-6.2862957763671865,6.2862957763671865
25.12,37.5896,-12.469599609374999,12.469599609374999
14.61,19.3883,-4.778299942016602,4.778299942016602
0.99,20.351944,-19.361943969726564,19.361943969726564
24.29,23.302174,0.987826385498046,0.987826385498046
42.74,22.335468,20.404531707763674,20.404531707763674
3.73,17.941021,-14.211020965576171,14.211020965576171
35.5,21.515442,13.98455810546875,13.98455810546875
36.98,33.214005,3.7659954833984344,3.7659954833984344
23.9,19.966885,3.933115386962889,3.933115386962889
47.74,21.438334,26.301666488647463,26.301666488647463
10.98,27.522097,-16.542096633911132,16.542096633911132
14.6,25.510378,-10.910377883911133,10.910377883911133
5.35,14.874422,-9.524422073364258,9.524422073364258
19.6,34.8611,-15.261099243164061,15.261099243164061
11.79,11.586299,0.20370105743408118,0.20370105743408118
19.88,32.672073,-12.792073364257813,12.792073364257813
60.7,21.01855,39.68144912719727,39.68144912719727
30.56,39.78162,-9.221620025634767,9.221620025634767
53.6,35.957664,17.642335510253908,17.642335510253908
24.1,23.211498,0.8885017395019545,0.8885017395019545
28.09,28.944038,-0.8540383911132814,0.8540383911132814
10.7,14.990629,-4.290629196166993,4.290629196166993
6.8,19.101736,-12.301736068725585,12.301736068725585
18.8,30.625603,-11.825602722167968,11.825602722167968
20.1,18.676907,1.423093414306642,1.423093414306642
12.52,22.92592,-10.405920486450196,10.405920486450196
10.1,15.195097,-5.0950969696044925,5.0950969696044925
5.69,15.845686,-10.155685958862303,10.155685958862303
10.82,11.096141,-0.2761408615112302,0.2761408615112302
37.64,11.359446,26.280554428100587,26.280554428100587
8.1,18.254108,-10.154108428955078,10.154108428955078
0.7,11.453653,-10.75365333557129,10.75365333557129
10.77,11.733611,-0.963611106872559,0.963611106872559
8.3,7.9791727,0.3208272933959968,0.3208272933959968
17.0,22.399628,-5.399627685546875,5.399627685546875
13.92,28.8672,-14.94720085144043,14.94720085144043
7.9,15.825182,-7.92518196105957,7.92518196105957
44.55,17.54001,27.00998954772949,27.00998954772949
5.08,11.74196,-6.661959571838379,6.661959571838379
60.8,24.756006,36.04399375915527,36.04399375915527
44.36,14.858978,29.501021728515624,29.501021728515624
7.9,18.070179,-10.170178985595703,10.170178985595703
38.53,24.37932,14.15067985534668,14.15067985534668
8.61,16.961304,-8.3513037109375,8.3513037109375
12.2,29.052284,-16.852284240722657,16.852284240722657
1.9,9.373307,-7.4733072280883786,7.4733072280883786
0.7,11.14141,-10.441409873962403,10.441409873962403
1.8,8.09516,-6.295159530639649,6.295159530639649
22.94,21.353523,1.58647674560547,1.58647674560547
34.31,31.777613,2.5323873138427757,2.5323873138427757
21.41,19.688858,1.7211419677734376,1.7211419677734376
4.59,15.205052,-10.615052375793457,10.615052375793457
5.36,13.349422,-7.989422454833984,7.989422454833984
7.82,14.001904,-6.181903533935547,6.181903533935547
53.42,31.521008,21.898992462158205,21.898992462158205
23.37,20.569796,2.800204391479493,2.800204391479493
2.8,9.165616,-6.365616035461426,6.365616035461426
11.3,15.211783,-3.9117834091186516,3.9117834091186516
38.8,13.656195,25.14380531311035,25.14380531311035
9.8,10.358804,-0.558803749084472,0.558803749084472
8.17,14.322497,-6.152497367858887,6.152497367858887
8.3,13.681211,-5.3812114715576165,5.3812114715576165
20.12,16.896301,3.223698730468751,3.223698730468751
43.79,12.618612,31.171387710571288,31.171387710571288
23.6,14.647005,8.952994918823244,8.952994918823244
8.99,17.49653,-8.506530532836914,8.506530532836914
8.31,10.065933,-1.755933227539062,1.755933227539062
17.77,11.632822,6.1371779632568355,6.1371779632568355
12.69,10.773532,1.9164680862426753,1.9164680862426753
24.09,10.858346,13.231654014587402,13.231654014587402
19.62,19.67666,-0.05666053771972557,0.05666053771972557
15.77,16.110117,-0.3401169586181645,0.3401169586181645
30.5,8.902171,21.59782886505127,21.59782886505127
24.09,15.063175,9.026824798583984,9.026824798583984
2.67,23.372778,-20.70277793884277,20.70277793884277
3.9,25.749561,-21.849561309814455,21.849561309814455
3.77,12.816736,-9.046736221313477,9.046736221313477
9.53,8.736073,0.7939274597167962,0.7939274597167962
13.4,14.403109,-1.0031085968017575,1.0031085968017575
30.61,12.53158,18.078420028686523,18.078420028686523
44.0,14.230061,29.769939422607422,29.769939422607422
3.75,8.943703,-5.193702697753906,5.193702697753906
7.94,11.199085,-3.2590852355957027,3.2590852355957027
9.61,12.928879,-3.318878784179688,3.318878784179688
8.17,11.981433,-3.811432914733887,3.811432914733887
18.83,13.842652,4.987347679138182,4.987347679138182
6.1,11.372497,-5.272496604919434,5.272496604919434
20.69,18.43622,2.2537798309326185,2.2537798309326185
9.7,9.495762,0.20423812866210866,0.20423812866210866
3.76,8.999751,-5.239751091003418,5.239751091003418
26.38,20.40111,5.978890304565429,5.978890304565429
25.86,7.939349,17.920650825500488,17.920650825500488
20.59,10.694092,9.895908203125,9.895908203125
19.47,16.053972,3.4160277557373036,3.4160277557373036
18.58,19.02543,-0.44543067932129077,0.44543067932129077
16.64,17.540163,-0.9001630401611322,0.9001630401611322
12.53,11.815136,0.7148640441894525,0.7148640441894525
16.0,12.779169,3.2208309173583984,3.2208309173583984
15.62,12.103642,3.516357536315917,3.516357536315917
23.02,17.814165,5.205834884643554,5.205834884643554
5.17,10.542293,-5.372292594909668,5.372292594909668
10.85,11.836701,-0.9867013931274418,0.9867013931274418
12.4,9.151781,3.24821891784668,3.24821891784668
1.13,9.114742,-7.9847422790527345,7.9847422790527345
27.86,20.40111,7.458890304565429,7.458890304565429
7.83,10.178764,-2.3487643432617187,2.3487643432617187
8.08,28.637428,-20.557428283691408,20.557428283691408
12.89,14.608454,-1.718453750610351,1.718453750610351
6.15,7.34821,-1.1982098579406735,1.1982098579406735
6.96,9.567858,-2.6078577423095703,2.6078577423095703
9.84,7.6086326,2.231367435455322,2.231367435455322
4.0,8.999751,-4.999751091003418,4.999751091003418
29.52,19.710554,9.809445877075195,9.809445877075195
63.12,14.304234,48.81576644897461,48.81576644897461
20.11,19.311935,0.7980645751953119,0.7980645751953119
6.3,9.756927,-3.4569265365600588,3.4569265365600588
44.04,12.239554,31.800445594787597,31.800445594787597
1.6,17.351736,-15.751736068725586,15.751736068725586
3.0,13.7973385,-10.797338485717773,10.797338485717773
8.11,21.393036,-13.283035888671876,13.283035888671876
0.3,9.852771,-9.552770805358886,9.552770805358886
0.74,9.459718,-8.719717750549316,8.719717750549316
2.24,10.650231,-8.41023136138916,8.41023136138916
23.82,15.269836,8.55016357421875,8.55016357421875
38.25,21.061407,17.1885929107666,17.1885929107666
2.41,8.453184,-6.043184127807617,6.043184127807617
17.55,9.15793,8.392069625854493,8.392069625854493
10.68,16.600616,-5.920616455078125,5.920616455078125
6.71,7.648132,-0.9381318473815918,0.9381318473815918
11.0,12.028292,-1.0282917022705078,1.0282917022705078
18.35,21.538837,-3.1888374328613267,3.1888374328613267
4.38,9.587271,-5.207270736694336,5.207270736694336
29.36,21.564636,7.795363769531249,7.795363769531249
11.58,10.993505,0.586495475769043,0.586495475769043
44.77,24.62435,20.145650405883792,20.145650405883792
3.89,10.5111,-6.621099815368652,6.621099815368652
30.4,15.943709,14.456290626525877,14.456290626525877
12.61,11.21219,1.397810325622558,1.397810325622558
13.37,16.600616,-3.230616455078126,3.230616455078126
19.42,21.977064,-2.557064132690428,2.557064132690428
33.98,12.913749,21.066251258850095,21.066251258850095
3.26,7.1067376,-3.8467376136779787,3.8467376136779787
1.9,13.945666,-12.045666313171386,12.045666313171386
5.55,17.65795,-12.107949447631835,12.107949447631835
16.37,10.625324,5.744675750732423,5.744675750732423
12.05,9.459718,2.5902822494506843,2.5902822494506843
39.78,14.020768,25.759231834411622,25.759231834411622
5.88,17.58693,-11.706929321289063,11.706929321289063
31.28,20.372494,10.907506256103517,10.907506256103517
11.0,7.505082,3.494917869567871,3.494917869567871
5.88,12.737904,-6.857903594970703,6.857903594970703
7.7,11.693976,-3.9939764022827147,3.9939764022827147
15.36,17.962793,-2.602793350219727,2.602793350219727
16.07,12.210814,3.8591855239868167,3.8591855239868167
7.88,17.62922,-9.749219055175782,9.749219055175782
3.0,11.111711,-8.111710548400879,8.111710548400879
42.6,13.156875,29.443125343322755,29.443125343322755
11.95,9.486037,2.463962745666503,2.463962745666503
7.23,9.354394,-2.1243939590454097,2.1243939590454097
24.49,20.166985,4.32301544189453,4.32301544189453
24.08,11.552324,12.527675704956053,12.527675704956053
0.7,21.213148,-20.51314811706543,20.51314811706543
3.81,11.441116,-7.631116333007812,7.631116333007812
9.92,14.974237,-5.054237442016602,5.054237442016602
1.52,7.1646647,-5.644664745330811,5.644664745330811
11.92,24.096237,-12.176237182617188,12.176237182617188
21.65,10.069055,11.580945396423338,11.580945396423338
2.24,14.288553,-12.048553237915039,12.048553237915039
14.65,12.523224,2.1267761230468754,2.1267761230468754
5.3,7.0980883,-1.7980882644653322,1.7980882644653322
8.61,20.825947,-12.215946807861329,12.215946807861329
9.0,17.28932,-8.28931999206543,8.28931999206543
25.27,19.734787,5.535213012695312,5.535213012695312
21.74,19.331999,2.4080011749267562,2.4080011749267562
21.7,12.065642,9.63435764312744,9.63435764312744
40.35,15.805728,24.544272041320802,24.544272041320802
1.3,10.255687,-8.95568675994873,8.95568675994873
17.89,28.67476,-10.784760818481445,10.784760818481445
18.35,10.267371,8.082628822326662,8.082628822326662
8.23,12.929019,-4.699018974304199,4.699018974304199
21.56,12.841024,8.718975601196288,8.718975601196288
41.74,19.670116,22.069883575439455,22.069883575439455
67.21,44.8818,22.328198394775384,22.328198394775384
6.19,14.315368,-8.125367698669432,8.125367698669432
6.7,9.549216,-2.849216270446777,2.849216270446777
6.0,17.819126,-11.81912612915039,11.81912612915039
23.57,15.589385,7.980614967346192,7.980614967346192
55.89,12.571778,43.318221702575684,43.318221702575684
0.6,16.873547,-16.273546600341795,16.273546600341795
9.7,9.634287,0.06571311950683523,0.06571311950683523
36.82,17.871656,18.94834358215332,18.94834358215332
24.11,14.041236,10.06876407623291,10.06876407623291
22.4,14.9069395,7.493060493469237,7.493060493469237
2.1,17.02165,-14.921650314331055,14.921650314331055
11.48,12.341248,-0.8612475585937496,0.8612475585937496
15.56,11.029619,4.530380783081055,4.530380783081055
7.36,11.10616,-3.746160163879394,3.746160163879394
0.18,24.668657,-24.488657302856446,24.488657302856446
0.01,19.505852,-19.495851745605467,19.495851745605467
2.56,18.124094,-15.564094009399414,15.564094009399414
21.75,11.492578,10.25742244720459,10.25742244720459
32.53,23.363138,9.166861801147462,9.166861801147462
9.1,19.536386,-10.436386489868164,10.436386489868164
2.8,22.179565,-19.3795654296875,19.3795654296875
11.73,19.594406,-7.864406127929687,7.864406127929687
12.1,19.903765,-7.803764724731446,7.803764724731446
37.59,27.250017,10.339982833862308,10.339982833862308
9.4,14.097485,-4.6974845886230465,4.6974845886230465
27.08,21.43261,5.6473904418945295,5.6473904418945295
19.25,20.501003,-1.2510032653808594,1.2510032653808594
5.78,13.336274,-7.556274147033691,7.556274147033691
37.06,17.668026,19.391974029541018,19.391974029541018
20.88,21.407848,-0.5278483581542979,0.5278483581542979
22.6,19.515415,3.084584808349611,3.084584808349611
16.93,26.05795,-9.12794906616211,9.12794906616211
36.36,15.705921,20.654078826904296,20.654078826904296
14.7,14.574336,0.12566394805908132,0.12566394805908132
7.07,12.119404,-5.049403839111328,5.049403839111328
33.57,16.703138,16.86686164855957,16.86686164855957
35.9,44.164867,-8.264867401123048,8.264867401123048
0.54,9.119468,-8.579467735290528,8.579467735290528
28.17,25.377527,2.792472763061525,2.792472763061525
17.05,10.71325,6.3367498397827156,6.3367498397827156
9.17,17.692217,-8.522216873168945,8.522216873168945
24.09,16.538488,7.551511611938476,7.551511611938476
47.18,30.021523,17.158477478027343,17.158477478027343
8.55,11.535957,-2.9859573364257805,2.9859573364257805
10.4,10.290548,0.10945167541503942,0.10945167541503942
0.7,22.929482,-22.229481506347657,22.229481506347657
24.49,15.693599,8.79640125274658,8.79640125274658
49.6,26.383862,23.216138458251955,23.216138458251955
24.09,17.751852,6.338147964477539,6.338147964477539
12.47,17.608128,-5.13812759399414,5.13812759399414
4.36,13.074684,-8.714684143066407,8.714684143066407
11.29,13.0715685,-1.7815684890747079,1.7815684890747079
1.34,18.595806,-17.255806121826172,17.255806121826172
46.16,27.980206,18.179794464111325,18.179794464111325
19.59,20.65893,-1.0689298248291017,1.0689298248291017
20.18,21.239578,-1.0595782470703128,1.0595782470703128
4.26,10.809675,-6.549675216674805,6.549675216674805
47.04,23.352669,23.687331237792968,23.687331237792968
4.07,11.150503,-7.080503158569336,7.080503158569336
11.96,22.47467,-10.51467041015625,10.51467041015625
24.31,13.586171,10.72382884979248,10.72382884979248
25.8,20.51782,5.2821796417236335,5.2821796417236335
31.19,25.92261,5.2673906707763685,5.2673906707763685
0.1,25.83044,-25.730440521240233,25.730440521240233
9.55,23.096777,-13.546776962280273,13.546776962280273
0.35,30.89638,-30.546379470825194,30.546379470825194
30.7,23.816435,6.883565139770507,6.883565139770507
24.97,12.839146,12.130854339599608,12.130854339599608
55.26,29.281626,25.978374252319334,25.978374252319334
42.98,28.834763,14.14523742675781,14.14523742675781
0.06,17.5586,-17.4985994720459,17.4985994720459
19.41,33.245914,-13.835914459228515,13.835914459228515
30.18,21.183165,8.996835403442383,8.996835403442383
44.38,20.760992,23.619007949829104,23.619007949829104
38.46,31.292732,7.16726776123047,7.16726776123047
23.33,16.98344,6.346559600830076,6.346559600830076
7.17,30.511131,-23.341131286621092,23.341131286621092
22.94,18.770384,4.169616165161134,4.169616165161134
22.67,25.500917,-2.830917434692381,2.830917434692381
11.61,12.356498,-0.7464977645874029,0.7464977645874029
10.97,13.855193,-2.885193138122558,2.885193138122558
0.15,20.814741,-20.664741134643556,20.664741134643556
19.67,16.543926,3.12607376098633,3.12607376098633
19.66,22.080006,-2.420005645751953,2.420005645751953
47.28,42.33087,4.949128417968751,4.949128417968751
1.93,19.808214,-17.87821418762207,17.87821418762207
24.03,22.577375,1.4526245880126964,1.4526245880126964
47.84,35.198376,12.641624298095707,12.641624298095707
16.81,18.97222,-2.162219467163087,2.162219467163087
9.19,13.62555,-4.435550270080567,4.435550270080567
21.53,25.601814,-4.07181427001953,4.07181427001953
61.67,23.246527,38.42347328186035,38.42347328186035
9.6,13.976589,-4.37658920288086,4.37658920288086
25.08,22.130482,2.949518280029295,2.949518280029295
21.67,18.266289,3.403711242675783,3.403711242675783
5.31,32.17982,-26.869821014404298,26.869821014404298
16.24,14.800116,1.43988441467285,1.43988441467285
9.1,21.221243,-12.121242904663086,12.121242904663086
69.98,48.419163,21.560837249755863,21.560837249755863
10.87,28.4859,-17.615900878906253,17.615900878906253
57.48,30.667112,26.81288764953613,26.81288764953613
34.07,24.253908,9.816091842651367,9.816091842651367
9.23,27.019403,-17.7894034576416,17.7894034576416
7.03,17.76263,-10.732630462646483,10.732630462646483
23.08,22.375023,0.7049771118164045,0.7049771118164045
6.6,19.654663,-13.0546630859375,13.0546630859375
40.96,15.944858,25.015142402648927,25.015142402648927
39.92,28.79686,11.123140258789064,11.123140258789064
12.27,11.812405,0.4575953674316402,0.4575953674316402
23.81,16.116339,7.6936612701416,7.6936612701416
20.74,22.938133,-2.1981332397460953,2.1981332397460953
55.0,38.109978,16.89002227783203,16.89002227783203
46.03,29.141235,16.8887646484375,16.8887646484375
42.1,34.825653,7.274346923828126,7.274346923828126
2.17,37.30938,-35.13937957763672,35.13937957763672
6.57,20.794659,-14.224658660888672,14.224658660888672
2.17,35.27965,-33.1096516418457,33.1096516418457
3.5,15.623455,-12.123455047607422,12.123455047607422
13.4,26.42325,-13.023250198364257,13.023250198364257
44.4,30.219456,14.180544281005858,14.180544281005858
0.02,16.18746,-16.16745994567871,16.16745994567871
28.05,12.158307,15.891692924499512,15.891692924499512
42.51,34.834553,7.67544723510742,7.67544723510742
31.5,30.089483,1.4105167388916016,1.4105167388916016
18.2,37.305363,-19.105362701416016,19.105362701416016
1.3,24.202965,-22.902964782714843,22.902964782714843
7.03,18.903942,-11.873942108154296,11.873942108154296
5.04,22.912998,-17.87299819946289,17.87299819946289
11.48,14.800031,-3.320030708312988,3.320030708312988
10.89,11.79992,-0.9099200820922846,0.9099200820922846
0.04,14.725513,-14.685513458251954,14.685513458251954
30.54,10.595421,19.944579162597655,19.944579162597655
16.62,14.789401,1.8305989456176768,1.8305989456176768
11.48,19.30752,-7.827519912719726,7.827519912719726
11.3,9.238584,2.0614164352417,2.0614164352417
9.27,31.721645,-22.45164535522461,22.45164535522461
17.42,17.03059,0.38940994262695483,0.38940994262695483
6.9,7.7064943,-0.8064943313598629,0.8064943313598629
30.18,15.408251,14.77174919128418,14.77174919128418
14.1,14.420122,-0.32012214660644567,0.32012214660644567
11.09,9.231654,1.858345832824707,1.858345832824707
14.52,13.77943,0.7405696105957027,0.7405696105957027
9.51,14.55533,-5.045330276489258,5.045330276489258
21.99,19.942709,2.0472910308837875,2.0472910308837875
22.92,16.127962,6.792037887573244,6.792037887573244
11.2,13.021873,-1.8218734741210945,1.8218734741210945
4.21,14.937517,-10.727517166137694,10.727517166137694
14.91,18.738665,-3.828664627075195,3.828664627075195
46.26,13.834881,32.425119171142576,32.425119171142576
22.41,22.629593,-0.21959289550781236,0.21959289550781236
8.5,11.899879,-3.3998794555664062,3.3998794555664062
23.13,18.835808,4.29419219970703,4.29419219970703
13.09,18.85325,-5.763250503540039,5.763250503540039
31.17,22.487165,8.682834548950197,8.682834548950197
13.05,15.445357,-2.3953573226928704,2.3953573226928704
9.82,19.688858,-9.868858032226562,9.868858032226562
23.38,17.968615,5.411385421752929,5.411385421752929
36.5,22.345299,14.154701232910156,14.154701232910156
1.48,13.2837715,-11.803771514892578,11.803771514892578
9.9,7.1175637,2.782436275482178,2.782436275482178
8.6,14.166382,-5.5663818359375,5.5663818359375
24.69,20.599669,4.090331497192384,4.090331497192384
9.35,19.09363,-9.743629837036133,9.743629837036133
13.83,19.812521,-5.982520980834961,5.982520980834961
27.6,25.2942,2.3057991027832045,2.3057991027832045
2.33,12.968359,-10.638358993530273,10.638358993530273
7.06,11.527661,-4.467661323547364,4.467661323547364
13.6,11.515464,2.0845361709594723,2.0845361709594723
17.68,9.877336,7.802664451599121,7.802664451599121
8.44,10.2239895,-1.7839894866943364,1.7839894866943364
35.0,12.669104,22.330896377563477,22.330896377563477
26.4,14.238405,12.161594772338866,12.161594772338866
44.45,27.410692,17.039307785034183,17.039307785034183
18.34,17.757885,0.582115020751953,0.582115020751953
8.04,12.240105,-4.20010467529297,4.20010467529297
5.1,15.795122,-10.695122146606446,10.695122146606446
40.48,11.258628,29.22137210845947,29.22137210845947
17.79,13.708714,4.0812864685058585,4.0812864685058585
6.44,8.010823,-1.5708232498168941,1.5708232498168941
7.6,13.566389,-5.966389083862305,5.966389083862305
11.6,12.816736,-1.216736221313477,1.216736221313477
12.95,18.576147,-5.626147079467774,5.626147079467774
8.44,11.937393,-3.497393188476563,3.497393188476563
4.81,6.6729712,-1.8629712486267094,1.8629712486267094
8.16,9.11122,-0.951220359802246,0.951220359802246
7.96,17.527311,-9.567311325073241,9.567311325073241
2.0,16.41116,-14.41115951538086,14.41115951538086
21.73,12.405321,9.32467887878418,9.32467887878418
4.72,8.986761,-4.266761093139649,4.266761093139649
10.5,16.25689,-5.756889343261719,5.756889343261719
8.9,9.439554,-0.5395542144775387,0.5395542144775387
4.0,14.1456585,-10.145658493041992,10.145658493041992
4.35,9.094318,-4.7443183898925785,4.7443183898925785
14.81,16.053972,-1.2439722442626948,1.2439722442626948
13.7,15.765545,-2.0655448913574226,2.0655448913574226
11.9,12.76461,-0.8646102905273434,0.8646102905273434
0.6,17.067888,-16.467888259887694,16.467888259887694
25.79,11.207234,14.582765617370605,14.582765617370605
24.85,20.27326,4.576739883422853,4.576739883422853
18.98,14.995673,3.9843268203735356,3.9843268203735356
2.08,15.446568,-13.36656753540039,13.36656753540039
30.25,11.514112,18.73588752746582,18.73588752746582
14.55,17.897299,-3.3472988128662102,3.3472988128662102
2.0,15.65783,-13.657830238342285,13.657830238342285
18.56,15.231223,3.3287768936157214,3.3287768936157214
11.25,17.674591,-6.424591064453125,6.424591064453125
11.1,7.580294,3.5197058677673336,3.5197058677673336
2.93,16.280884,-13.3508837890625,13.3508837890625
46.46,12.193436,34.26656433105469,34.26656433105469
3.51,11.952077,-8.44207691192627,8.44207691192627
13.52,29.502378,-15.982378463745118,15.982378463745118
4.71,18.08192,-13.371920623779296,13.371920623779296
11.17,10.712302,0.4576977920532226,0.4576977920532226
13.45,9.760384,3.689616394042968,3.689616394042968
14.0,16.194319,-2.1943187713623047,2.1943187713623047
3.59,12.612626,-9.022626075744629,9.022626075744629
12.56,14.398454,-1.8384537124633784,1.8384537124633784
22.41,18.027752,4.382248077392578,4.382248077392578
7.29,17.142706,-9.8527059173584,9.8527059173584
4.87,7.440256,-2.570256118774414,2.570256118774414
19.77,19.695465,0.07453491210937457,0.07453491210937457
18.17,16.043777,2.126222534179689,2.126222534179689
2.41,9.591618,-7.1816175842285155,7.1816175842285155
14.04,19.750935,-5.710934600830079,5.710934600830079
22.3,15.151375,7.1486251831054695,7.1486251831054695
20.78,14.820006,5.9599936294555675,5.9599936294555675
22.0,16.310616,5.689384460449219,5.689384460449219
10.0,8.272824,1.7271757125854492,1.7271757125854492
0.04,18.793093,-18.753092727661134,18.753092727661134
10.59,9.042939,1.5470608139038085,1.5470608139038085
6.48,8.999751,-2.5197510910034175,2.5197510910034175
15.18,18.397474,-3.21747428894043,3.21747428894043
23.0,11.934971,11.06502914428711,11.06502914428711
14.13,11.583515,2.5464848327636727,2.5464848327636727
8.9,6.119726,2.780273818969727,2.780273818969727
13.42,8.925001,4.49499885559082,4.49499885559082
20.13,14.778203,5.351796989440917,5.351796989440917
18.09,9.609293,8.48070701599121,8.48070701599121
4.8,9.294381,-4.494381141662598,4.494381141662598
32.73,16.54793,16.18207023620605,16.18207023620605
12.35,18.192614,-5.842613601684571,5.842613601684571
5.51,15.594973,-10.084972610473633,10.084972610473633
49.88,11.9331455,37.94685447692871,37.94685447692871
24.09,17.68364,6.406360473632812,6.406360473632812
12.57,9.354394,3.21560604095459,3.21560604095459
4.36,11.454016,-7.094015731811523,7.094015731811523
20.43,17.337421,3.0925785827636716,3.0925785827636716
4.02,6.6069136,-2.586913566589356,2.586913566589356
24.64,19.772865,4.867134704589844,4.867134704589844
23.04,13.327611,9.712389030456542,9.712389030456542
47.03,19.140415,27.88958480834961,27.88958480834961
29.18,8.159436,21.020563774108886,21.020563774108886
9.1,9.354394,-0.2543939590454105,0.2543939590454105
11.65,11.12973,0.5202697753906254,0.5202697753906254
13.09,24.59959,-11.509590301513672,11.509590301513672
9.84,9.840057,-5.737304687514211e-05,5.737304687514211e-05
10.9,10.367216,0.5327838897705082,0.5327838897705082
14.9,19.942114,-5.042113876342773,5.042113876342773
16.62,14.42889,2.1911097717285166,2.1911097717285166
2.94,14.412539,-11.472538528442383,11.472538528442383
5.25,10.845078,-5.595078468322754,5.595078468322754
2.7,15.380877,-12.680876541137696,12.680876541137696
24.09,15.759394,8.330606307983398,8.330606307983398
17.74,20.28788,-2.547879943847658,2.547879943847658
9.2,13.602469,-4.402469444274903,4.402469444274903
16.8,15.030469,1.7695310592651374,1.7695310592651374
24.09,12.910087,11.179913368225098,11.179913368225098
8.7,13.539438,-4.839438247680665,4.839438247680665
2.12,13.695384,-11.57538402557373,11.57538402557373
1.54,12.096592,-10.556591949462891,10.556591949462891
9.08,18.454748,-9.374748153686523,9.374748153686523
15.27,20.629433,-5.359432678222657,5.359432678222657
8.83,27.933357,-19.103357238769533,19.103357238769533
3.3,8.177294,-4.8772937774658205,4.8772937774658205
4.4,11.940109,-7.540109252929687,7.540109252929687
27.16,28.55162,-1.3916204833984374,1.3916204833984374
25.29,13.493156,11.79684356689453,11.79684356689453
47.89,28.90706,18.982939376831055,18.982939376831055
12.0,11.5796585,0.42034149169921875,0.42034149169921875
57.4,16.062374,41.337625885009764,41.337625885009764
20.16,20.85914,-0.6991403961181639,0.6991403961181639
24.79,12.443529,12.346470870971679,12.346470870971679
1.85,11.823365,-9.973365211486817,9.973365211486817
6.8,10.259641,-3.459640693664551,3.459640693664551
50.9,14.824224,36.0757755279541,36.0757755279541
30.73,26.645168,4.084831695556641,4.084831695556641
37.9,23.250008,14.649992370605467,14.649992370605467
8.77,12.058683,-3.2886833953857426,3.2886833953857426
6.9,18.255854,-11.355853652954101,11.355853652954101
17.09,20.196512,-3.106512222290039,3.106512222290039
32.3,26.976805,5.32319526672363,5.32319526672363
11.4,10.764485,0.6355146408081058,0.6355146408081058
0.12,17.583628,-17.463627700805663,17.463627700805663
9.33,12.722818,-3.392818374633789,3.392818374633789
6.37,17.246832,-10.876831893920897,10.876831893920897
38.06,20.717981,17.342018661499026,17.342018661499026
10.3,10.2420845,0.057915496826172586,0.057915496826172586
15.13,16.896553,-1.7665530395507805,1.7665530395507805
9.1,19.369448,-10.269447708129883,10.269447708129883
6.4,8.406021,-2.006021118164062,2.006021118164062
5.08,14.128232,-9.0482320022583,9.0482320022583
1.4,15.684718,-14.284718132019043,14.284718132019043
9.2,13.29962,-4.099619674682618,4.099619674682618
6.52,14.542218,-8.022218208312989,8.022218208312989
7.73,11.040034,-3.3100342941284175,3.3100342941284175
32.68,27.356813,5.323186569213867,5.323186569213867
23.35,32.529743,-9.179743194580077,9.179743194580077
34.62,22.40891,12.211089248657224,12.211089248657224
20.27,15.85621,4.413790245056152,4.413790245056152
4.08,14.126866,-10.046866340637207,10.046866340637207
15.52,17.92361,-2.40361068725586,2.40361068725586
66.04,13.512797,52.52720264434815,52.52720264434815
16.66,19.296349,-2.6363485717773436,2.6363485717773436
19.44,19.651745,-0.2117448425292956,0.2117448425292956
3.13,22.885948,-19.755948181152345,19.755948181152345
27.67,26.37908,1.2909201812744158,1.2909201812744158
12.51,10.819593,1.69040657043457,1.69040657043457
19.44,15.210043,4.22995704650879,4.22995704650879
13.4,24.71734,-11.317340469360351,11.317340469360351
11.19,20.847752,-9.657751617431641,9.657751617431641
0.1,23.208181,-23.108181381225585,23.108181381225585
1.51,12.863869,-11.353868713378906,11.353868713378906
12.5,18.16015,-5.660150527954102,5.660150527954102
25.0,23.352629,1.6473712921142578,1.6473712921142578
7.29,19.281677,-11.99167724609375,11.99167724609375
35.2,20.366043,14.83395690917969,14.83395690917969
23.13,20.286663,2.843336944580077,2.843336944580077
53.0,16.224243,36.7757568359375,36.7757568359375
11.18,21.356258,-10.176258392333985,10.176258392333985
37.28,21.999783,15.280217437744142,15.280217437744142
11.32,11.386809,-0.06680934906005831,0.06680934906005831
6.69,14.147711,-7.457710800170898,7.457710800170898
0.3,15.8252945,-15.525294494628906,15.525294494628906
45.58,30.171217,15.408783035278319,15.408783035278319
1.7,18.111359,-16.411358642578126,16.411358642578126
11.8,16.508554,-4.708554458618163,4.708554458618163
6.81,12.127859,-5.317859115600586,5.317859115600586
35.46,20.10899,15.351010284423829,15.351010284423829
5.5,10.138898,-4.638897895812988,4.638897895812988
30.22,25.790487,4.429512710571288,4.429512710571288
11.91,20.696474,-8.786474075317383,8.786474075317383
9.4,35.619823,-26.21982345581055,26.21982345581055
5.31,16.686737,-11.376737060546876,11.376737060546876
12.02,18.003675,-5.98367546081543,5.98367546081543
22.6,15.084432,7.515568351745607,7.515568351745607
33.41,15.156171,18.25382915496826,18.25382915496826
46.3,34.218616,12.081383514404294,12.081383514404294
51.71,33.77758,17.932419738769532,17.932419738769532
0.01,23.181238,-23.171238174438475,23.171238174438475
55.34,21.535542,33.804458465576175,33.804458465576175
32.74,26.014097,6.725902786254885,6.725902786254885
5.9,22.402708,-16.50270805358887,16.50270805358887
25.5,26.273626,-0.7736263275146484,0.7736263275146484
16.65,16.87154,-0.22154006958007955,0.22154006958007955
39.52,31.57811,7.941890258789066,7.941890258789066
24.8,18.913687,5.886313247680665,5.886313247680665
10.66,30.636148,-19.97614845275879,19.97614845275879
26.28,20.340122,5.9398777770996105,5.9398777770996105
10.34,31.617832,-21.27783218383789,21.27783218383789
11.8,19.500847,-7.700846862792968,7.700846862792968
24.27,25.15419,-0.8841900634765629,0.8841900634765629
28.6,33.137882,-4.537882232666014,4.537882232666014
26.6,16.82,9.780000305175783,9.780000305175783
18.02,16.996801,1.0231986236572261,1.0231986236572261
12.48,33.29291,-20.812911529541015,20.812911529541015
0.22,19.272436,-19.052436141967775,19.052436141967775
11.81,12.27934,-0.4693397903442378,0.4693397903442378
34.15,24.54185,9.60815086364746,9.60815086364746
15.21,18.945358,-3.7353582763671866,3.7353582763671866
23.4,20.364923,3.035076522827147,3.035076522827147
11.58,14.2681465,-2.688146514892578,2.688146514892578
17.6,27.423527,-9.823526763916014,9.823526763916014
10.3,11.119515,-0.819515419006347,0.819515419006347
18.73,12.938886,5.791114311218262,5.791114311218262
44.0,20.37912,23.620880126953125,23.620880126953125
3.29,23.427618,-20.1376180267334,20.1376180267334
53.73,33.747845,19.982155303955075,19.982155303955075
60.4,28.788235,31.61176528930664,31.61176528930664
8.22,24.313204,-16.09320381164551,16.09320381164551
57.2,29.29054,27.909459304809573,27.909459304809573
7.75,27.285631,-19.53563117980957,19.53563117980957
50.73,23.233662,27.49633834838867,27.49633834838867
17.35,24.15055,-6.800550842285155,6.800550842285155
21.18,22.369074,-1.1890738677978518,1.1890738677978518
32.34,27.885712,4.454288330078128,4.454288330078128
11.64,35.38563,-23.745631561279296,23.745631561279296
38.4,28.471468,9.92853202819824,9.92853202819824
18.49,26.488684,-7.998683700561525,7.998683700561525
6.9,22.127224,-15.227223968505859,15.227223968505859
18.18,34.386917,-16.206917114257813,16.206917114257813
35.23,17.901617,17.3283829498291,17.3283829498291
45.46,22.67095,22.789050064086915,22.789050064086915
10.33,22.804623,-12.474622650146484,12.474622650146484
44.5,24.432306,20.06769371032715,20.06769371032715
0.46,31.93444,-31.474440612792968,31.474440612792968
42.9,36.541264,6.358736419677733,6.358736419677733
32.5,30.718262,1.78173828125,1.78173828125
10.7,12.583085,-1.8830850601196296,1.8830850601196296
14.35,19.175371,-4.825371170043946,4.825371170043946
0.1,34.756725,-34.656725311279295,34.656725311279295
34.23,30.433132,3.7968678283691375,3.7968678283691375
46.65,36.89875,9.751249694824217,9.751249694824217
22.09,13.003967,9.08603271484375,9.08603271484375
20.46,23.285116,-2.82511619567871,2.82511619567871
10.75,11.63791,-0.8879098892211914,0.8879098892211914
17.13,22.29502,-5.165019149780274,5.165019149780274
7.14,11.017153,-3.877152786254883,3.877152786254883
19.18,21.825367,-2.6453669738769534,2.6453669738769534
25.4,15.38323,10.016769790649413,10.016769790649413
0.03,13.52684,-13.496840209960938,13.496840209960938
9.2,17.359243,-8.159243392944337,8.159243392944337
1.91,11.002796,-9.092796173095703,9.092796173095703
20.29,13.285268,7.00473217010498,7.00473217010498
6.24,15.169297,-8.929297218322754,8.929297218322754
4.29,12.042389,-7.752388916015625,7.752388916015625
23.62,16.633837,6.986163253784181,6.986163253784181
12.0,11.017153,0.9828472137451172,0.9828472137451172
9.62,21.223103,-11.603102569580079,11.603102569580079
23.93,14.893139,9.036861114501953,9.036861114501953
18.05,20.602232,-2.5522319793701165,2.5522319793701165
17.18,16.836288,0.3437115478515622,0.3437115478515622
24.61,14.745634,9.864365921020507,9.864365921020507
31.2,16.997234,14.202765655517577,14.202765655517577
12.17,11.943316,0.2266835403442382,0.2266835403442382
33.37,21.449142,11.92085754394531,11.92085754394531
0.02,13.9058695,-13.885869483947754,13.885869483947754
10.84,15.095937,-4.25593677520752,4.25593677520752
12.73,12.681611,0.04838893890380902,0.04838893890380902
5.4,11.14141,-5.741409873962402,5.741409873962402
54.23,31.610039,22.619961242675778,22.619961242675778
24.06,17.855278,6.20472198486328,6.20472198486328
15.72,17.394846,-1.6748459625244134,1.6748459625244134
7.8,26.221657,-18.421656799316406,18.421656799316406
9.9,9.233121,0.6668790817260746,0.6668790817260746
27.27,20.469505,6.800494689941406,6.800494689941406
3.05,11.889941,-8.839941215515136,8.839941215515136
24.52,19.723589,4.796411056518554,4.796411056518554
29.39,14.385606,15.004394187927247,15.004394187927247
4.46,12.770104,-8.31010440826416,8.31010440826416
21.13,17.400803,3.7291973876953115,3.7291973876953115
17.11,11.31289,5.797109947204589,5.797109947204589
12.46,14.5106535,-2.0506534957885734,2.0506534957885734
2.83,28.19091,-25.36091033935547,25.36091033935547
8.7,10.650337,-1.950337219238282,1.950337219238282
15.85,9.11122,6.7387796401977536,6.7387796401977536
1.77,6.119726,-4.349726181030274,4.349726181030274
16.86,23.157194,-6.297194137573243,6.297194137573243
12.79,10.474351,2.3156490707397452,2.3156490707397452
7.46,9.310316,-1.8503160858154297,1.8503160858154297
14.01,18.330091,-4.32009147644043,4.32009147644043
24.44,20.265303,4.174697341918947,4.174697341918947
8.13,19.501904,-11.371903533935546,11.371903533935546
1.1,9.495831,-8.395830535888672,8.395830535888672
14.36,20.198193,-5.838192596435547,5.838192596435547
8.2,7.528179,0.6718208312988274,0.6718208312988274
10.5,16.83377,-6.333770751953125,6.333770751953125
18.61,13.589273,5.02072654724121,5.02072654724121
0.58,6.119726,-5.539726181030273,5.539726181030273
5.58,11.453119,-5.8731192779541015,5.8731192779541015
9.22,10.388522,-1.1685221481323236,1.1685221481323236
25.02,13.636161,11.383839149475097,11.383839149475097
1.1,6.2140546,-5.114054584503174,5.114054584503174
9.97,11.127752,-1.1577523040771478,1.1577523040771478
27.74,25.242332,2.4976675415039047,2.4976675415039047
1.76,9.444019,-7.684019317626953,7.684019317626953
29.07,16.917568,12.152431793212891,12.152431793212891
7.8,13.027444,-5.227443885803223,5.227443885803223
1.16,12.466774,-11.306773986816406,11.306773986816406
12.05,15.0486965,-2.9986965179443352,2.9986965179443352
6.07,25.042095,-18.97209518432617,18.97209518432617
4.74,9.434727,-4.69472671508789,4.69472671508789
26.79,23.941381,2.8486185455322257,2.8486185455322257
31.05,18.17132,12.87868003845215,12.87868003845215
17.05,12.847771,4.202229309082032,4.202229309082032
12.19,12.894446,-0.7044463729858403,0.7044463729858403
20.75,21.902569,-1.1525688171386719,1.1525688171386719
6.56,12.342395,-5.782394828796387,5.782394828796387
10.2,17.664488,-7.464487838745118,7.464487838745118
6.79,17.765604,-10.97560401916504,10.97560401916504
14.51,13.430426,1.0795743560791013,1.0795743560791013
12.2,16.424952,-4.224951553344727,4.224951553344727
46.21,16.494946,29.715054473876954,29.715054473876954
10.0,11.909764,-1.909764289855957,1.909764289855957
0.1,9.485067,-9.385067367553711,9.385067367553711
16.54,8.896908,7.643092193603515,7.643092193603515
1.6,8.86035,-7.2603496551513675,7.2603496551513675
19.71,24.838415,-5.128415145874023,5.128415145874023
29.66,16.860268,12.799732360839844,12.799732360839844
1.35,16.243086,-14.893085861206055,14.893085861206055
6.82,20.381807,-13.561807327270508,13.561807327270508
18.97,21.120066,-2.150065689086915,2.150065689086915
10.8,16.652693,-5.852692794799804,5.852692794799804
31.3,11.528375,19.771625328063966,19.771625328063966
9.3,9.348099,-0.04809875488281179,0.04809875488281179
7.51,16.581314,-9.071314086914063,9.071314086914063
41.4,15.749048,25.650951766967772,25.650951766967772
0.32,12.5886135,-12.268613510131836,12.268613510131836
0.87,17.938993,-17.06899345397949,17.06899345397949
0.87,16.356617,-15.486616973876954,15.486616973876954
6.9,10.756484,-3.8564840316772457,3.8564840316772457
0.05,8.835649,-8.785648536682128,8.785648536682128
40.16,17.577557,22.582443389892575,22.582443389892575
24.09,8.164621,15.925378646850586,15.925378646850586
31.89,16.435604,15.454395904541016,15.454395904541016
12.44,10.19305,2.246949615478515,2.246949615478515
55.56,20.5038,35.05620056152344,35.05620056152344
40.73,10.838762,29.8912377166748,29.8912377166748
0.4,9.322314,-8.922314262390136,8.922314262390136
33.26,15.006384,18.253616104125975,18.253616104125975
26.15,23.369728,2.7802719116210923,2.7802719116210923
8.8,10.429843,-1.6298429489135735,1.6298429489135735
18.05,11.41528,6.63471965789795,6.63471965789795
32.45,16.422228,16.027772140502933,16.027772140502933
9.86,7.9762297,1.8837703323364252,1.8837703323364252
19.07,20.214426,-1.1444260406494138,1.1444260406494138
12.66,12.399222,0.2607776260375978,0.2607776260375978
3.01,12.993605,-9.98360466003418,9.98360466003418
39.89,28.71709,11.172909393310547,11.172909393310547
12.6,10.827078,1.7729221343994137,1.7729221343994137
11.08,17.140718,-6.060718460083008,6.060718460083008
1.95,17.749434,-15.799433517456055,15.799433517456055
3.87,7.2770596,-3.407059555053711,3.407059555053711
6.06,10.8239765,-4.763976516723633,4.763976516723633
5.7,7.0980883,-1.3980882644653319,1.3980882644653319
23.0,9.928552,13.07144832611084,13.07144832611084
3.4,14.306604,-10.906604385375976,10.906604385375976
0.07,7.25061,-7.1806098747253415,7.1806098747253415
29.45,17.480625,11.969374847412109,11.969374847412109
26.26,18.038204,8.221795806884767,8.221795806884767
7.17,14.143597,-6.973596649169922,6.973596649169922
6.33,13.268358,-6.93835823059082,6.93835823059082
24.78,22.202194,2.5778057861328136,2.5778057861328136
26.2,19.071796,7.128203582763671,7.128203582763671
40.9,11.632794,29.26720561981201,29.26720561981201
9.97,8.85879,1.1112096023559577,1.1112096023559577
16.01,14.29597,1.714030036926271,1.714030036926271
3.39,9.9535885,-6.563588485717773,6.563588485717773
10.0,21.003826,-11.003826141357422,11.003826141357422
5.11,20.628454,-15.518454208374024,15.518454208374024
11.4,13.726798,-2.326798057556152,2.326798057556152
46.02,12.672591,33.34740879058838,33.34740879058838
6.37,18.168377,-11.79837692260742,11.79837692260742
23.5,19.914747,3.5852527618408203,3.5852527618408203
25.98,12.8830805,13.09691951751709,13.09691951751709
23.2,22.637983,0.5620166778564446,0.5620166778564446
36.33,15.710422,20.619578437805174,20.619578437805174
16.77,15.311752,1.458247680664062,1.458247680664062
1.85,12.362187,-10.512187385559082,10.512187385559082
11.87,19.783789,-7.913788681030274,7.913788681030274
32.38,24.096586,8.28341377258301,8.28341377258301
7.32,14.991815,-7.671814613342285,7.671814613342285
1.84,13.163816,-11.323816452026367,11.323816452026367
8.22,15.995259,-7.775259284973144,7.775259284973144
3.68,26.234556,-22.554556198120117,22.554556198120117
4.73,23.491924,-18.76192428588867,18.76192428588867
2.04,11.793001,-9.753001174926759,9.753001174926759
27.51,25.105444,2.404556045532228,2.404556045532228
40.22,16.505474,23.714525909423827,23.714525909423827
2.59,13.504903,-10.914902839660645,10.914902839660645
12.3,11.175784,1.1242158889770515,1.1242158889770515
5.3,13.772235,-8.472234916687011,8.472234916687011
9.28,17.800306,-8.52030632019043,8.52030632019043
57.26,35.49397,21.76603103637695,21.76603103637695
0.7,12.786247,-12.08624725341797,12.08624725341797
21.0,35.396584,-14.396583557128906,14.396583557128906
18.7,18.940239,-0.24023895263671946,0.24023895263671946
14.19,16.426083,-2.236082611083985,2.236082611083985
31.85,27.469233,4.3807674407959,4.3807674407959
24.24,12.932082,11.307917823791502,11.307917823791502
4.5,14.607612,-10.107611656188965,10.107611656188965
42.1,20.140003,21.9599967956543,21.9599967956543
3.52,10.634192,-7.11419246673584,7.11419246673584
6.1,17.464636,-11.364635848999024,11.364635848999024
1.99,11.495298,-9.505298385620117,9.505298385620117
19.58,15.231035,4.348964767456053,4.348964767456053
5.03,11.217433,-6.187432975769043,6.187432975769043
29.2,23.526306,5.673693847656249,5.673693847656249
0.2,15.940379,-15.740379142761231,15.740379142761231
25.47,24.34512,1.1248805236816395,1.1248805236816395
40.49,23.631546,16.85845397949219,16.85845397949219
13.9,20.358992,-6.458991622924804,6.458991622924804
44.2,15.948841,28.2511589050293,28.2511589050293
34.39,21.587435,12.802565231323243,12.802565231323243
1.67,10.996265,-9.326265411376953,9.326265411376953
2.92,19.563215,-16.643215255737303,16.643215255737303
32.04,21.187635,10.85236457824707,10.85236457824707
24.09,14.318161,9.771838989257812,9.771838989257812
6.6,14.567483,-7.967482948303223,7.967482948303223
0.01,18.60582,-18.595819702148436,18.595819702148436
2.51,18.198841,-15.688841094970703,15.688841094970703
18.18,16.381601,1.7983986663818357,1.7983986663818357
62.3,19.093857,43.20614318847656,43.20614318847656
3.2,9.870942,-6.670942115783691,6.670942115783691
13.24,22.735548,-9.49554801940918,9.49554801940918
28.67,26.64108,2.0289191436767595,2.0289191436767595
10.48,8.765539,1.714460830688477,1.714460830688477
18.2,19.24802,-1.0480201721191413,1.0480201721191413
20.82,27.78199,-6.961990051269531,6.961990051269531
16.95,21.164942,-4.214941787719727,4.214941787719727
15.26,26.655554,-11.395553817749024,11.395553817749024
12.26,21.24708,-8.987079849243164,8.987079849243164
2.02,8.820331,-6.800330619812012,6.800330619812012
17.8,19.51692,-1.716920089721679,1.716920089721679
1.51,17.555883,-16.045883407592772,16.045883407592772
4.9,20.047583,-15.147582626342773,15.147582626342773
5.19,20.414057,-15.2240567779541,15.2240567779541
0.4,28.89833,-28.498330688476564,28.498330688476564
3.3,10.245189,-6.945188713073731,6.945188713073731
41.81,12.758717,29.05128341674805,29.05128341674805
7.41,16.239246,-8.829246368408203,8.829246368408203
36.3,26.914291,9.38570861816406,9.38570861816406
1.2,26.503141,-25.303141403198243,25.303141403198243
27.38,22.32277,5.0572308349609365,5.0572308349609365
12.11,18.380968,-6.270968093872071,6.270968093872071
7.2,12.493193,-5.293192672729492,5.293192672729492
3.67,17.188444,-13.518444137573242,13.518444137573242
51.81,28.229195,23.58080535888672,23.58080535888672
9.65,20.468573,-10.818572616577148,10.818572616577148
10.74,21.193306,-10.453305969238281,10.453305969238281
11.85,13.338013,-1.4880126953125004,1.4880126953125004
5.61,12.612038,-7.002037658691406,7.002037658691406
60.98,36.254208,24.725792388916012,24.725792388916012
19.47,19.370207,0.09979316711425668,0.09979316711425668
22.6,29.224636,-6.624636077880858,6.624636077880858
11.51,33.84615,-22.33614944458008,22.33614944458008
29.31,26.559404,2.7505956268310534,2.7505956268310534
14.29,21.674866,-7.384865722656251,7.384865722656251
13.05,12.853502,0.1964977264404304,0.1964977264404304
2.79,21.36501,-18.57500930786133,18.57500930786133
0.07,22.168365,-22.098365478515625,22.098365478515625
22.94,18.502487,4.437512817382814,4.437512817382814
50.3,30.612202,19.68779830932617,19.68779830932617
27.74,21.198284,6.541715850830077,6.541715850830077
40.36,21.148848,19.211152420043945,19.211152420043945
7.25,15.663021,-8.413021087646484,8.413021087646484
15.76,22.259993,-6.499992599487305,6.499992599487305
16.1,19.609026,-3.509025955200194,3.509025955200194
1.85,30.75796,-28.907959365844725,28.907959365844725
20.2,16.22151,3.9784900665283196,3.9784900665283196
14.99,25.436039,-10.446038970947265,10.446038970947265
18.39,20.998827,-2.6088269805908197,2.6088269805908197
1.04,20.904757,-19.86475654602051,19.86475654602051
2.03,16.47675,-14.446749420166016,14.446749420166016
9.43,16.9998,-7.569799728393555,7.569799728393555
0.11,21.130125,-21.020125045776368,21.020125045776368
38.47,21.740541,16.729458541870116,16.729458541870116
0.12,17.6528,-17.53279960632324,17.53279960632324
0.12,16.936295,-16.81629455566406,16.81629455566406
2.34,20.611635,-18.271635208129883,18.271635208129883
38.73,22.234179,16.495821456909177,16.495821456909177
21.1,31.84025,-10.740250015258788,10.740250015258788
48.67,28.444126,20.22587387084961,20.22587387084961
9.1,18.86361,-9.763609313964844,9.763609313964844
23.24,25.868082,-2.6280820465087906,2.6280820465087906
19.65,22.066832,-2.4168315887451186,2.4168315887451186
37.21,29.108246,8.101754150390626,8.101754150390626
18.19,32.432095,-14.242094573974608,14.242094573974608
20.76,15.390308,5.369691619873048,5.369691619873048
5.45,14.819412,-9.369412231445313,9.369412231445313
18.18,20.220428,-2.0404284667968753,2.0404284667968753
11.1,12.628114,-1.5281137466430668,1.5281137466430668
41.8,27.273264,14.526736068725583,14.526736068725583
24.72,16.476324,8.2436759185791,8.2436759185791
13.12,18.202614,-5.082613830566407,5.082613830566407
51.8,36.862473,14.93752746582031,14.93752746582031
8.9,20.285805,-11.385804748535156,11.385804748535156
9.1,24.734303,-15.634302520751953,15.634302520751953
42.9,35.174698,7.725302124023436,7.725302124023436
39.57,20.319895,19.250105209350586,19.250105209350586
6.0,24.300707,-18.30070686340332,18.30070686340332
24.1,24.207739,-0.10773887634277202,0.10773887634277202
6.22,11.67797,-5.457969932556153,5.457969932556153
18.2,37.490097,-19.290097045898438,19.290097045898438
15.43,21.502693,-6.0726931762695315,6.0726931762695315
21.6,14.83328,6.766720390319826,6.766720390319826
16.2,23.256916,-7.056916046142579,7.056916046142579
4.85,16.855356,-12.005356216430664,12.005356216430664
15.76,14.217665,1.54233528137207,1.54233528137207
10.92,11.734141,-0.8141413497924805,0.8141413497924805
29.08,32.273937,-3.1939372253417986,3.1939372253417986
31.64,17.70372,13.936279907226563,13.936279907226563
11.59,16.663288,-5.073288116455078,5.073288116455078
9.4,9.505251,-0.10525093078613246,0.10525093078613246
14.98,18.568316,-3.588315505981445,3.588315505981445
21.58,19.589712,1.9902878570556624,1.9902878570556624
11.7,13.248975,-1.548974800109864,1.548974800109864
31.13,19.92831,11.20168960571289,11.20168960571289
25.2,15.673826,9.526173782348632,9.526173782348632
14.9,12.670284,2.229715728759766,2.229715728759766
0.37,13.257124,-12.887123947143555,12.887123947143555
11.35,16.851105,-5.501104736328125,5.501104736328125
8.5,19.198116,-10.698116302490234,10.698116302490234
8.26,17.49793,-9.237930526733399,9.237930526733399
30.59,25.1719,5.418100204467773,5.418100204467773
16.18,17.28885,-1.108850784301758,1.108850784301758
18.2,12.52163,5.678369712829589,5.678369712829589
10.86,13.183127,-2.323127403259278,2.323127403259278
59.28,29.21976,30.06023910522461,30.06023910522461
18.67,21.798233,-3.128233032226561,3.128233032226561
13.67,14.041127,-0.3711272048950196,0.3711272048950196
13.57,18.19909,-4.6290890502929685,4.6290890502929685
16.75,19.527151,-2.777151107788086,2.777151107788086
24.44,21.08434,3.355660858154298,3.355660858154298
14.71,12.955455,1.7545451736450204,1.7545451736450204
2.44,7.7064943,-5.266494331359864,5.266494331359864
24.56,17.259026,7.30097442626953,7.30097442626953
24.52,16.52525,7.994750518798828,7.994750518798828
1.4,9.997923,-8.597922897338867,8.597922897338867
12.92,19.524263,-6.604263381958008,6.604263381958008
50.06,29.796316,20.263683853149416,20.263683853149416
28.2,19.237417,8.962582778930663,8.962582778930663
19.73,21.231201,-1.5012011718749996,1.5012011718749996
7.1,11.987462,-4.887462043762207,4.887462043762207
0.3,17.49462,-17.194619369506835,17.194619369506835
17.98,11.983373,5.996627311706543,5.996627311706543
5.21,7.7064943,-2.4964943313598633,2.4964943313598633
11.0,11.254515,-0.2545146942138672,0.2545146942138672
9.98,21.453058,-11.473058242797851,11.473058242797851
0.13,16.66399,-16.533990020751954,16.533990020751954
0.02,13.379503,-13.35950325012207,13.35950325012207
0.31,15.984564,-15.674563827514648,15.674563827514648
9.4,11.7836075,-2.383607482910156,2.383607482910156
19.39,10.52055,8.869450225830079,8.869450225830079
8.62,11.464478,-2.844477539062501,2.844477539062501
2.84,12.109333,-9.269333038330078,9.269333038330078
33.51,22.541626,10.968374023437498,10.968374023437498
0.04,13.577999,-13.537999114990235,13.537999114990235
11.4,10.4120865,0.9879135131835941,0.9879135131835941
14.64,14.714051,-0.07405124664306584,0.07405124664306584
0.04,6.478063,-6.438063106536865,6.438063106536865
14.5,7.366868,7.133131980895996,7.133131980895996
11.93,6.3803515,5.549648456573486,5.549648456573486
30.25,20.592466,9.657533645629883,9.657533645629883
7.89,9.431044,-1.54104362487793,1.54104362487793
9.6,9.455578,0.14442214965820277,0.14442214965820277
4.48,10.29681,-5.816810150146484,5.816810150146484
16.4,21.726889,-5.326888656616212,5.326888656616212
37.44,18.683487,18.756513061523435,18.756513061523435
5.78,10.274251,-4.494250984191894,4.494250984191894
2.49,15.552103,-13.062103042602539,13.062103042602539
4.4,8.241363,-3.8413625717163082,3.8413625717163082
36.0,12.199205,23.80079460144043,23.80079460144043
7.47,10.291084,-2.8210842895507815,2.8210842895507815
8.7,11.880394,-3.1803939819335945,3.1803939819335945
0.3,9.137885,-8.837885093688964,8.837885093688964
0.01,10.8866205,-10.87662052154541,10.87662052154541
7.2,9.164338,-1.9643381118774412,1.9643381118774412
2.89,10.734063,-7.844063148498535,7.844063148498535
22.3,15.912473,6.38752727508545,6.38752727508545
24.28,12.894446,11.385553627014161,11.385553627014161
6.5,9.278879,-2.778879165649414,2.778879165649414
14.73,18.416918,-3.68691780090332,3.68691780090332
5.2,12.210731,-7.01073055267334,7.01073055267334
9.62,15.035674,-5.415674095153809,5.415674095153809
3.81,6.850455,-3.040454807281494,3.040454807281494
25.87,16.539848,9.330151672363282,9.330151672363282
54.4,16.291313,38.10868682861328,38.10868682861328
26.0,15.950846,10.049154281616211,10.049154281616211
11.1,11.289309,-0.18930854797363317,0.18930854797363317
19.73,15.192193,4.537806968688965,4.537806968688965
35.11,22.097122,13.012877807617187,13.012877807617187
1.91,8.999751,-7.089751091003418,7.089751091003418
7.5,10.284181,-2.7841806411743164,2.7841806411743164
6.54,9.226859,-2.6868590927124023,2.6868590927124023
15.86,9.755345,6.104654655456542,6.104654655456542
2.47,14.773659,-12.303658752441406,12.303658752441406
6.54,11.85533,-5.315330467224121,5.315330467224121
12.8,14.169636,-1.3696357727050774,1.3696357727050774
15.38,17.79894,-2.418940658569335,2.418940658569335
2.1,7.171929,-5.071928882598877,5.071928882598877
6.64,9.280089,-2.640089378356934,2.640089378356934
8.33,11.476981,-3.1469811630249023,3.1469811630249023
13.98,16.581314,-2.601314086914062,2.601314086914062
6.21,16.27272,-10.062720336914062,10.062720336914062
1.5,20.707703,-19.20770263671875,19.20770263671875
21.98,18.945784,3.0342163848876957,3.0342163848876957
24.12,16.993202,7.126797790527345,7.126797790527345
11.43,12.797434,-1.3674338531494143,1.3674338531494143
1.39,7.1067376,-5.716737613677979,5.716737613677979
3.54,10.010881,-6.470881423950195,6.470881423950195
12.4,8.739167,3.660832786560059,3.660832786560059
3.29,8.80106,-5.511059722900391,5.511059722900391
7.0,9.230116,-2.2301158905029297,2.2301158905029297
9.57,9.761697,-0.19169681549072237,0.19169681549072237
11.23,16.581314,-5.351314086914062,5.351314086914062
16.08,10.113584,5.9664164352416975,5.9664164352416975
16.27,17.85993,-1.5899300384521489,1.5899300384521489
4.8,8.691381,-3.8913814544677736,3.8913814544677736
0.6,12.308224,-11.708223724365235,11.708223724365235
4.82,8.69539,-3.8753897476196286,3.8753897476196286
0.78,16.437899,-15.657898635864258,15.657898635864258
22.71,31.551022,-8.841021575927734,8.841021575927734
26.19,18.798357,7.391642990112306,7.391642990112306
4.15,10.787323,-6.637322998046875,6.637322998046875
21.16,11.582348,9.577652130126953,9.577652130126953
21.23,13.330134,7.8998656082153325,7.8998656082153325
22.25,13.201543,9.048457145690918,9.048457145690918
0.8,18.280163,-17.480162811279296,17.480162811279296
0.11,7.983567,-7.873567237854004,7.873567237854004
6.59,12.287567,-5.697567138671875,5.697567138671875
6.19,19.766073,-13.57607322692871,13.57607322692871
10.58,11.679933,-1.0999325942993163,1.0999325942993163
1.62,7.932125,-6.312125091552734,6.312125091552734
24.7,15.639613,9.060386848449706,9.060386848449706
26.64,19.791452,6.8485475921630865,6.8485475921630865
15.35,16.585564,-1.235563659667969,1.235563659667969
3.44,23.208956,-19.768955764770507,19.768955764770507
27.76,11.348983,16.41101718902588,16.41101718902588
7.92,13.934277,-6.014276580810547,6.014276580810547
16.82,14.869142,1.9508584213256839,1.9508584213256839
2.1,11.773461,-9.67346134185791,9.67346134185791
34.23,27.075476,7.154524307250973,7.154524307250973
8.19,12.499663,-4.309663352966309,4.309663352966309
9.17,14.151643,-4.9816427993774415,4.9816427993774415
7.22,9.701444,-2.481443672180176,2.481443672180176
14.07,17.363588,-3.2935883331298825,3.2935883331298825
11.66,11.483681,0.1763192749023439,0.1763192749023439
19.55,20.10458,-0.5545799255371087,0.5545799255371087
7.06,17.381302,-10.321301879882814,10.321301879882814
19.91,20.495113,-0.5851133728027342,0.5851133728027342
3.16,7.0980883,-3.938088264465332,3.938088264465332
5.88,17.01824,-11.138239974975587,11.138239974975587
2.3,9.760945,-7.460945320129395,7.460945320129395
10.88,13.600109,-2.720109100341796,2.720109100341796
22.31,26.78079,-4.4707903289794935,4.4707903289794935
21.07,10.11487,10.955129928588867,10.955129928588867
20.4,20.873882,-0.4738822937011733,0.4738822937011733
9.48,28.54358,-19.0635791015625,19.0635791015625
22.4,20.93372,1.466280364990233,1.466280364990233
11.11,11.689415,-0.5794149780273443,0.5794149780273443
1.8,13.2503195,-11.450319480895995,11.450319480895995
1.12,16.280949,-15.160948638916015,15.160948638916015
10.0,21.501219,-11.501218795776367,11.501218795776367
9.55,10.285526,-0.7355262756347649,0.7355262756347649
12.61,11.406144,1.2038558578491205,1.2038558578491205
0.16,26.484375,-26.324375,26.324375
7.73,13.569108,-5.8391080093383785,5.8391080093383785
14.01,16.977285,-2.967285385131836,2.967285385131836
12.22,11.900801,0.31919929504394595,0.31919929504394595
3.5,8.153064,-4.653063774108887,4.653063774108887
11.83,11.765539,0.06446083068847663,0.06446083068847663
0.04,14.699912,-14.659912071228028,14.659912071228028
13.51,14.734162,-1.2241623306274416,1.2241623306274416
28.14,14.413533,13.726466789245606,13.726466789245606
2.68,8.786861,-6.106861419677735,6.106861419677735
13.73,13.759643,-0.029642601013183167,0.029642601013183167
21.27,15.473974,5.796025772094726,5.796025772094726
21.78,26.744663,-4.9646632385253895,4.9646632385253895
23.2,21.375237,1.8247634887695305,1.8247634887695305
6.54,14.262137,-7.722137413024902,7.722137413024902
17.1,11.933748,5.166251754760744,5.166251754760744
28.62,24.417463,4.202536697387696,4.202536697387696
10.1,9.684716,0.4152837753295895,0.4152837753295895
11.34,11.62487,-0.2848703002929689,0.2848703002929689
17.25,11.917288,5.332712173461914,5.332712173461914
4.21,18.295307,-14.085307159423827,14.085307159423827
27.9,25.137089,2.762911224365233,2.762911224365233
22.27,19.350145,2.9198546600341793,2.9198546600341793
13.13,11.937894,1.192106132507325,1.192106132507325
0.26,20.823914,-20.56391357421875,20.56391357421875
0.44,14.63609,-14.196090278625489,14.196090278625489
8.1,13.512767,-5.412766838073731,5.412766838073731
1.7,17.32402,-15.624020385742188,15.624020385742188
10.78,12.995157,-2.2151572418212897,2.2151572418212897
22.18,22.472818,-0.29281837463378935,0.29281837463378935
44.91,26.587107,18.322893295288083,18.322893295288083
18.19,13.1891985,5.000801506042482,5.000801506042482
6.6,18.892342,-12.292341613769532,12.292341613769532
14.27,28.80031,-14.530310134887696,14.530310134887696
0.08,10.753414,-10.673414154052734,10.673414154052734
4.17,14.629901,-10.459900932312012,10.459900932312012
56.15,21.469849,34.6801513671875,34.6801513671875
31.68,25.464132,6.215867691040039,6.215867691040039
12.24,22.057034,-9.81703353881836,9.81703353881836
6.49,8.430865,-1.9408652877807615,1.9408652877807615
0.5,14.132357,-13.632356643676758,13.632356643676758
21.5,19.640587,1.8594131469726562,1.8594131469726562
12.79,15.908884,-3.118884048461915,3.118884048461915
18.83,25.44135,-6.61135093688965,6.61135093688965
24.52,20.654871,3.865129013061523,3.865129013061523
11.1,19.266304,-8.166304016113282,8.166304016113282
54.2,26.051329,28.148671340942386,28.148671340942386
40.46,33.292946,7.167054138183595,7.167054138183595
0.6,15.316227,-14.716226959228516,14.716226959228516
31.21,27.173887,4.036112747192384,4.036112747192384
49.59,17.060497,32.52950271606446,32.52950271606446
11.44,14.536237,-3.096236763000489,3.096236763000489
15.24,17.173876,-1.93387580871582,1.93387580871582
33.0,19.320312,13.6796875,13.6796875
1.96,14.556226,-12.596225776672362,12.596225776672362
24.8,28.67057,-3.8705703735351555,3.8705703735351555
7.07,12.444817,-5.3748165893554685,5.3748165893554685
1.6,16.252293,-14.652292633056641,14.652292633056641
6.25,20.241373,-13.991373062133789,13.991373062133789
18.69,23.417828,-4.727827606201171,4.727827606201171
6.23,19.617401,-13.387401123046875,13.387401123046875
29.87,17.822842,12.047158355712892,12.047158355712892
24.12,19.771324,4.348675842285157,4.348675842285157
2.06,20.166018,-18.106017532348634,18.106017532348634
4.1,15.652555,-11.552555465698243,11.552555465698243
26.02,22.30086,3.7191405487060543,3.7191405487060543
19.62,20.643246,-1.0232456970214834,1.0232456970214834
3.42,11.841791,-8.421791152954102,8.421791152954102
1.9,20.64875,-18.748750305175783,18.748750305175783
13.96,19.083351,-5.123351135253905,5.123351135253905
48.78,29.807693,18.97230651855469,18.97230651855469
16.37,14.147711,2.2222891998291026,2.2222891998291026
31.5,21.14386,10.35614013671875,10.35614013671875
54.6,22.251177,32.348823165893556,32.348823165893556
17.96,13.680476,4.279523811340333,4.279523811340333
9.33,10.48252,-1.1525201034545898,1.1525201034545898
30.35,13.545477,16.804523086547853,16.804523086547853
8.93,17.999332,-9.069332427978516,9.069332427978516
19.65,32.02175,-12.371751403808595,12.371751403808595
53.1,19.884195,33.21580467224121,33.21580467224121
23.6,24.061716,-0.46171607971191264,0.46171607971191264
0.19,21.126125,-20.936125335693358,20.936125335693358
6.6,26.380596,-19.78059616088867,19.78059616088867
47.61,20.777575,26.83242546081543,26.83242546081543
15.86,21.815203,-5.955202713012696,5.955202713012696
18.2,19.73876,-1.5387599945068366,1.5387599945068366
27.1,19.289867,7.8101325988769545,7.8101325988769545
45.5,18.586058,26.913942337036133,26.913942337036133
19.63,16.784334,2.845665817260741,2.845665817260741
3.11,22.21444,-19.104439392089844,19.104439392089844
28.33,29.216904,-0.8869036865234392,0.8869036865234392
43.15,23.012617,20.137382888793944,20.137382888793944
17.6,18.972166,-1.3721660614013658,1.3721660614013658
2.03,11.812405,-9.78240463256836,9.78240463256836
18.19,30.422636,-12.232636032104491,12.232636032104491
20.6,22.08121,-1.4812091827392564,1.4812091827392564
26.02,34.134525,-8.114525299072266,8.114525299072266
27.12,31.24894,-4.128939514160155,4.128939514160155
16.09,21.043068,-4.953067932128906,4.953067932128906
22.92,21.0762,1.8437995147705095,1.8437995147705095
30.4,19.694515,10.705484771728514,10.705484771728514
9.2,20.33221,-11.132210540771485,11.132210540771485
26.63,34.425053,-7.795052642822267,7.795052642822267
41.6,35.262566,6.337434387207033,6.337434387207033
32.15,20.302498,11.847502136230467,11.847502136230467
6.48,17.185303,-10.705302734375,10.705302734375
12.36,20.957766,-8.597765579223633,8.597765579223633
11.45,15.09681,-3.6468103408813484,3.6468103408813484
0.1,21.587498,-21.48749771118164,21.48749771118164
20.6,29.646269,-9.04626884460449,9.04626884460449
4.5,26.158602,-21.658601760864258,21.658601760864258
24.71,15.409853,9.300147018432618,9.300147018432618
9.3,21.764315,-12.464314651489257,12.464314651489257
11.5,11.328108,0.1718921661376953,0.1718921661376953
4.91,16.992794,-12.082794036865234,12.082794036865234
10.79,11.734141,-0.9441413497924813,0.9441413497924813
15.99,18.167625,-2.1776254272460935,2.1776254272460935
10.81,13.935163,-3.125162544250488,3.125162544250488
10.74,17.908945,-7.168945083618164,7.168945083618164
4.64,17.860746,-13.220746383666992,13.220746383666992
27.37,16.224096,11.145903701782228,11.145903701782228
8.9,14.0230465,-5.123046493530273,5.123046493530273
37.28,31.097502,6.182498245239259,6.182498245239259
11.4,14.866184,-3.4661842346191403,3.4661842346191403
10.7,15.673826,-4.973826217651368,4.973826217651368
10.5,13.025116,-2.525115966796875,2.525115966796875
1.58,16.505705,-14.925704879760742,14.925704879760742
4.48,34.236916,-29.756915588378906,29.756915588378906
27.05,19.421097,7.628903198242188,7.628903198242188
21.55,24.644644,-3.0946437835693352,3.0946437835693352
0.2,10.793148,-10.593148040771485,10.593148040771485
14.13,14.068603,0.06139743804931719,0.06139743804931719
18.61,15.975608,2.634392127990722,2.634392127990722
6.0,21.903988,-15.903987884521484,15.903987884521484
6.9,14.580502,-7.680501556396484,7.680501556396484
12.14,11.002796,1.1372038269042974,1.1372038269042974
13.16,14.405937,-1.2459371948242186,1.2459371948242186
6.22,21.316647,-15.096646575927736,15.096646575927736
18.8,19.30117,-0.501170349121093,0.501170349121093
27.3,31.63882,-4.338820648193359,4.338820648193359
58.84,18.403133,40.43686660766602,40.43686660766602
5.8,8.231532,-2.431532096862793,2.431532096862793
22.23,13.582176,8.647823791503907,8.647823791503907
18.18,15.700489,2.4795109558105466,2.4795109558105466
9.8,10.230605,-0.4306051254272454,0.4306051254272454
55.99,32.817867,23.172132720947268,23.172132720947268
10.1,14.251164,-4.151164436340332,4.151164436340332
11.87,12.98583,-1.1158303070068367,1.1158303070068367
15.66,17.003778,-1.3437784576416014,1.3437784576416014
20.63,7.4650764,13.164923553466796,13.164923553466796
14.8,11.666177,3.133823204040528,3.133823204040528
29.98,22.663282,7.316717605590821,7.316717605590821
6.4,11.674251,-5.274250602722168,5.274250602722168
14.37,13.28241,1.0875903320312492,1.0875903320312492
4.24,9.649227,-5.409227142333984,5.409227142333984
17.57,9.760384,7.809616394042969,7.809616394042969
17.29,10.478841,6.811159172058105,6.811159172058105
11.35,10.954204,0.3957963943481442,0.3957963943481442
0.74,10.2239895,-9.483989486694336,9.483989486694336
21.95,13.355322,8.594678115844726,8.594678115844726
11.69,9.781433,1.9085668945312495,1.9085668945312495
53.45,22.602146,30.847853851318362,30.847853851318362
12.18,12.809631,-0.6296313476562503,0.6296313476562503
5.29,8.26699,-2.9769897079467773,2.9769897079467773
6.18,9.348256,-3.16825611114502,3.16825611114502
42.72,34.54894,8.171061248779296,8.171061248779296
1.4,10.866274,-9.466273880004882,9.466273880004882
23.14,20.265303,2.874697341918946,2.874697341918946
28.4,16.27578,12.124220275878905,12.124220275878905
0.08,7.171929,-7.091928882598877,7.091928882598877
12.2,6.0626225,6.137377452850341,6.137377452850341
22.46,19.957556,2.5024442291259774,2.5024442291259774
8.58,7.5682983,1.01170166015625,1.01170166015625
44.96,23.98296,20.977040252685548,20.977040252685548
18.76,9.70259,9.057410011291505,9.057410011291505
7.16,14.044186,-6.884185638427734,6.884185638427734
13.66,9.926665,3.7333346939086915,3.7333346939086915
28.94,20.414093,8.525906982421876,8.525906982421876
24.1,13.90227,10.197729682922365,10.197729682922365
8.5,11.686952,-3.1869516372680664,3.1869516372680664
18.74,14.214237,4.525762786865233,4.525762786865233
5.26,8.024176,-2.7641756439208987,2.7641756439208987
1.07,17.093771,-16.02377098083496,16.02377098083496
3.36,9.984096,-6.6240955734252935,6.6240955734252935
48.18,24.181831,23.99816864013672,23.99816864013672
8.93,10.612878,-1.6828778457641604,1.6828778457641604
23.45,20.260162,3.1898376464843743,3.1898376464843743
13.44,10.407312,3.032687606811523,3.032687606811523
0.6,9.187304,-8.58730354309082,8.58730354309082
17.7,12.327762,5.37223834991455,5.37223834991455
55.07,13.479248,41.590751953125,41.590751953125
24.53,9.489155,15.040845184326173,15.040845184326173
12.78,10.9705715,1.8094284820556634,1.8094284820556634
3.11,18.860027,-15.750027313232422,15.750027313232422
16.22,11.881104,4.3388955307006825,4.3388955307006825
44.41,11.586151,32.82384887695312,32.82384887695312
5.9,9.190149,-3.290149307250976,3.290149307250976
23.12,14.855749,8.264250869750978,8.264250869750978
6.3,11.669133,-5.369133186340332,5.369133186340332
12.7,10.958147,1.741852951049804,1.741852951049804
9.78,9.089932,0.6900675582885736,0.6900675582885736
5.43,11.042171,-5.612170524597168,5.612170524597168
12.29,17.018492,-4.728491744995118,4.728491744995118
2.74,11.311296,-8.571296463012695,8.571296463012695
23.24,23.798166,-0.5581662750244156,0.5581662750244156
15.98,12.310725,3.6692747879028325,3.6692747879028325
18.84,19.722897,-0.8828965759277345,0.8828965759277345
28.27,20.121773,8.148227233886718,8.148227233886718
9.83,12.5883255,-2.758325500488281,2.758325500488281
11.1,10.236776,0.8632236480712887,0.8632236480712887
18.2,15.211627,2.9883729934692376,2.9883729934692376
13.07,17.53786,-4.467860870361328,4.467860870361328
2.6,12.7156925,-10.115692520141602,10.115692520141602
3.69,16.636705,-12.94670539855957,12.94670539855957
9.8,7.919909,1.8800909996032722,1.8800909996032722
21.5,15.00732,6.492679595947266,6.492679595947266
56.07,26.78079,29.289209671020508,29.289209671020508
8.79,7.0980883,1.6919117355346671,1.6919117355346671
10.43,12.802119,-2.3721192550659183,2.3721192550659183
8.33,12.289929,-3.959929389953613,3.959929389953613
9.66,18.666464,-9.00646385192871,9.00646385192871
59.72,12.152537,47.56746265411377,47.56746265411377
3.06,11.259809,-8.199808540344238,8.199808540344238
0.63,8.615985,-7.985984916687012,7.985984916687012
26.5,23.824955,2.6750450134277344,2.6750450134277344
5.25,12.049744,-6.79974365234375,6.79974365234375
46.99,14.255863,32.734136810302736,32.734136810302736
5.22,17.6396,-12.41960075378418,12.41960075378418
21.91,25.52883,-3.618829574584961,3.618829574584961
2.21,14.700457,-12.490456619262694,12.490456619262694
21.47,14.566388,6.903611869812011,6.903611869812011
15.41,23.530561,-8.120561447143555,8.120561447143555
35.37,19.931519,15.438481445312497,15.438481445312497
5.17,15.716223,-10.546222763061524,10.546222763061524
56.09,21.21207,34.87792953491211,34.87792953491211
5.91,8.353425,-2.4434250259399413,2.4434250259399413
0.73,12.848244,-12.118243713378906,12.118243713378906
42.0,13.817266,28.1827335357666,28.1827335357666
14.1,21.032835,-6.9328350067138675,6.9328350067138675
60.29,23.551357,36.73864273071289,36.73864273071289
15.54,25.24486,-9.704859695434571,9.704859695434571
11.73,11.819495,-0.08949520111083942,0.08949520111083942
54.49,26.425413,28.064586868286135,28.064586868286135
27.51,25.48233,2.0276696777343766,2.0276696777343766
0.14,25.528757,-25.388757095336913,25.388757095336913
24.09,18.738684,5.351316299438476,5.351316299438476
21.03,25.40634,-4.376339645385741,4.376339645385741
40.14,24.59533,15.544670715332032,15.544670715332032
47.2,42.554462,4.645537567138675,4.645537567138675
8.78,12.431217,-3.6512171936035163,3.6512171936035163
24.35,18.157902,6.192098236083986,6.192098236083986
38.25,17.71294,20.537059783935547,20.537059783935547
2.0,19.225351,-17.225351333618164,17.225351333618164
10.39,19.439493,-9.049493179321288,9.049493179321288
25.6,17.27513,8.324870681762697,8.324870681762697
8.83,9.10872,-0.27871982574462884,0.27871982574462884
13.82,15.901776,-2.081776313781738,2.081776313781738
31.11,18.440212,12.66978775024414,12.66978775024414
41.1,20.806746,20.293254470825197,20.293254470825197
30.67,21.187635,9.482364578247072,9.482364578247072
10.53,19.478437,-8.948437423706055,8.948437423706055
9.15,12.145664,-2.9956642150878903,2.9956642150878903
12.41,22.864775,-10.454774703979492,10.454774703979492
14.6,18.95352,-4.3535198211669925,4.3535198211669925
2.43,16.62623,-14.196230239868164,14.196230239868164
14.14,20.749638,-6.609637603759765,6.609637603759765
24.09,13.644456,10.445544090270996,10.445544090270996
62.19,27.586172,34.60382789611816,34.60382789611816
57.36,26.22049,31.139510498046874,31.139510498046874
12.47,14.514224,-2.0442240524291986,2.0442240524291986
7.6,22.871338,-15.271337890625,15.271337890625
18.62,19.460638,-0.8406380462646474,0.8406380462646474
32.97,28.984316,3.985684127807616,3.985684127807616
6.2,19.16466,-12.964659500122071,12.964659500122071
9.12,17.616957,-8.49695671081543,8.49695671081543
39.6,22.204237,17.39576301574707,17.39576301574707
18.73,11.9488945,6.7811054992675786,6.7811054992675786
36.21,28.707193,7.502806625366212,7.502806625366212
11.53,15.101288,-3.5712878417968756,3.5712878417968756
3.13,13.087001,-9.957000846862794,9.957000846862794
18.22,21.566818,-3.3468182373046886,3.3468182373046886
20.62,26.78793,-6.167929534912108,6.167929534912108
3.21,10.072322,-6.862321891784668,6.862321891784668
19.94,20.414057,-0.4740567779541003,0.4740567779541003
34.83,17.823141,17.006858901977537,17.006858901977537
18.76,12.216729,6.543270835876466,6.543270835876466
10.55,26.035255,-15.485255432128906,15.485255432128906
20.49,23.582073,-3.0920732116699234,3.0920732116699234
30.5,34.318104,-3.818103790283203,3.818103790283203
30.6,20.552443,10.047557449340822,10.047557449340822
8.12,15.272868,-7.152868156433106,7.152868156433106
22.28,29.387705,-7.107704849243163,7.107704849243163
21.63,21.42554,0.20445907592773338,0.20445907592773338
38.66,31.102617,7.557382736206051,7.557382736206051
36.93,36.27409,0.6559101867675778,0.6559101867675778
34.39,21.035652,13.35434783935547,13.35434783935547
9.8,11.149254,-1.349253845214843,1.349253845214843
27.52,20.401821,7.11817886352539,7.11817886352539
41.15,21.532852,19.617147827148436,19.617147827148436
24.99,17.035633,7.954366912841795,7.954366912841795
8.2,16.253162,-8.053162384033204,8.053162384033204
44.49,25.206837,19.28316329956055,19.28316329956055
12.85,21.815203,-8.965202713012696,8.965202713012696
23.15,18.502487,4.647512817382811,4.647512817382811
9.39,24.10574,-14.715739593505859,14.715739593505859
24.65,27.960548,-3.3105484008789077,3.3105484008789077
53.49,21.857517,31.63248275756836,31.63248275756836
21.67,20.254509,1.415491027832033,1.415491027832033
61.64,19.508623,42.131376876831055,42.131376876831055
12.09,17.189547,-5.099546585083008,5.099546585083008
19.92,19.35403,0.5659693908691423,0.5659693908691423
49.54,39.039387,10.500613250732421,10.500613250732421
18.4,22.8722,-4.472200012207033,4.472200012207033
0.02,16.531189,-16.51118896484375,16.51118896484375
5.64,17.886791,-12.246791229248046,12.246791229248046
3.7,23.381815,-19.68181495666504,19.68181495666504
2.43,17.566246,-15.136246032714844,15.136246032714844
41.06,21.454632,19.60536819458008,19.60536819458008
13.96,24.410126,-10.450125732421874,10.450125732421874
12.73,36.152153,-23.42215301513672,23.42215301513672
51.52,34.287792,17.232207794189456,17.232207794189456
34.27,27.852354,6.417645950317386,6.417645950317386
28.95,20.33012,8.619879913330077,8.619879913330077
1.7,23.671394,-21.971394348144532,21.971394348144532
10.84,15.168959,-4.32895866394043,4.32895866394043
33.87,21.438772,12.431227798461912,12.431227798461912
6.98,29.30398,-22.323979873657226,22.323979873657226
26.9,22.947775,3.9522251129150376,3.9522251129150376
41.54,21.756323,19.783677139282226,19.783677139282226
16.89,28.351639,-11.461638793945312,11.461638793945312
0.6,20.251413,-19.651413345336913,19.651413345336913
9.7,10.717899,-1.0178993225097663,1.0178993225097663
18.84,20.01575,-1.1757508850097658,1.1757508850097658
5.54,16.855356,-11.315356216430665,11.315356216430665
19.24,12.441365,6.798634757995604,6.798634757995604
0.13,15.7211895,-15.591189498901366,15.591189498901366
21.67,23.228132,-1.558132247924803,1.558132247924803
15.72,15.129615,0.5903851699829108,0.5903851699829108
48.63,29.619745,19.0102547454834,19.0102547454834
7.4,18.04872,-10.64871940612793,10.64871940612793
6.4,9.593198,-3.1931978225708004,3.1931978225708004
6.9,17.23535,-10.335349655151367,10.335349655151367
33.16,22.863838,10.296161804199215,10.296161804199215
43.01,14.142009,28.867991218566893,28.867991218566893
10.38,8.456686,1.9233139801025398,1.9233139801025398
17.3,15.420191,1.8798091888427741,1.8798091888427741
28.5,23.398987,5.10101318359375,5.10101318359375
13.37,14.001925,-0.631925468444825,0.631925468444825
29.3,16.258913,13.041086959838868,13.041086959838868
11.39,14.740657,-3.3506568527221674,3.3506568527221674
16.74,12.900235,3.8397648239135727,3.8397648239135727
13.04,34.055515,-21.01551528930664,21.01551528930664
10.52,17.408903,-6.888903121948243,6.888903121948243
24.55,17.118689,7.431311416625977,7.431311416625977
32.4,15.989418,16.410581970214842,16.410581970214842
60.13,49.951805,10.178194885253909,10.178194885253909
10.17,8.391635,1.7783650588989257,1.7783650588989257
9.38,12.00747,-2.6274701309204094,2.6274701309204094
0.26,11.017153,-10.757152786254883,10.757152786254883
17.52,20.795427,-3.2754273223876957,3.2754273223876957
6.38,19.619967,-13.239966506958009,13.239966506958009
14.91,17.590164,-2.6801641845703124,2.6801641845703124
2.8,8.934462,-6.13446159362793,6.13446159362793
33.66,16.090815,17.569185409545895,17.569185409545895
4.5,14.315881,-9.81588077545166,9.81588077545166
21.2,7.144444,14.05555601119995,14.05555601119995
11.6,15.684685,-4.084684753417969,4.084684753417969
18.9,16.564087,2.3359130859374986,2.3359130859374986
11.23,9.622389,1.6076111602783207,1.6076111602783207
19.16,16.214693,2.9453069305419923,2.9453069305419923
19.72,18.807547,0.9124533843994129,0.9124533843994129
22.1,11.582671,10.517328834533693,10.517328834533693
1.98,13.418661,-11.43866111755371,11.43866111755371
19.52,17.52006,1.9999404144287105,1.9999404144287105
21.4,12.780742,8.619258308410643,8.619258308410643
4.59,12.678565,-8.08856502532959,8.08856502532959
34.42,16.619846,17.80015365600586,17.80015365600586
5.2,8.587026,-3.3870256423950194,3.3870256423950194
19.77,14.285219,5.484780807495117,5.484780807495117
8.03,9.785187,-1.7551867675781256,1.7551867675781256
3.96,10.9417305,-6.981730499267578,6.981730499267578
20.11,20.557854,-0.4478536987304693,0.4478536987304693
4.7,11.565733,-6.865732955932617,6.865732955932617
23.82,15.2148695,8.605130500793457,8.605130500793457
12.88,10.125298,2.754702453613282,2.754702453613282
11.72,24.99866,-13.278659133911132,13.278659133911132
44.77,16.10542,28.664580841064456,28.664580841064456
18.36,18.253107,0.10689292907714787,0.10689292907714787
21.26,19.228827,2.031173477172853,2.031173477172853
3.4,7.564259,-4.164259052276611,4.164259052276611
4.41,12.733757,-8.323757019042969,8.323757019042969
30.93,22.973963,7.956037216186523,7.956037216186523
2.5,6.5313883,-4.031388282775879,4.031388282775879
1.66,11.116359,-9.456358757019043,9.456358757019043
47.51,12.936474,34.57352615356445,34.57352615356445
21.87,11.127752,10.742247695922853,10.742247695922853
31.57,24.070366,7.4996340942382815,7.4996340942382815
9.52,9.772503,-0.2525028991699223,0.2525028991699223
6.29,13.030567,-6.740567169189453,6.740567169189453
41.67,21.243965,20.42603485107422,20.42603485107422
11.38,9.578605,1.8013953018188484,1.8013953018188484
4.22,7.1067376,-2.8867376136779788,2.8867376136779788
6.49,10.8848095,-4.3948094940185545,4.3948094940185545
4.52,7.8788195,-3.3588194656372075,3.3588194656372075
14.72,22.577145,-7.857144622802734,7.857144622802734
2.66,9.461503,-6.801503028869629,6.801503028869629
40.0,19.793196,20.206804275512695,20.206804275512695
24.64,20.265303,4.374697341918946,4.374697341918946
16.6,17.708567,-1.1085666656494126,1.1085666656494126
13.15,11.854443,1.2955574035644535,1.2955574035644535
18.34,21.799109,-3.4591085052490236,3.4591085052490236
7.3,17.822338,-10.522338104248046,10.522338104248046
4.45,23.993984,-19.54398422241211,19.54398422241211
21.33,18.082338,3.2476616668701155,3.2476616668701155
14.56,15.006456,-0.4464563751220698,0.4464563751220698
9.0,11.390297,-2.3902969360351562,2.3902969360351562
3.26,6.119726,-2.8597261810302737,2.8597261810302737
22.0,11.08485,10.915149688720703,10.915149688720703
8.3,8.68447,-0.38447017669677663,0.38447017669677663
16.96,9.442936,7.517064056396485,7.517064056396485
3.42,10.810929,-7.390929298400879,7.390929298400879
8.01,14.2197485,-6.209748497009278,6.209748497009278
26.03,19.748615,6.281384735107423,6.281384735107423
16.26,22.3176,-6.057600250244139,6.057600250244139
10.55,21.082508,-10.532508087158202,10.532508087158202
9.7,12.550336,-2.850335884094239,2.850335884094239
5.2,10.355322,-5.155321884155273,5.155321884155273
29.2,13.645828,15.554171752929687,15.554171752929687
1.16,16.581314,-15.421314086914062,15.421314086914062
14.34,27.794823,-13.454822692871094,13.454822692871094
26.74,20.140354,6.599645843505858,6.599645843505858
17.56,17.02911,0.5308900451660143,0.5308900451660143
5.58,7.7477746,-2.167774600982666,2.167774600982666
1.36,7.762033,-6.4020329856872555,6.4020329856872555
5.53,17.710747,-12.180746765136718,12.180746765136718
10.4,7.2074823,3.19251766204834,3.19251766204834
4.19,7.0823255,-2.892325458526611,2.892325458526611
8.14,12.497745,-4.357744560241699,4.357744560241699
2.83,8.967498,-6.1374978256225585,6.1374978256225585
42.06,9.113291,32.94670921325684,32.94670921325684
2.51,9.037105,-6.527104606628418,6.527104606628418
7.24,12.692712,-5.45271183013916,5.45271183013916
14.78,10.007432,4.7725680160522455,4.7725680160522455
4.0,6.667567,-2.6675667762756348,2.6675667762756348
5.54,9.335079,-3.7950791931152343,3.7950791931152343
4.32,10.056658,-5.736657791137695,5.736657791137695
21.76,17.042295,4.717704544067384,4.717704544067384
29.27,22.907639,6.362361450195312,6.362361450195312
18.6,12.11914,6.480860328674318,6.480860328674318
6.6,9.089932,-2.489932441711426,2.489932441711426
4.09,12.1701355,-8.080135498046875,8.080135498046875
3.91,11.767566,-7.857565727233887,7.857565727233887
31.18,22.490335,8.68966453552246,8.68966453552246
8.51,19.229542,-10.719541778564453,10.719541778564453
27.09,17.85275,9.237249221801758,9.237249221801758
3.5,15.04852,-11.5485200881958,11.5485200881958
50.3,27.21784,23.08215980529785,23.08215980529785
17.73,20.144289,-2.4142890167236324,2.4142890167236324
19.62,22.284966,-2.6649655151367178,2.6649655151367178
13.2,15.910689,-2.710689353942872,2.710689353942872
9.91,20.106483,-10.196483459472656,10.196483459472656
11.61,18.669342,-7.059342041015626,7.059342041015626
4.7,9.522811,-4.822810935974121,4.822810935974121
3.9,7.1259303,-3.2259303092956544,3.2259303092956544
16.78,11.19436,5.585640220642091,5.585640220642091
15.57,17.077301,-1.5073010253906247,1.5073010253906247
28.13,12.857049,15.272951011657714,15.272951011657714
3.89,15.933187,-12.043186531066894,12.043186531066894
28.66,30.500235,-1.8402346038818358,1.8402346038818358
12.2,8.653709,3.5462905883789055,3.5462905883789055
1.34,24.076935,-22.736934814453125,22.736934814453125
33.2,25.156586,8.043414306640628,8.043414306640628
1.65,17.82891,-16.17891082763672,16.17891082763672
25.62,16.770338,8.849661941528321,8.849661941528321
8.98,11.765539,-2.785539169311523,2.785539169311523
13.5,18.295969,-4.795969009399414,4.795969009399414
16.67,30.96735,-14.297350006103514,14.297350006103514
5.53,10.259641,-4.7296406936645505,4.7296406936645505
0.01,23.435549,-23.42554878234863,23.42554878234863
37.1,16.86565,20.23434982299805,20.23434982299805
32.09,11.883589,20.20641120910645,20.20641120910645
24.62,16.805769,7.814231033325196,7.814231033325196
18.2,22.221733,-4.0217330932617195,4.0217330932617195
2.55,10.264592,-7.714592170715332,7.714592170715332
17.0,13.639194,3.360806465148926,3.360806465148926
10.67,16.312428,-5.642427520751953,5.642427520751953
36.45,20.68147,15.768529129028323,15.768529129028323
12.3,20.70968,-8.409680557250976,8.409680557250976
15.98,13.15798,2.8220200347900395,2.8220200347900395
36.75,17.355968,19.394031524658203,19.394031524658203
10.53,18.729555,-8.199555130004883,8.199555130004883
0.45,15.017533,-14.56753330230713,14.56753330230713
5.24,10.093993,-4.853993186950683,4.853993186950683
11.59,11.563133,0.026866760253906108,0.026866760253906108
9.22,9.459362,-0.23936203002929624,0.23936203002929624
18.2,17.009804,1.190196228027343,1.190196228027343
40.7,29.304928,11.395072174072268,11.395072174072268
17.93,15.967426,1.9625736999511716,1.9625736999511716
18.44,16.053953,2.386046829223634,2.386046829223634
1.0,14.613957,-13.613957405090332,13.613957405090332
3.1,11.546658,-8.44665756225586,8.44665756225586
29.5,18.892342,10.607658386230469,10.607658386230469
22.56,14.648187,7.911813316345214,7.911813316345214
2.48,17.479355,-14.999354858398437,14.999354858398437
8.3,12.46335,-4.163350296020507,4.163350296020507
7.62,14.384837,-6.76483715057373,6.76483715057373
24.1,19.723331,4.376668548583986,4.376668548583986
51.91,34.435204,17.474796447753903,17.474796447753903
15.83,14.353758,1.4762421417236329,1.4762421417236329
44.14,26.023298,18.116701736450196,18.116701736450196
18.27,13.705052,4.5649476242065425,4.5649476242065425
24.95,27.51065,-2.5606506347656257,2.5606506347656257
34.42,27.337511,7.082488937377931,7.082488937377931
14.49,16.248646,-1.758645782470703,1.758645782470703
14.72,27.469233,-12.749232559204101,12.749232559204101
1.7,27.638792,-25.938792037963868,25.938792037963868
16.09,15.281116,0.8088844680786131,0.8088844680786131
46.0,19.135403,26.86459732055664,26.86459732055664
11.35,23.484512,-12.134512329101563,12.134512329101563
25.98,24.540615,1.439384918212891,1.439384918212891
0.03,27.849676,-27.819676132202147,27.819676132202147
31.45,15.96615,15.483849716186523,15.483849716186523
0.03,26.626833,-26.59683296203613,26.59683296203613
25.6,18.435936,7.164064025878908,7.164064025878908
20.81,26.50526,-5.695260467529298,5.695260467529298
8.93,13.481186,-4.551185913085938,4.551185913085938
13.21,15.717978,-2.50797752380371,2.50797752380371
5.95,18.280098,-12.330097961425782,12.330097961425782
26.3,17.350206,8.94979362487793,8.94979362487793
0.07,13.865431,-13.79543083190918,13.79543083190918
0.06,9.548331,-9.488331260681152,9.488331260681152
10.4,11.515698,-1.115698432922363,1.115698432922363
26.95,18.895767,8.054232788085937,8.054232788085937
13.37,17.579506,-4.209505920410157,4.209505920410157
12.17,16.420286,-4.250286178588867,4.250286178588867
28.39,27.585995,0.8040052795410162,0.8040052795410162
46.81,22.740665,24.069334564208987,24.069334564208987
15.33,14.041473,1.288526611328125,1.288526611328125
9.71,21.947834,-12.237834014892577,12.237834014892577
22.25,20.641293,1.6087074279785156,1.6087074279785156
29.63,20.854128,8.775872116088866,8.775872116088866
25.98,31.163244,-5.183244247436523,5.183244247436523
8.78,22.134884,-13.354883880615235,13.354883880615235
8.44,9.643533,-1.2035327529907232,1.2035327529907232
30.4,18.966984,11.433016204833983,11.433016204833983
12.01,21.26874,-9.258739700317383,9.258739700317383
18.02,19.114145,-1.0941452789306645,1.0941452789306645
24.35,28.70559,-4.355589294433592,4.355589294433592
20.12,19.676342,0.4436579895019541,0.4436579895019541
28.17,12.127859,16.042140884399416,16.042140884399416
0.13,26.682627,-26.552626724243165,26.552626724243165
6.1,16.21086,-10.110859298706055,10.110859298706055
46.28,25.548954,20.731045989990236,20.731045989990236
18.89,36.79197,-17.901969299316406,17.901969299316406
22.3,18.317526,3.9824741363525398,3.9824741363525398
25.82,17.295567,8.52443344116211,8.52443344116211
0.01,12.626394,-12.616394271850586,12.616394271850586
29.42,25.652473,3.7675265502929705,3.7675265502929705
5.9,11.149254,-5.249253845214843,5.249253845214843
14.9,17.087122,-2.187121963500976,2.187121963500976
7.64,11.687172,-4.047171936035157,4.047171936035157
6.22,17.857887,-11.637887268066407,11.637887268066407
6.29,22.883026,-16.593026123046876,16.593026123046876
31.85,19.55953,12.29046974182129,12.29046974182129
30.4,20.785444,9.614555740356444,9.614555740356444
25.05,9.507898,15.542101669311524,15.542101669311524
45.8,23.962124,21.837876129150388,21.837876129150388
41.65,21.897633,19.752367401123045,19.752367401123045
11.45,12.290719,-0.8407190322875984,0.8407190322875984
43.8,33.528477,10.271523284912107,10.271523284912107
18.35,23.90715,-5.557150268554686,5.557150268554686
0.2,25.154379,-24.95437889099121,24.95437889099121
9.52,18.121859,-8.601858596801758,8.601858596801758
18.9,24.000662,-5.100661849975587,5.100661849975587
11.8,12.692535,-0.8925354003906243,0.8925354003906243
53.72,34.110626,19.609373779296874,19.609373779296874
20.78,14.115107,6.6648934173584,6.6648934173584
50.93,34.978195,15.951804809570312,15.951804809570312
44.08,29.335836,14.744163589477537,14.744163589477537
15.17,17.724945,-2.554945068359375,2.554945068359375
35.2,33.864265,1.3357345581054716,1.3357345581054716
11.29,14.300684,-3.0106839752197274,3.0106839752197274
29.2,30.14825,-0.9482505798339851,0.9482505798339851
39.42,32.96034,6.459661407470705,6.459661407470705
47.53,21.454632,26.07536819458008,26.07536819458008
50.38,20.435038,29.944962387084963,29.944962387084963
52.42,38.5292,13.890798492431642,13.890798492431642
50.26,20.101234,30.15876556396484,30.15876556396484
4.98,10.758601,-5.7786011886596675,5.7786011886596675
22.59,24.332838,-1.7428380584716798,1.7428380584716798
3.33,10.716403,-7.386403007507324,7.386403007507324
0.09,24.967482,-24.87748161315918,24.87748161315918
1.15,24.280827,-23.130826568603517,23.130826568603517
20.36,19.035326,1.3246739959716791,1.3246739959716791
29.32,15.677098,13.642901725769043,13.642901725769043
18.31,25.755362,-7.445361557006837,7.445361557006837
68.43,32.005886,36.42411392211915,36.42411392211915
18.18,34.203506,-16.023506469726563,16.023506469726563
29.8,27.518688,2.281311798095704,2.281311798095704
5.43,35.858894,-30.42889434814453,30.42889434814453
2.39,19.415598,-17.025597915649413,17.025597915649413
41.16,28.418804,12.741195831298825,12.741195831298825
0.56,17.63624,-17.076240005493165,17.076240005493165
26.2,13.875436,12.324564170837402,12.324564170837402
14.0,26.31547,-12.315469741821289,12.315469741821289
18.7,35.985184,-17.285183715820313,17.285183715820313
34.19,26.638224,7.551776351928709,7.551776351928709
15.63,17.781218,-2.1512175750732414,2.1512175750732414
35.39,16.166842,19.223158493041993,19.223158493041993
28.7,15.642598,13.057401847839355,13.057401847839355
2.19,8.379106,-6.189105567932129,6.189105567932129
18.4,13.470078,4.929921531677245,4.929921531677245
58.0,21.403854,36.59614562988281,36.59614562988281
10.6,21.36702,-10.767019653320313,10.767019653320313
31.45,17.598957,13.851042938232421,13.851042938232421
27.73,24.925032,2.8049683380126957,2.8049683380126957
0.38,12.423437,-12.043437118530273,12.043437118530273
0.7,18.799385,-18.099385070800782,18.099385070800782
9.68,28.04206,-18.36206085205078,18.36206085205078
5.9,15.682732,-9.782731628417968,9.782731628417968
28.2,25.21918,2.9808208465576165,2.9808208465576165
14.38,14.084458,0.2955416488647469,0.2955416488647469
1.57,17.417877,-15.847877197265625,15.847877197265625
8.31,14.402471,-6.0924705886840815,6.0924705886840815
7.0,11.002796,-4.002796173095703,4.002796173095703
15.07,20.574678,-5.5046784210205075,5.5046784210205075
7.57,8.456686,-0.8866860198974607,0.8866860198974607
16.89,14.18584,2.704160346984864,2.704160346984864
8.05,31.638323,-23.588322830200195,23.588322830200195
6.81,21.618517,-14.808516921997072,14.808516921997072
7.0,7.8451266,-0.8451266288757324,0.8451266288757324
18.3,17.162174,1.137825775146485,1.137825775146485
31.91,32.287582,-0.37758239746093736,0.37758239746093736
22.96,17.18748,5.772519073486329,5.772519073486329
36.43,25.251812,11.178188018798828,11.178188018798828
16.86,16.936907,-0.07690681457519588,0.07690681457519588
27.46,30.312315,-2.8523149871826163,2.8523149871826163
38.96,21.33422,17.625779113769532,17.625779113769532
9.38,18.664087,-9.284087295532226,9.284087295532226
56.91,23.973648,32.936351928710934,32.936351928710934
47.04,31.929482,15.110518493652343,15.110518493652343
53.31,25.752024,27.557976303100588,27.557976303100588
7.25,21.665546,-14.415546417236328,14.415546417236328
10.5,11.983373,-1.483372688293457,1.483372688293457
7.95,15.74672,-7.796720314025879,7.796720314025879
1.3,11.002796,-9.702796173095702,9.702796173095702
2.01,7.7064943,-5.6964943313598635,5.6964943313598635
18.3,19.441507,-1.1415073394775384,1.1415073394775384
5.57,15.587458,-10.017457656860351,10.017457656860351
27.4,11.849775,15.550224685668944,15.550224685668944
2.2,8.48707,-6.287070083618164,6.287070083618164
31.15,20.264826,10.885174179077147,10.885174179077147
11.52,22.57244,-11.052439193725586,11.052439193725586
10.0,15.089676,-5.0896759033203125,5.0896759033203125
11.09,11.765982,-0.6759816741943361,0.6759816741943361
2.06,30.620823,-28.560822906494142,28.560822906494142
7.2,9.644783,-2.444783020019531,2.444783020019531
10.57,10.36291,0.20708972930908232,0.20708972930908232
7.35,12.294667,-4.94466724395752,4.94466724395752
62.97,16.683674,46.28632614135742,46.28632614135742
12.42,9.869346,2.5506543350219726,2.5506543350219726
11.55,20.409313,-8.859313201904296,8.859313201904296
7.36,11.595208,-4.235208168029785,4.235208168029785
5.0,10.062503,-5.062502861022949,5.062502861022949
15.25,16.09046,-0.8404598236083984,0.8404598236083984
15.69,17.50354,-1.8135400390625005,1.8135400390625005
10.44,12.797434,-2.3574338531494146,2.3574338531494146
11.08,11.603555,-0.5235547256469726,0.5235547256469726
23.42,9.053514,14.366486473083498,14.366486473083498
4.18,16.250381,-12.070381469726563,12.070381469726563
0.54,23.290684,-22.75068374633789,22.75068374633789
11.6,8.222761,3.377238845825195,3.377238845825195
56.87,32.605816,24.264184112548826,24.264184112548826
2.78,6.241724,-3.4617240142822268,3.4617240142822268
3.87,7.8010097,-3.931009654998779,3.931009654998779
19.64,15.6921215,3.947878494262696,3.947878494262696
9.03,10.30694,-1.2769400787353522,1.2769400787353522
20.77,18.335075,2.434924621582031,2.434924621582031
13.9,17.95883,-4.058829879760742,4.058829879760742
12.94,19.366152,-6.426151809692383,6.426151809692383
36.9,14.80195,22.098049545288085,22.098049545288085
20.76,18.416918,2.3430821990966813,2.3430821990966813
56.46,20.381807,36.07819267272949,36.07819267272949
3.7,9.340064,-5.64006404876709,5.64006404876709
13.37,15.637747,-2.2677468109130867,2.2677468109130867
7.83,10.240854,-2.410854263305664,2.410854263305664
0.48,15.90775,-15.427750129699707,15.427750129699707
11.89,11.428736,0.461264266967774,0.461264266967774
5.69,7.3928475,-1.7028475379943844,1.7028475379943844
2.27,6.119726,-3.8497261810302734,3.8497261810302734
35.98,22.809021,13.170979003906247,13.170979003906247
8.4,8.639386,-0.23938617706298793,0.23938617706298793
6.71,10.192392,-3.482392349243164,3.482392349243164
1.4,15.330133,-13.930133438110351,13.930133438110351
14.69,25.27095,-10.580950317382813,10.580950317382813
0.69,20.10942,-19.419420776367186,19.419420776367186
18.52,17.988796,0.5312037658691402,0.5312037658691402
10.18,17.160572,-6.980572052001953,6.980572052001953
14.14,21.195047,-7.0550473785400385,7.0550473785400385
7.6,9.068724,-1.4687236785888675,1.4687236785888675
13.2,11.577449,1.6225511550903313,1.6225511550903313
11.28,8.25746,3.0225403594970697,3.0225403594970697
9.2,8.123532,1.0764677047729485,1.0764677047729485
20.61,12.163138,8.446861610412597,8.446861610412597
8.59,9.3459835,-0.7559835052490236,0.7559835052490236
1.75,11.887438,-10.13743782043457,10.13743782043457
6.68,25.478893,-18.798893280029297,18.798893280029297
24.08,19.01589,5.064109878540037,5.064109878540037
21.5,11.584824,9.915176391601562,9.915176391601562
10.39,16.740322,-6.350322113037109,6.350322113037109
9.8,8.951343,0.848657417297364,0.848657417297364
24.79,25.452433,-0.6624326324462899,0.6624326324462899
8.95,16.089659,-7.139658737182618,7.139658737182618
1.89,10.151646,-8.26164566040039,8.26164566040039
6.1,8.613337,-2.513336563110352,2.513336563110352
6.0,8.384859,-2.384859085083008,2.384859085083008
9.9,11.1199665,-1.2199665069580075,1.2199665069580075
3.78,6.2140546,-2.434054584503174,2.434054584503174
3.36,13.385951,-10.025951042175294,10.025951042175294
27.82,11.503188,16.316811866760254,16.316811866760254
4.45,6.160334,-1.7103341102600096,1.7103341102600096
6.1,9.696438,-3.5964378356933597,3.5964378356933597
0.1,9.17907,-9.079070472717286,9.079070472717286
21.36,23.83036,-2.470360412597657,2.470360412597657
11.2,8.062599,3.137400817871093,3.137400817871093
17.39,22.8843,-5.494300231933593,5.494300231933593
8.07,10.347988,-2.277988128662109,2.277988128662109
13.15,10.452626,2.697373771667481,2.697373771667481
2.4,9.129147,-6.729146575927734,6.729146575927734
7.8,16.27272,-8.472720336914062,8.472720336914062
6.12,10.828848,-4.708847885131836,4.708847885131836
10.07,15.3671875,-5.2971875,5.2971875
3.39,6.4980316,-3.1080316162109374,3.1080316162109374
13.3,14.144224,-0.8442241668701165,0.8442241668701165
38.43,17.589539,20.84046142578125,20.84046142578125
9.32,24.731548,-15.411548309326172,15.411548309326172
11.27,17.248861,-5.978861312866211,5.978861312866211
16.41,11.251971,5.158028755187988,5.158028755187988
40.0,16.851067,23.14893341064453,23.14893341064453
3.1,23.801733,-20.701733016967772,20.701733016967772
22.55,20.51906,2.0309398651123054,2.0309398651123054
6.0,7.0980883,-1.098088264465332,1.098088264465332
22.87,11.046252,11.823747749328614,11.823747749328614
51.45,19.558416,31.891583633422854,31.891583633422854
5.0,15.1358595,-10.135859489440918,10.135859489440918
10.59,26.051607,-15.461607131958008,15.461607131958008
30.24,22.139465,8.100534667968748,8.100534667968748
60.2,12.734749,47.46525115966797,47.46525115966797
16.7,13.758046,2.9419538497924798,2.9419538497924798
0.47,19.600225,-19.1302254486084,19.1302254486084
16.9,13.048199,3.8518013000488267,3.8518013000488267
23.77,12.885524,10.884476203918457,10.884476203918457
7.73,12.757954,-5.027953643798828,5.027953643798828
13.12,19.162735,-6.042734985351563,6.042734985351563
12.42,13.69941,-1.2794104385375977,1.2794104385375977
22.57,21.448212,1.1217883300781253,1.1217883300781253
21.15,20.341293,0.8087066650390611,0.8087066650390611
4.7,12.257417,-7.557416725158691,7.557416725158691
3.1,10.176836,-7.076836013793946,7.076836013793946
18.1,22.329042,-4.229042434692381,4.229042434692381
3.0,29.232698,-26.232698440551758,26.232698440551758
12.11,10.08732,2.0226796722412104,2.0226796722412104
44.39,16.451307,27.93869270324707,27.93869270324707
24.51,13.308611,11.201389083862306,11.201389083862306
13.17,15.504446,-2.334446029663086,2.334446029663086
11.2,19.385397,-8.185396957397462,8.185396957397462
4.3,31.050282,-26.750281524658202,26.750281524658202
3.66,9.587233,-5.9272325897216795,5.9272325897216795
23.82,25.07813,-1.2581307220458982,1.2581307220458982
3.98,15.144556,-11.164556045532226,11.164556045532226
3.49,10.351423,-6.8614232635498045,6.8614232635498045
15.38,24.87431,-9.494309539794921,9.494309539794921
69.11,46.603672,22.50632797241211,22.50632797241211
29.71,14.308553,15.401447257995606,15.401447257995606
37.5,20.536104,16.963895797729492,16.963895797729492
60.08,30.69356,29.386440353393553,29.386440353393553
10.3,19.364298,-9.064297866821288,9.064297866821288
42.99,17.850016,25.139984359741213,25.139984359741213
11.72,25.462313,-13.742312698364257,13.742312698364257
37.81,27.072556,10.737444458007815,10.737444458007815
10.38,22.455366,-12.075366134643554,12.075366134643554
57.58,23.586395,33.99360473632812,33.99360473632812
26.2,27.045744,-0.8457439422607429,0.8457439422607429
30.13,28.353107,1.7768925476074209,1.7768925476074209
9.8,10.295548,-0.4955484390258782,0.4955484390258782
11.39,15.713716,-4.323715553283691,4.323715553283691
44.5,17.505354,26.994646072387695,26.994646072387695
28.4,19.1797,9.220299148559569,9.220299148559569
35.93,30.931908,4.998092346191406,4.998092346191406
12.6,30.564592,-17.964592361450194,17.964592361450194
61.78,55.33738,6.442620544433595,6.442620544433595
12.63,10.837517,1.792483215332032,1.792483215332032
8.36,13.802295,-5.442294731140137,5.442294731140137
18.2,20.321032,-2.121031570434571,2.121031570434571
21.15,20.592154,0.5578464508056626,0.5578464508056626
26.18,21.186132,4.993867568969726,4.993867568969726
22.52,15.991054,6.528946418762207,6.528946418762207
25.0,23.453787,1.546213150024414,1.546213150024414
16.44,20.172739,-3.732739028930663,3.732739028930663
53.07,32.02866,21.04134017944336,21.04134017944336
72.33,11.280258,61.04974182128906,61.04974182128906
49.01,27.349077,21.660922775268553,21.660922775268553
1.96,19.039701,-17.07970146179199,17.07970146179199
19.9,20.308657,-0.40865669250488423,0.40865669250488423
11.89,22.145117,-10.255116806030273,10.255116806030273
20.81,16.869864,3.940136489868163,3.940136489868163
52.77,38.992043,13.777957458496097,13.777957458496097
30.39,20.345621,10.044378890991212,10.044378890991212
39.51,39.01273,0.4972703552246074,0.4972703552246074
23.37,27.59321,-4.223210220336913,4.223210220336913
7.24,21.873713,-14.633712539672851,14.633712539672851
8.03,19.002659,-10.972658843994141,10.972658843994141
22.13,20.765116,1.36488426208496,1.36488426208496
19.56,20.29284,-0.73283905029297,0.73283905029297
51.2,21.378029,29.821971130371097,29.821971130371097
17.37,21.50957,-4.139569168090819,4.139569168090819
14.1,25.879917,-11.779917144775391,11.779917144775391
2.02,35.665756,-33.645756225585934,33.645756225585934
3.5,13.871831,-10.371830940246582,10.371830940246582
17.98,21.16676,-3.1867594909667964,3.1867594909667964
50.56,32.112377,18.447622833251955,18.447622833251955
12.26,20.877924,-8.617923965454102,8.617923965454102
22.97,22.613882,0.3561179351806629,0.3561179351806629
11.4,26.999493,-15.599492645263672,15.599492645263672
55.61,24.323278,31.286721572875976,31.286721572875976
40.19,29.36144,10.828559341430662,10.828559341430662
0.7,14.75645,-14.056449699401856,14.056449699401856
45.12,28.635479,16.484521026611326,16.484521026611326
62.18,35.546413,26.63358657836914,26.63358657836914
5.42,20.539762,-15.119762496948242,15.119762496948242
0.23,38.010082,-37.78008224487305,37.78008224487305
52.68,36.01443,16.66556900024414,16.66556900024414
3.46,14.943371,-11.483370819091796,11.483370819091796
23.42,21.47215,1.947849197387697,1.947849197387697
20.8,14.140764,6.659235763549805,6.659235763549805
9.98,14.318831,-4.338831443786621,4.338831443786621
34.82,12.937153,21.882847137451172,21.882847137451172
9.9,14.533676,-4.633676147460937,4.633676147460937
18.7,25.378365,-6.678364562988282,6.678364562988282
3.8,16.05,-12.249999237060546,12.249999237060546
9.2,9.144427,0.05557270050048757,0.05557270050048757
24.8,15.109773,9.69022731781006,9.69022731781006
8.45,14.084458,-5.634458351135255,5.634458351135255
6.91,14.548801,-7.6388014221191405,7.6388014221191405
6.3,30.789179,-24.4891788482666,24.4891788482666
23.72,12.826754,10.893246383666991,10.893246383666991
4.9,12.586235,-7.686235046386718,7.686235046386718
11.6,12.475605,-0.8756050109863285,0.8756050109863285
17.1,12.809712,4.290287590026857,4.290287590026857
11.26,19.51356,-8.253559341430664,8.253559341430664
20.46,18.798204,1.6617955780029305,1.6617955780029305
38.27,31.721352,6.548648376464847,6.548648376464847
4.4,13.084595,-8.6845947265625,8.6845947265625
19.53,19.122637,0.4073632049560558,0.4073632049560558
53.38,14.033437,39.34656322479248,39.34656322479248
7.67,11.480245,-3.8102446365356446,3.8102446365356446
11.19,16.939034,-5.749033508300782,5.749033508300782
23.8,22.364737,1.4352634429931648,1.4352634429931648
25.99,21.608934,4.381065597534178,4.381065597534178
12.69,19.09642,-6.406420288085938,6.406420288085938
22.63,21.250504,1.3794964599609365,1.3794964599609365
22.19,16.524557,5.66544288635254,5.66544288635254
7.67,9.070694,-1.4006939697265626,1.4006939697265626
2.4,11.420635,-9.020635223388672,9.020635223388672
10.0,10.675326,-0.6753263473510742,0.6753263473510742
12.01,10.506367,1.5036332702636717,1.5036332702636717
27.34,15.494655,11.845345344543457,11.845345344543457
2.22,14.5346,-12.314600257873535,12.314600257873535
0.2,11.86863,-11.668630409240723,11.668630409240723
1.0,8.421292,-7.421292304992676,7.421292304992676
30.36,20.270723,10.089276657104492,10.089276657104492
23.62,12.761561,10.858438606262208,10.858438606262208
8.14,13.728616,-5.588615760803222,5.588615760803222
12.65,10.457393,2.1926073074340824,2.1926073074340824
11.32,13.907202,-2.587201766967773,2.587201766967773
15.49,30.002157,-14.51215721130371,14.51215721130371
24.1,14.429936,9.67006359100342,9.67006359100342
4.9,12.358089,-7.458089447021484,7.458089447021484
28.28,20.542786,7.737214355468751,7.737214355468751
7.1,9.317443,-2.217442893981934,2.217442893981934
3.08,9.461503,-6.381503028869629,6.381503028869629
15.3,14.298531,1.0014694213867195,1.0014694213867195
6.6,11.305019,-4.70501937866211,4.70501937866211
4.89,11.674251,-6.784250602722168,6.784250602722168
22.49,15.853813,6.63618682861328,6.63618682861328
6.13,19.337936,-13.207936401367188,13.207936401367188
3.15,17.818243,-14.668243026733398,14.668243026733398
0.38,8.032733,-7.652732963562012,7.652732963562012
24.09,12.906339,11.183661308288574,11.183661308288574
1.9,11.648013,-9.748013114929199,9.748013114929199
1.58,6.6422744,-5.0622743797302245,5.0622743797302245
9.19,10.678657,-1.4886565780639653,1.4886565780639653
2.31,9.84532,-7.535319747924804,7.535319747924804
4.14,6.241724,-2.101724014282227,2.101724014282227
1.8,12.57744,-10.77744026184082,10.77744026184082
6.54,22.95343,-16.41343017578125,16.41343017578125
30.55,18.235352,12.3146484375,12.3146484375
22.28,9.17907,13.100929527282716,13.100929527282716
16.42,12.640356,3.7796439361572283,3.7796439361572283
34.72,21.500835,13.219164581298827,13.219164581298827
18.2,13.387784,4.8122159957885735,4.8122159957885735
30.79,34.596283,-3.806282958984376,3.806282958984376
13.19,15.845181,-2.6551814651489263,2.6551814651489263
10.19,9.534799,0.6552013778686518,0.6552013778686518
23.99,26.874247,-2.8842465972900406,2.8842465972900406
7.29,6.119726,1.1702738189697266,1.1702738189697266
8.85,8.934929,-0.0849288940429691,0.0849288940429691
27.81,23.242783,4.567217407226561,4.567217407226561
2.53,15.443541,-12.913540573120118,12.913540573120118
8.16,9.427702,-1.267701950073242,1.267701950073242
0.05,9.84196,-9.791959953308105,9.791959953308105
7.89,6.119726,1.7702738189697262,1.7702738189697262
2.37,13.657485,-11.287485008239745,11.287485008239745
15.08,11.635743,3.4442568588256837,3.4442568588256837
12.95,9.675029,3.274971199035644,3.274971199035644
10.75,16.738,-5.988000869750977,5.988000869750977
10.7,17.748135,-7.04813461303711,7.04813461303711
2.83,6.119726,-3.2897261810302734,3.2897261810302734
12.42,8.892037,3.5279626083374023,3.5279626083374023
17.23,21.584686,-4.354686279296875,4.354686279296875
32.7,12.897693,19.802307319641116,19.802307319641116
22.1,19.622957,2.4770427703857436,2.4770427703857436
7.14,9.080293,-1.9402927017211917,1.9402927017211917
21.46,11.465421,9.994579277038575,9.994579277038575
22.5,15.843674,6.6563262939453125,6.6563262939453125
39.28,21.325867,17.95413330078125,17.95413330078125
10.18,17.546396,-7.366396255493164,7.366396255493164
20.33,19.63643,0.693569259643553,0.693569259643553
2.0,17.091314,-15.091314315795898,15.091314315795898
15.62,14.63777,0.9822303009033195,0.9822303009033195
26.31,25.39153,0.9184709167480456,0.9184709167480456
6.46,6.3360524,0.12394758224487301,0.12394758224487301
18.29,14.432037,3.857962646484374,3.857962646484374
15.18,20.650583,-5.470583267211914,5.470583267211914
13.39,9.959786,3.430213584899903,3.430213584899903
47.67,27.22605,20.44395057678223,20.44395057678223
38.11,16.600616,21.509383544921874,21.509383544921874
78.6,21.234095,57.36590538024902,57.36590538024902
13.05,18.555721,-5.505721282958984,5.505721282958984
24.05,13.605581,10.444418716430665,10.444418716430665
11.7,11.581589,0.11841125488281179,0.11841125488281179
20.82,17.748331,3.071668930053711,3.071668930053711
5.9,10.160182,-4.260181999206543,4.260181999206543
20.66,15.401118,5.258881721496582,5.258881721496582
11.16,6.147568,5.012431774139404,5.012431774139404
7.15,11.399264,-4.249264335632324,4.249264335632324
44.35,31.148067,13.201932525634767,13.201932525634767
16.85,12.222671,4.627329444885255,4.627329444885255
7.12,18.089169,-10.969168548583983,10.969168548583983
6.6,17.151802,-10.551802062988282,10.551802062988282
10.4,14.224546,-3.824546432495117,3.824546432495117
8.67,18.021152,-9.35115249633789,9.35115249633789
8.9,11.323285,-2.423285102844238,2.423285102844238
1.25,11.513489,-10.26348876953125,10.26348876953125
5.0,11.174811,-6.174811363220215,6.174811363220215
9.8,10.975095,-1.17509479522705,1.17509479522705
21.19,15.618877,5.571122589111329,5.571122589111329
15.19,19.846268,-4.656267700195313,4.656267700195313
8.76,12.218595,-3.458594551086426,3.458594551086426
4.4,8.632555,-4.23255500793457,4.23255500793457
8.31,11.821465,-3.5114645385742183,3.5114645385742183
24.1,18.233814,5.866185760498048,5.866185760498048
6.22,14.034834,-7.814833908081055,7.814833908081055
13.64,15.3286705,-1.6886705017089838,1.6886705017089838
13.03,20.446123,-7.416123123168946,7.416123123168946
4.4,20.91567,-16.515670394897462,16.515670394897462
17.57,17.156109,0.4138911437988284,0.4138911437988284
1.58,8.71288,-7.1328801345825195,7.1328801345825195
4.39,8.354046,-3.964045867919922,3.964045867919922
18.37,11.880903,6.489096755981446,6.489096755981446
8.76,13.780359,-5.020359268188477,5.020359268188477
15.23,10.361158,4.868841629028321,4.868841629028321
50.53,24.30083,26.229169158935548,26.229169158935548
27.24,13.683702,13.556297531127928,13.556297531127928
7.66,16.41545,-8.755449142456055,8.755449142456055
17.17,15.258518,1.911481781005861,1.911481781005861
0.31,12.472938,-12.16293758392334,12.16293758392334
5.2,12.358486,-7.158486175537109,7.158486175537109
32.11,13.895567,18.214433059692382,18.214433059692382
24.1,10.188758,13.911242103576662,13.911242103576662
5.97,7.653983,-1.6839831161499026,1.6839831161499026
4.01,11.159497,-7.1494972610473635,7.1494972610473635
13.4,28.31943,-14.919429397583007,14.919429397583007
52.75,24.426466,28.32353401184082,28.32353401184082
8.26,20.530539,-12.270538558959961,12.270538558959961
11.5,9.44768,2.0523195266723633,2.0523195266723633
4.4,14.484829,-10.084828948974609,10.084828948974609
17.56,15.331055,2.2289453124999987,2.2289453124999987
39.8,14.518399,25.28160076141357,25.28160076141357
5.12,13.567697,-8.447696571350097,8.447696571350097
10.0,34.37895,-24.378948211669922,24.378948211669922
29.84,25.234257,4.605743255615234,4.605743255615234
7.31,13.508913,-6.198913040161133,6.198913040161133
6.67,26.108149,-19.4381485748291,19.4381485748291
12.98,17.575481,-4.5954814147949214,4.5954814147949214
2.57,25.410534,-22.840533905029297,22.840533905029297
5.69,9.975264,-4.285263595581054,4.285263595581054
9.24,13.307009,-4.067008743286133,4.067008743286133
36.72,17.985924,18.734076232910155,18.734076232910155
24.09,16.244667,7.845332946777344,7.845332946777344
7.45,22.404852,-14.95485191345215,14.95485191345215
41.35,20.375275,20.974725341796876,20.974725341796876
9.64,17.23815,-7.598149642944335,7.598149642944335
11.1,17.82185,-6.721849822998047,6.721849822998047
8.59,9.31506,-0.7250596618652345,0.7250596618652345
2.01,11.831107,-9.821107139587403,9.821107139587403
24.09,12.937181,11.15281852722168,11.15281852722168
4.01,13.929909,-9.919908752441406,9.919908752441406
27.85,24.021635,3.8283649444580092,3.8283649444580092
23.01,22.599579,0.41042114257812656,0.41042114257812656
14.88,15.763207,-0.8832074356079094,0.8832074356079094
8.1,15.436668,-7.336668395996094,7.336668395996094
8.7,20.574905,-11.874905395507813,11.874905395507813
8.7,20.225706,-11.525706100463868,11.525706100463868
24.09,20.266588,3.8234117889404295,3.8234117889404295
21.84,28.542757,-6.702757034301758,6.702757034301758
31.82,16.535324,15.284675903320313,15.284675903320313
51.71,13.156214,38.553786239624024,38.553786239624024
0.03,13.727786,-13.69778606414795,13.69778606414795
3.54,13.874667,-10.334667167663575,10.334667167663575
37.3,19.625647,17.674353408813474,17.674353408813474
13.21,15.5351305,-2.325130500793456,2.325130500793456
30.53,24.200565,6.3294346618652355,6.3294346618652355
10.1,10.332466,-0.2324661254882816,0.2324661254882816
36.68,20.505445,16.17455451965332,16.17455451965332
0.76,9.565952,-8.80595230102539,8.80595230102539
24.22,14.923746,9.29625389099121,9.29625389099121
12.11,17.746664,-5.6366640472412115,5.6366640472412115
30.47,28.424942,2.0450579833984364,2.0450579833984364
31.57,21.900507,9.669493026733399,9.669493026733399
49.32,27.735659,21.584341354370117,21.584341354370117
9.16,15.770657,-6.610656585693359,6.610656585693359
0.7,14.111588,-13.411587524414063,13.411587524414063
46.24,32.22076,14.019239654541018,14.019239654541018
10.34,22.073725,-11.733724746704102,11.733724746704102
1.15,23.870514,-22.720513916015626,22.720513916015626
58.6,32.52548,26.074521636962892,26.074521636962892
4.91,29.11453,-24.204530563354492,24.204530563354492
52.51,23.243395,29.266605148315428,29.266605148315428
18.92,16.962212,1.957788391113283,1.957788391113283
58.9,23.962141,34.937858963012694,34.937858963012694
4.59,12.718919,-8.128918800354004,8.128918800354004
8.96,21.291895,-12.331894912719726,12.331894912719726
12.35,16.759785,-4.4097846984863285,4.4097846984863285
21.95,20.21689,1.7331096649169915,1.7331096649169915
35.6,33.45293,2.1470695495605483,2.1470695495605483
0.06,32.196777,-32.13677734375,32.13677734375
31.89,20.353943,11.53605712890625,11.53605712890625
18.9,25.291685,-6.391685104370119,6.391685104370119
14.05,29.109818,-15.059817504882812,15.059817504882812
14.72,19.327333,-4.607333450317382,4.607333450317382
15.62,19.962286,-4.342285995483399,4.342285995483399
54.13,36.237614,17.892386322021487,17.892386322021487
8.02,10.605665,-2.58566520690918,2.58566520690918
20.34,22.035126,-1.6951257324218751,1.6951257324218751
3.0,10.910198,-7.910198211669922,7.910198211669922
7.9,22.24339,-14.343389129638672,14.343389129638672
30.6,37.202114,-6.602114105224608,6.602114105224608
29.34,22.328018,7.011981811523437,7.011981811523437
20.38,16.65389,3.726109390258788,3.726109390258788
3.79,19.901848,-16.11184783935547,16.11184783935547
7.04,15.960832,-8.92083164215088,8.92083164215088
12.3,35.13577,-22.83576889038086,22.83576889038086
21.47,24.47006,-3.0000603485107433,3.0000603485107433
35.47,23.33834,12.131659240722655,12.131659240722655
53.7,32.569683,21.13031692504883,21.13031692504883
45.9,28.758604,17.14139595031738,17.14139595031738
3.83,21.996157,-18.166156692504885,18.166156692504885
8.5,19.849209,-11.34920883178711,11.34920883178711
28.2,19.54202,8.657979202270507,8.657979202270507
28.24,20.691027,7.548973312377928,7.548973312377928
5.7,27.939653,-22.239653396606446,22.239653396606446
10.0,13.602795,-3.602794647216797,3.602794647216797
31.97,15.713932,16.256067962646483,16.256067962646483
22.31,32.273666,-9.963666381835939,9.963666381835939
18.8,15.340509,3.459490585327149,3.459490585327149
2.76,11.7461195,-8.986119499206543,8.986119499206543
20.36,27.166994,-6.806994094848633,6.806994094848633
49.33,20.242714,29.087286071777342,29.087286071777342
0.06,22.334387,-22.274386825561525,22.274386825561525
0.07,20.75816,-20.68815963745117,20.68815963745117
19.84,19.121067,0.7189329528808592,0.7189329528808592
31.11,34.211555,-3.101555480957032,3.101555480957032
4.08,9.308229,-5.228229446411133,5.228229446411133
0.13,19.512852,-19.38285171508789,19.38285171508789
9.76,16.594555,-6.834554901123047,6.834554901123047
18.63,18.744661,-0.11466133117675881,0.11466133117675881
6.8,17.899649,-11.099648666381835,11.099648666381835
15.94,15.257509,0.6824907684326167,0.6824907684326167
10.61,13.644234,-3.034233703613282,3.034233703613282
12.66,13.969321,-1.3093212509155272,1.3093212509155272
6.8,12.010772,-5.210771751403809,5.210771751403809
17.54,19.142822,-1.6028222656250009,1.6028222656250009
5.99,16.410383,-10.420383224487304,10.420383224487304
10.28,20.071247,-9.791247100830079,9.791247100830079
7.63,21.590612,-13.960612411499024,13.960612411499024
23.82,16.95531,6.864689178466797,6.864689178466797
8.47,14.853436,-6.383436470031738,6.383436470031738
12.8,13.336925,-0.5369245529174798,0.5369245529174798
40.13,18.556671,21.573328857421878,21.573328857421878
9.63,17.89802,-8.268019790649413,8.268019790649413
4.28,15.137116,-10.85711643218994,10.85711643218994
13.43,14.204979,-0.774978942871094,0.774978942871094
16.1,12.881061,3.2189393997192397,3.2189393997192397
26.51,17.077429,9.432571182250978,9.432571182250978
47.19,35.954514,11.23548645019531,11.23548645019531
10.76,17.171177,-6.411176910400391,6.411176910400391
2.18,7.14515,-4.965150184631348,4.965150184631348
6.59,12.641104,-6.051103744506836,6.051103744506836
20.01,15.171015,4.8389852142334,4.8389852142334
4.45,13.058549,-8.60854892730713,8.60854892730713
33.92,17.29879,16.621210021972658,16.621210021972658
6.06,18.436497,-12.376496734619142,12.376496734619142
13.48,20.56519,-7.085189361572265,7.085189361572265
41.58,16.20392,25.376079635620115,25.376079635620115
6.51,9.566814,-3.056814422607422,3.056814422607422
12.45,10.223731,2.2262689590454094,2.2262689590454094
26.45,17.313314,9.136685562133788,9.136685562133788
8.29,10.701625,-2.411624870300294,2.411624870300294
25.18,15.286249,9.893750839233398,9.893750839233398
7.66,15.00906,-7.349059906005859,7.349059906005859
5.08,17.198309,-12.118308944702148,12.118308944702148
5.51,6.9604077,-1.4504077339172365,1.4504077339172365
3.68,11.556463,-7.876463241577149,7.876463241577149
4.61,7.145131,-2.535131111145019,2.535131111145019
11.79,30.51247,-18.72247024536133,18.72247024536133
44.76,24.167164,20.592836151123045,20.592836151123045
44.13,13.449728,30.68027198791504,30.68027198791504
27.84,13.545027,14.294973220825195,14.294973220825195
13.52,12.926246,0.5937543106079097,0.5937543106079097
14.45,14.995673,-0.5456731796264656,0.5456731796264656
8.4,11.313581,-2.9135814666748043,2.9135814666748043
5.98,8.723131,-2.74313117980957,2.74313117980957
9.24,10.680437,-1.440437088012695,1.440437088012695
11.1,9.139062,1.9609380722045895,1.9609380722045895
13.6,16.399925,-2.799925231933594,2.799925231933594
26.49,12.852179,13.6378214263916,13.6378214263916
1.6,11.508609,-9.9086088180542,9.9086088180542
38.4,10.072145,28.327854537963866,28.327854537963866
36.46,17.527311,18.93268867492676,18.93268867492676
20.95,18.4447,2.505299758911132,2.505299758911132
8.48,16.098757,-7.618756790161132,7.618756790161132
11.01,14.31085,-3.3008501434326174,3.3008501434326174
3.08,8.999751,-5.919751091003418,5.919751091003418
2.5,10.597658,-8.097658157348633,8.097658157348633
27.7,15.744313,11.95568675994873,11.95568675994873
10.81,8.028963,2.7810369110107427,2.7810369110107427
23.25,17.2763,5.973699569702148,5.973699569702148
24.94,18.63777,6.302230300903322,6.302230300903322
16.22,29.695232,-13.475232391357423,13.475232391357423
0.19,11.18284,-10.99284034729004,10.99284034729004
11.58,13.429197,-1.8491973114013671,1.8491973114013671
26.43,11.48974,14.940259628295898,14.940259628295898
0.03,9.80993,-9.779929847717286,9.779929847717286
4.06,6.15694,-2.0969399833679203,2.0969399833679203
16.93,14.077555,2.8524452972412107,2.8524452972412107
7.61,25.451025,-17.841025009155274,17.841025009155274
8.8,16.291246,-7.49124641418457,7.49124641418457
0.64,9.69702,-9.057019577026367,9.057019577026367
9.48,21.158567,-11.678567428588867,11.678567428588867
1.53,8.999751,-7.469751091003418,7.469751091003418
45.43,27.838114,17.59188621520996,17.59188621520996
22.06,18.9905,3.069500503540038,3.069500503540038
17.8,16.61194,1.188059616088868,1.188059616088868
21.95,14.60798,7.342020225524902,7.342020225524902
5.2,11.35026,-6.150259780883789,6.150259780883789
6.69,16.861273,-10.171272811889647,10.171272811889647
14.15,16.761816,-2.611816024780273,2.611816024780273
31.32,18.34172,12.978279418945313,12.978279418945313
1.21,8.999751,-7.789751091003418,7.789751091003418
2.9,9.779107,-6.879107093811035,6.879107093811035
10.95,11.914863,-0.9648626327514656,0.9648626327514656
18.4,30.059143,-11.659143066406251,11.659143066406251
60.6,18.374933,42.22506675720215,42.22506675720215
24.05,7.9316983,16.118301677703858,16.118301677703858
13.08,7.4172597,5.662740306854248,5.662740306854248
24.69,16.341694,8.348306121826173,8.348306121826173
6.88,8.9966135,-2.1166135025024415,2.1166135025024415
3.72,15.90595,-12.185949592590331,12.185949592590331
9.89,10.937607,-1.047606811523437,1.047606811523437
2.42,8.925001,-6.50500114440918,6.50500114440918
8.09,14.91479,-6.824790153503418,6.824790153503418
5.83,6.119726,-0.28972618103027337,0.28972618103027337
14.86,15.822196,-0.9621960067749029,0.9621960067749029
11.0,10.703059,0.29694080352783203,0.29694080352783203
8.28,10.332395,-2.0523945999145514,2.0523945999145514
24.1,10.810621,13.289378738403322,13.289378738403322
27.18,21.27067,5.909330062866211,5.909330062866211
11.2,10.193531,1.0064689636230462,1.0064689636230462
9.51,16.822138,-7.312137832641602,7.312137832641602
10.8,7.776914,3.0230858802795417,3.0230858802795417
36.95,11.113639,25.83636112213135,25.83636112213135
10.7,14.683559,-3.98355941772461,3.98355941772461
22.28,21.915392,0.3646080780029308,0.3646080780029308
5.83,6.9505706,-1.1205705833435058,1.1205705833435058
25.29,15.233832,10.056167640686034,10.056167640686034
33.25,19.126705,14.123294830322266,14.123294830322266
2.82,11.773808,-8.953807525634765,8.953807525634765
54.4,10.550411,43.849588775634764,43.849588775634764
29.61,18.40467,11.205329284667968,11.205329284667968
19.08,16.846926,2.2330742645263655,2.2330742645263655
9.64,17.050999,-7.41099868774414,7.41099868774414
7.1,11.485401,-4.3854011535644535,4.3854011535644535
5.56,7.5761414,-2.0161413574218754,2.0161413574218754
15.96,14.08924,1.870759925842286,1.870759925842286
14.66,11.275664,3.3843356704711915,3.3843356704711915
0.23,22.970211,-22.740211029052734,22.740211029052734
23.5,21.837107,1.662893295288086,1.662893295288086
60.6,12.581973,48.0180269241333,48.0180269241333
6.08,8.848172,-2.7681721878051757,2.7681721878051757
17.11,21.429625,-4.319624557495118,4.319624557495118
13.2,23.209545,-10.009545135498048,10.009545135498048
30.9,18.613894,12.286106491088866,12.286106491088866
10.62,27.315008,-16.69500816345215,16.69500816345215
7.11,14.439841,-7.329841270446777,7.329841270446777
4.57,7.4107394,-2.840739421844482,2.840739421844482
47.3,21.070549,26.22945098876953,26.22945098876953
2.6,11.73158,-9.131579780578614,9.131579780578614
2.88,8.180905,-5.300905342102051,5.300905342102051
43.96,17.602005,26.35799499511719,26.35799499511719
3.68,16.288404,-12.60840446472168,12.60840446472168
0.04,14.686581,-14.646580657958985,14.646580657958985
31.91,20.970346,10.939653549194336,10.939653549194336
14.67,18.311235,-3.6412354278564454,3.6412354278564454
8.5,12.764314,-4.264313697814941,4.264313697814941
6.35,14.704518,-8.35451831817627,8.35451831817627
4.6,27.475313,-22.875313186645506,22.875313186645506
4.43,28.432554,-24.002554244995117,24.002554244995117
18.07,16.690655,1.3793452453613284,1.3793452453613284
1.64,13.462602,-11.822601661682128,11.822601661682128
15.71,15.387071,0.32292934417724695,0.32292934417724695
0.82,18.164448,-17.344447784423828,17.344447784423828
29.0,18.785662,10.214338302612305,10.214338302612305
20.39,19.065098,1.32490219116211,1.32490219116211
2.99,15.185908,-12.195908317565918,12.195908317565918
12.1,17.744312,-5.6443122863769535,5.6443122863769535
32.7,24.559917,8.140082550048831,8.140082550048831
0.05,10.916831,-10.866831016540527,10.866831016540527
30.57,25.333656,5.236343688964844,5.236343688964844
21.93,10.417086,11.512914352416992,11.512914352416992
30.9,17.170145,13.72985496520996,13.72985496520996
16.82,14.731737,2.08826286315918,2.08826286315918
8.1,10.753414,-2.6534141540527347,2.6534141540527347
9.6,12.537005,-2.937005424499512,2.937005424499512
10.97,9.604564,1.3654362869262702,1.3654362869262702
41.08,34.845406,6.234594421386717,6.234594421386717
0.32,10.71325,-10.393250160217285,10.393250160217285
22.4,17.345806,5.054193878173827,5.054193878173827
7.57,13.025124,-5.455123596191406,5.455123596191406
14.39,21.848944,-7.458943710327148,7.458943710327148
1.91,8.6116495,-6.701649513244629,6.701649513244629
0.87,8.528578,-7.65857780456543,7.65857780456543
37.2,15.270863,21.9291374206543,21.9291374206543
0.82,17.692307,-16.872306518554687,16.872306518554687
9.3,10.332466,-1.0324661254882805,1.0324661254882805
25.1,22.89925,2.2007499694824233,2.2007499694824233
12.2,19.62304,-7.4230392456054695,7.4230392456054695
28.04,18.336134,9.70386604309082,9.70386604309082
37.5,27.055168,10.444831848144531,10.444831848144531
15.65,20.973648,-5.323648071289062,5.323648071289062
5.56,11.210478,-5.650477828979493,5.650477828979493
42.76,19.367496,23.392503509521482,23.392503509521482
18.52,20.988089,-2.4680886077880864,2.4680886077880864
15.66,16.321777,-0.6617773437499999,0.6617773437499999
30.53,22.559132,7.970868377685548,7.970868377685548
10.45,17.81334,-7.363339233398438,7.363339233398438
38.83,26.913786,11.916214065551756,11.916214065551756
12.83,11.038509,1.7914906311035157,1.7914906311035157
9.7,14.515543,-4.81554298400879,4.81554298400879
10.0,20.957891,-10.957891464233398,10.957891464233398
21.62,15.399145,6.220854873657228,6.220854873657228
7.68,12.607597,-4.927597351074219,4.927597351074219
9.73,32.46143,-22.731429595947265,22.731429595947265
1.89,30.321705,-28.431704864501953,28.431704864501953
24.48,19.919827,4.560173492431641,4.560173492431641
16.58,20.468502,-3.888502044677736,3.888502044677736
22.8,17.921747,4.878252792358399,4.878252792358399
11.12,34.793457,-23.673457031250003,23.673457031250003
33.4,26.58129,6.818710708618163,6.818710708618163
22.29,28.869707,-6.579707107543946,6.579707107543946
27.11,19.914396,7.195603713989257,7.195603713989257
9.67,17.991648,-8.321647720336914,8.321647720336914
18.01,23.5449,-5.5349008941650375,5.5349008941650375
28.55,21.850275,6.699724960327149,6.699724960327149
18.72,16.740704,1.979296417236327,1.979296417236327
11.8,15.612456,-3.812456321716308,3.812456321716308
0.04,31.14009,-31.100090942382813,31.100090942382813
0.04,32.74304,-32.703038177490235,32.703038177490235
29.62,20.35425,9.265750045776368,9.265750045776368
0.03,27.99353,-27.9635302734375,27.9635302734375
16.8,20.96923,-4.169230651855468,4.169230651855468
22.72,25.93452,-3.214520721435548,3.214520721435548
0.27,21.738588,-21.468588333129883,21.468588333129883
15.22,15.764838,-0.5448382186889642,0.5448382186889642
26.09,18.057215,8.032785263061523,8.032785263061523
38.05,35.572136,2.4778640747070284,2.4778640747070284
47.84,22.486992,25.353008117675785,25.353008117675785
20.32,21.02843,-0.7084309387207028,0.7084309387207028
24.95,22.654224,2.295775604248046,2.295775604248046
13.0,11.374343,1.625657081604004,1.625657081604004
15.69,22.826193,-7.136192855834961,7.136192855834961
20.23,29.438704,-9.208703536987304,9.208703536987304
43.97,20.635523,23.334477157592772,23.334477157592772
19.9,14.951246,4.948753738403319,4.948753738403319
0.04,19.500847,-19.46084686279297,19.46084686279297
17.3,23.031738,-5.731738281249999,5.731738281249999
21.69,35.46132,-13.771318969726561,13.771318969726561
3.26,37.06201,-33.80201171875,33.80201171875
28.33,15.471549,12.858450965881346,12.858450965881346
32.2,21.835175,10.364825439453128,10.364825439453128
51.64,33.635864,18.0041357421875,18.0041357421875
14.4,23.622293,-9.222293472290039,9.222293472290039
26.64,20.588823,6.051176681518555,6.051176681518555
28.15,25.770914,2.3790859222412095,2.3790859222412095
19.1,20.58771,-1.4877094268798814,1.4877094268798814
17.15,19.465014,-2.3150135040283217,2.3150135040283217
54.34,45.97976,8.36024078369141,8.36024078369141
58.54,18.958443,39.58155731201172,39.58155731201172
23.9,19.63015,4.269850158691405,4.269850158691405
51.31,33.785847,17.524153289794924,17.524153289794924
20.95,27.103409,-6.153408813476563,6.153408813476563
25.7,20.694912,5.00508804321289,5.00508804321289
5.7,26.85508,-21.155079650878907,21.155079650878907
52.67,28.82838,23.841619415283205,23.841619415283205
5.56,18.135315,-12.575314941406251,12.575314941406251
39.8,28.995289,10.804711151123044,10.804711151123044
42.14,26.226162,15.913838043212891,15.913838043212891
14.88,14.25527,0.6247299957275398,0.6247299957275398
6.6,11.226545,-4.626545333862305,4.626545333862305
38.54,19.529722,19.010277786254882,19.010277786254882
18.8,15.721764,3.078236389160157,3.078236389160157
26.19,15.724298,10.465702476501466,10.465702476501466
14.84,16.807112,-1.9671117401123048,1.9671117401123048
0.38,15.789842,-15.409841651916503,15.409841651916503
3.34,12.151907,-8.811906967163086,8.811906967163086
9.6,13.885731,-4.2857307434082035,4.2857307434082035
2.86,8.578684,-5.718683853149415,5.718683853149415
18.8,15.303207,3.496792602539063,3.496792602539063
26.2,18.66942,7.530579757690429,7.530579757690429
24.78,25.439745,-0.6597449493408192,0.6597449493408192
20.81,20.154383,0.6556172943115222,0.6556172943115222
6.6,12.641993,-6.041992568969727,6.041992568969727
30.87,18.875538,11.994462127685548,11.994462127685548
13.7,14.01969,-0.31968955993652415,0.31968955993652415
8.21,15.307038,-7.0970383071899406,7.0970383071899406
25.5,18.63304,6.866960525512695,6.866960525512695
27.0,29.26382,-2.2638206481933594,2.2638206481933594
8.52,17.53223,-9.012230377197266,9.012230377197266
36.85,32.42479,4.425210571289064,4.425210571289064
17.6,11.639429,5.960570907592775,5.960570907592775
7.53,11.229904,-3.6999041748046873,3.6999041748046873
14.22,17.18748,-2.9674809265136712,2.9674809265136712
40.08,30.187132,9.892868118286131,9.892868118286131
7.69,15.693468,-8.003468093872069,8.003468093872069
26.22,13.987408,12.232592315673827,12.232592315673827
2.72,19.99542,-17.27542045593262,17.27542045593262
25.46,16.193573,9.266427001953126,9.266427001953126
14.83,12.866078,1.9639216232299805,1.9639216232299805
8.6,11.675615,-3.0756153106689457,3.0756153106689457
16.71,17.39377,-0.683770217895507,0.683770217895507
42.98,34.85349,8.126511077880856,8.126511077880856
9.7,8.567622,1.1323778152465813,1.1323778152465813
22.3,15.655606,6.644393730163575,6.644393730163575
7.8,14.935512,-7.135511589050293,7.135511589050293
12.84,13.376099,-0.5360986328125001,0.5360986328125001
12.2,11.617649,0.5823509216308587,0.5823509216308587
9.8,9.336417,0.46358280181884837,0.46358280181884837
18.81,16.92349,1.8865094757080065,1.8865094757080065
7.6,10.363389,-2.7633890151977543,2.7633890151977543
4.33,7.2282543,-2.8982543182373046,2.8982543182373046
45.4,32.216656,13.183344268798827,13.183344268798827
21.42,18.025202,3.39479820251465,3.39479820251465
9.2,8.85305,0.34694976806640554,0.34694976806640554
38.03,33.447884,4.58211639404297,4.58211639404297
40.16,23.982286,16.177713546752926,16.177713546752926
8.29,8.418809,-0.12880893707275476,0.12880893707275476
19.6,16.77969,2.820310211181642,2.820310211181642
20.6,14.8283415,5.771658515930177,5.771658515930177
24.09,12.5543,11.53569969177246,11.53569969177246
18.23,10.763366,7.466634254455567,7.466634254455567
0.09,28.16784,-28.07783905029297,28.07783905029297
19.73,26.010313,-6.280313034057617,6.280313034057617
23.79,24.044737,-0.25473686218261804,0.25473686218261804
22.53,17.152086,5.377913742065431,5.377913742065431
0.17,9.051145,-8.88114459991455,8.88114459991455
1.82,6.2132654,-4.393265419006347,4.393265419006347
10.54,18.701506,-8.161505661010743,8.161505661010743
9.4,16.380623,-6.980622863769531,6.980622863769531
25.77,11.926449,13.843551177978515,13.843551177978515
20.08,18.100689,1.9793110656738264,1.9793110656738264
2.3,9.042939,-6.742939186096192,6.742939186096192
11.34,13.27224,-1.932239685058594,1.932239685058594
39.24,17.118666,22.121334304809572,22.121334304809572
18.18,13.004483,5.175516777038574,5.175516777038574
3.6,11.292872,-7.692872428894043,7.692872428894043
11.2,8.242383,2.957616996765136,2.957616996765136
16.24,15.611106,0.6288940811157211,0.6288940811157211
21.3,23.267057,-1.9670574188232415,1.9670574188232415
5.55,12.872274,-7.322274398803711,7.322274398803711
24.76,21.557201,3.2027986145019547,3.2027986145019547
23.65,12.280436,11.36956443786621,11.36956443786621
9.05,17.646477,-8.596476745605468,8.596476745605468
2.39,9.65635,-7.266350135803222,7.266350135803222
52.57,23.222225,29.347774810791016,29.347774810791016
32.62,24.478254,8.141745681762693,8.141745681762693
3.6,12.4854555,-8.885455513000489,8.885455513000489
26.27,14.33001,11.939989585876464,11.939989585876464
4.33,9.042939,-4.712939186096191,4.712939186096191
23.16,24.596012,-1.4360121154785155,1.4360121154785155
4.4,9.01235,-4.612350082397461,4.612350082397461
12.05,12.469211,-0.4192106246948235,0.4192106246948235
20.04,21.28759,-1.2475900268554696,1.2475900268554696
25.1,15.279551,9.820449447631837,9.820449447631837
15.69,12.773618,2.9163822555541987,2.9163822555541987
6.4,16.836123,-10.436122512817382,10.436122512817382
14.89,9.80099,5.089009895324708,5.089009895324708
27.85,27.81811,0.03189048767089986,0.03189048767089986
20.83,11.822333,9.007666664123533,9.007666664123533
17.53,19.323446,-1.7934462738037098,1.7934462738037098
32.19,11.48513,20.704869689941404,20.704869689941404
16.81,14.239049,2.5709510421752917,2.5709510421752917
4.0,12.066712,-8.066712379455566,8.066712379455566
10.25,14.3993635,-4.1493635177612305,4.1493635177612305
13.37,17.650892,-4.2808922576904305,4.2808922576904305
18.78,11.145419,7.634580879211427,7.634580879211427
8.1,13.143915,-5.043915176391602,5.043915176391602
0.12,15.187967,-15.06796730041504,15.06796730041504
8.23,19.571613,-11.341613311767578,11.341613311767578
13.07,21.404547,-8.334546737670898,8.334546737670898
21.79,19.910349,1.879651107788085,1.879651107788085
2.17,8.476048,-6.306048469543457,6.306048469543457
25.11,6.119726,18.990273818969726,18.990273818969726
10.74,18.85553,-8.11552978515625,8.11552978515625
5.81,8.963527,-3.1535267257690434,3.1535267257690434
2.8,6.119726,-3.3197261810302736,3.3197261810302736
10.11,7.3639536,2.746046409606933,2.746046409606933
6.2,11.169655,-4.969654846191406,4.969654846191406
5.59,10.760308,-5.170308265686035,5.170308265686035
23.51,27.277052,-3.767051925659178,3.767051925659178
4.84,9.978823,-5.138822708129883,5.138822708129883
13.42,10.214096,3.2059039306640624,3.2059039306640624
20.8,18.540901,2.2590988159179695,2.2590988159179695
10.3,10.031445,0.26855545043945384,0.26855545043945384
4.7,8.812703,-4.112703132629394,4.112703132629394
14.2,11.826841,2.373158645629882,2.373158645629882
6.93,14.122076,-7.192076034545899,7.192076034545899
18.53,19.868387,-1.338387222290038,1.338387222290038
3.4,6.667567,-3.267566776275635,3.267566776275635
8.39,10.561459,-2.171458587646484,2.171458587646484
16.86,10.974751,5.885248527526855,5.885248527526855
15.9,17.359097,-1.459096527099609,1.459096527099609
16.5,13.303277,3.196722984313965,3.196722984313965
0.75,8.352478,-7.60247802734375,7.60247802734375
3.31,10.585568,-7.27556842803955,7.27556842803955
10.6,9.543993,1.0560070037841793,1.0560070037841793
6.18,9.127286,-2.947285957336426,2.947285957336426
0.39,10.194461,-9.804460868835449,9.804460868835449
12.23,16.77414,-4.544139404296875,4.544139404296875
4.53,9.840057,-5.310057373046875,5.310057373046875
10.0,12.354107,-2.354106903076172,2.354106903076172
4.42,11.916853,-7.496852951049805,7.496852951049805
19.41,14.799564,4.6104356384277345,4.6104356384277345
9.4,21.262798,-11.862798309326172,11.862798309326172
27.1,18.663973,8.436027145385744,8.436027145385744
2.4,15.34666,-12.946659660339355,12.946659660339355
9.82,14.405696,-4.585695915222168,4.585695915222168
8.9,13.616172,-4.716171836853027,4.716171836853027
21.44,18.093761,3.3462385559082044,3.3462385559082044
2.59,13.257056,-10.66705623626709,10.66705623626709
6.3,8.229359,-1.9293586730957033,1.9293586730957033
5.86,23.754848,-17.89484848022461,17.89484848022461
28.92,17.653605,11.266395492553713,11.266395492553713
25.6,20.307955,5.292045211791994,5.292045211791994
37.36,28.99562,8.364379272460937,8.364379272460937
3.73,10.571343,-6.841343421936035,6.841343421936035
53.42,29.789587,23.63041297912598,23.63041297912598
8.61,14.628697,-6.018697395324708,6.018697395324708
15.69,17.143496,-1.4534955596923833,1.4534955596923833
8.58,25.22595,-16.64595024108887,16.64595024108887
5.12,8.7568,-3.6367996978759765,3.6367996978759765
8.18,18.74445,-10.564449615478516,10.564449615478516
10.35,19.143568,-8.79356803894043,8.79356803894043
12.7,16.667788,-3.9677875518798835,3.9677875518798835
10.1,9.684716,0.4152837753295895,0.4152837753295895
25.1,22.324236,2.775764083862306,2.775764083862306
3.48,15.349106,-11.869105834960937,11.869105834960937
3.66,11.871014,-8.211013641357422,8.211013641357422
13.6,13.763756,-0.1637557983398441,0.1637557983398441
21.94,9.334451,12.605549278259279,12.605549278259279
2.93,27.187796,-24.257795639038086,24.257795639038086
38.2,21.85114,16.348860931396487,16.348860931396487
3.3,10.259641,-6.959640693664551,6.959640693664551
10.59,13.150876,-2.560876045227051,2.560876045227051
4.38,12.421138,-8.041137809753419,8.041137809753419
24.29,20.513227,3.7767725372314445,3.7767725372314445
7.92,9.862847,-1.9428473281860352,1.9428473281860352
1.69,14.719866,-13.029865798950196,13.029865798950196
40.04,23.38742,16.652579345703124,16.652579345703124
1.24,14.708088,-13.468087921142578,13.468087921142578
19.68,15.534626,4.145373992919922,4.145373992919922
12.64,15.624271,-2.984271392822265,2.984271392822265
7.6,19.361843,-11.76184310913086,11.76184310913086
59.25,22.54593,36.70406913757324,36.70406913757324
24.1,20.38861,3.7113891601562514,3.7113891601562514
46.35,12.781152,33.56884822845459,33.56884822845459
21.0,24.334951,-3.334951400756836,3.334951400756836
18.74,14.66309,4.076910247802733,4.076910247802733
42.82,10.335921,32.48407871246338,32.48407871246338
1.42,8.723504,-7.303504066467285,7.303504066467285
10.78,14.346103,-3.566102714538575,3.566102714538575
8.07,17.641296,-9.57129638671875,9.57129638671875
66.4,26.567892,39.832107925415045,39.832107925415045
45.74,27.096409,18.64359115600586,18.64359115600586
44.5,19.892769,24.60723114013672,24.60723114013672
27.91,25.625336,2.284664306640625,2.284664306640625
11.62,14.847315,-3.2273148345947273,3.2273148345947273
44.21,27.033089,17.17691131591797,17.17691131591797
9.68,20.735222,-11.055221862792969,11.055221862792969
30.57,21.8176,8.75239974975586,8.75239974975586
18.76,14.004653,4.7553470230102555,4.7553470230102555
23.0,20.39906,2.600940704345703,2.600940704345703
39.45,21.40523,18.044770431518558,18.044770431518558
16.74,23.28938,-6.549379119873048,6.549379119873048
11.43,27.257164,-15.827164001464844,15.827164001464844
30.68,16.480827,14.199172668457031,14.199172668457031
9.2,17.73231,-8.532309341430665,8.532309341430665
35.1,20.043018,15.056981658935548,15.056981658935548
18.19,16.880484,1.3095163726806653,1.3095163726806653
8.03,9.487788,-1.4577882003784186,1.4577882003784186
24.13,26.603973,-2.473973388671876,2.473973388671876
15.46,11.923025,3.536974868774415,3.536974868774415
5.75,15.297482,-9.547481536865234,9.547481536865234
8.0,23.293047,-15.293046951293945,15.293046951293945
69.71,19.606878,50.103121719360345,50.103121719360345
26.39,28.466856,-2.0768560028076166,2.0768560028076166
24.37,19.9247,4.445300216674806,4.445300216674806
23.8,25.123026,-1.3230258941650384,1.3230258941650384
8.39,17.460974,-9.070973739624023,9.070973739624023
13.87,18.656801,-4.786801223754884,4.786801223754884
10.5,9.67037,0.8296298980712891,0.8296298980712891
56.5,18.9809,37.519100189208984,37.519100189208984
10.0,14.647288,-4.6472883224487305,4.6472883224487305
26.9,16.401875,10.49812545776367,10.49812545776367
10.51,16.497416,-5.987415542602539,5.987415542602539
37.4,20.003397,17.39660301208496,17.39660301208496
0.8,20.63625,-19.836249542236327,19.836249542236327
7.5,14.040841,-6.540841102600098,6.540841102600098
22.05,25.994131,-3.9441310882568352,3.9441310882568352
24.72,19.646818,5.073181838989257,5.073181838989257
12.24,19.083588,-6.843587646484375,6.843587646484375
6.82,31.985447,-25.16544692993164,25.16544692993164
20.49,21.607342,-1.1173417663574234,1.1173417663574234
22.79,23.540792,-0.7507924652099618,0.7507924652099618
16.41,17.318848,-0.9088476562499999,0.9088476562499999
4.48,22.043526,-17.56352569580078,17.56352569580078
15.78,20.722055,-4.942055435180665,4.942055435180665
49.91,35.71195,14.198051605224606,14.198051605224606
28.82,19.905521,8.914478607177735,8.914478607177735
13.7,18.73001,-5.030009078979493,5.030009078979493
18.0,28.404774,-10.404773712158203,10.404773712158203
13.41,16.914387,-3.504386749267578,3.504386749267578
45.52,38.992043,6.527957458496097,6.527957458496097
18.5,17.929611,0.5703887939453125,0.5703887939453125
66.0,23.609716,42.39028358459473,42.39028358459473
8.2,28.425278,-20.225277709960938,20.225277709960938
47.71,30.578573,17.13142677307129,17.13142677307129
14.46,20.547657,-6.087657012939452,6.087657012939452
18.19,21.284643,-3.094643173217772,3.094643173217772
6.62,14.134911,-7.514910583496094,7.514910583496094
15.56,21.537853,-5.977853240966796,5.977853240966796
32.01,21.488148,10.521852264404295,10.521852264404295
36.04,22.638714,13.401286163330077,13.401286163330077
42.23,31.388992,10.841007690429684,10.841007690429684
44.05,32.210354,11.839646148681638,11.839646148681638
24.35,26.52043,-2.1704296112060533,2.1704296112060533
55.97,35.80408,20.165919036865233,20.165919036865233
34.5,24.469933,10.030067443847656,10.030067443847656
32.4,30.162695,2.237305068969725,2.237305068969725
40.1,33.267113,6.832887268066408,6.832887268066408
4.43,16.992882,-12.562881774902344,12.562881774902344
6.36,19.48237,-13.122370376586915,13.122370376586915
26.79,20.751835,6.0381651306152335,6.0381651306152335
10.45,28.7888,-18.338799285888673,18.338799285888673
9.85,8.456686,1.3933139801025387,1.3933139801025387
9.2,15.255756,-6.055756378173829,6.055756378173829
24.6,10.154757,14.445243453979494,14.445243453979494
16.37,14.084458,2.285541648864747,2.285541648864747
10.2,12.742146,-2.542145538330079,2.542145538330079
38.8,13.99982,24.800180244445798,24.800180244445798
49.6,31.407495,18.192504501342775,18.192504501342775
24.93,15.006042,9.923958473205566,9.923958473205566
20.99,14.039485,6.9505150222778305,6.9505150222778305
50.45,28.544754,21.90524597167969,21.90524597167969
10.77,13.28359,-2.5135903167724614,2.5135903167724614
34.35,18.011961,16.338039016723634,16.338039016723634
15.62,13.698408,1.9215918731689445,1.9215918731689445
28.71,17.177967,11.532032928466798,11.532032928466798
4.77,10.554545,-5.784545402526856,5.784545402526856
12.1,13.442568,-1.3425678253173832,1.3425678253173832
28.67,13.818944,14.851056022644045,14.851056022644045
27.7,13.948353,13.751647186279296,13.751647186279296
22.14,18.582249,3.55775131225586,3.55775131225586
7.16,7.7064943,-0.5464943313598631,0.5464943313598631
8.3,17.509243,-9.209243011474609,9.209243011474609
23.73,31.944656,-8.214656372070312,8.214656372070312
6.06,12.866078,-6.80607837677002,6.80607837677002
2.0,13.770264,-11.770263671875,11.770263671875
9.2,10.046258,-0.8462579727172859,0.8462579727172859
6.33,19.900677,-13.570676727294922,13.570676727294922
7.81,18.457298,-10.647298278808595,10.647298278808595
18.86,15.319413,3.5405868148803705,3.5405868148803705
17.46,8.24311,9.216890296936036,9.216890296936036
49.16,28.011236,21.148763809204098,21.148763809204098
8.48,10.4120865,-1.9320864868164058,1.9320864868164058
23.46,18.510433,4.9495668029785165,4.9495668029785165
12.15,10.425808,1.724192047119141,1.724192047119141
20.83,14.595706,6.234294013977049,6.234294013977049
5.0,15.170164,-10.170164108276367,10.170164108276367
3.38,17.52006,-14.14005958557129,14.14005958557129
1.79,8.202699,-6.412698707580566,6.412698707580566
9.59,9.770092,-0.18009201049804702,0.18009201049804702
15.79,9.669151,6.120848693847655,6.120848693847655
1.21,12.900811,-11.690811195373534,11.690811195373534
18.47,9.831501,8.63849899291992,8.63849899291992
25.49,16.186598,9.303402175903319,9.303402175903319
13.18,15.500221,-2.3202212524414065,2.3202212524414065
6.62,6.8502116,-0.23021162033081044,0.23021162033081044
29.45,15.764085,13.685915184020995,13.685915184020995
0.03,8.382861,-8.352861137390137,8.352861137390137
7.92,10.157313,-2.237313346862793,2.237313346862793
11.04,21.204218,-10.164217910766602,10.164217910766602
4.1,8.045453,-3.9454530715942386,3.9454530715942386
4.65,9.698907,-5.048906898498535,5.048906898498535
22.13,18.416918,3.7130821990966787,3.7130821990966787
44.81,26.307552,18.502447662353518,18.502447662353518
0.1,10.251385,-10.151384735107422,10.151384735107422
1.95,6.5313883,-4.581388282775879,4.581388282775879
9.6,9.98318,-0.3831800460815433,0.3831800460815433
13.88,10.2171955,3.662804489135743,3.662804489135743
2.47,8.642611,-6.172610549926757,6.172610549926757
24.09,11.799721,12.290279235839844,12.290279235839844
3.19,10.192392,-7.002392349243165,7.002392349243165
11.93,11.127752,0.8022476959228513,0.8022476959228513
4.5,9.320415,-4.8204145431518555,4.8204145431518555
19.2,14.701359,4.498641204833984,4.498641204833984
5.01,17.525503,-12.515503158569336,12.515503158569336
12.1,18.477388,-6.377388381958008,6.377388381958008
27.77,20.02718,7.7428202819824214,7.7428202819824214
17.87,26.307552,-8.437552337646483,8.437552337646483
6.72,17.398758,-10.678757934570314,10.678757934570314
24.39,26.695425,-2.3054250335693354,2.3054250335693354
2.4,9.649227,-7.249227142333984,7.249227142333984
3.91,16.962454,-13.052453842163086,13.052453842163086
1.2,6.6257167,-5.425716686248779,5.425716686248779
27.92,16.395416,11.524583740234377,11.524583740234377
11.27,16.380959,-5.110958557128907,5.110958557128907
29.87,14.819251,15.050748939514161,15.050748939514161
1.6,13.340569,-11.740568542480469,11.740568542480469
17.79,16.740322,1.0496778869628898,1.0496778869628898
1.52,9.621717,-8.10171745300293,8.10171745300293
5.36,7.596738,-2.2367378616333005,2.2367378616333005
13.47,13.333629,0.13637134552002017,0.13637134552002017
15.0,11.615861,3.384139060974121,3.384139060974121
9.5,9.554898,-0.05489826202392578,0.05489826202392578
9.33,15.027693,-5.697692794799805,5.697692794799805
3.2,7.983567,-4.783567237854004,4.783567237854004
28.29,16.103867,12.186133422851562,12.186133422851562
11.86,11.915445,-0.05544532775878963,0.05544532775878963
3.26,8.999751,-5.739751091003418,5.739751091003418
24.33,20.235533,4.094467239379881,4.094467239379881
24.16,19.828465,4.3315354919433595,4.3315354919433595
1.3,8.134594,-6.834593963623047,6.834593963623047
5.2,20.909172,-15.70917205810547,15.70917205810547
29.4,14.067871,15.332128906249999,15.332128906249999
0.08,13.972813,-13.89281265258789,13.89281265258789
5.7,15.928258,-10.228257942199708,10.228257942199708
10.57,19.430214,-8.860213928222656,8.860213928222656
3.52,10.808613,-7.2886128234863286,7.2886128234863286
39.94,12.128173,27.811827125549314,27.811827125549314
24.85,16.407486,8.442514038085939,8.442514038085939
11.2,9.4061165,1.7938835144042962,1.7938835144042962
25.23,21.142307,4.08769271850586,4.08769271850586
3.7,9.354394,-5.65439395904541,5.65439395904541
54.0,18.24792,35.7520809173584,35.7520809173584
10.9,8.055824,2.844175720214844,2.844175720214844
14.02,9.799544,4.2204556655883785,4.2204556655883785
6.0,11.707458,-5.707457542419434,5.707457542419434
20.85,20.682764,0.16723594665527486,0.16723594665527486
26.6,15.763663,10.836336708068849,10.836336708068849
6.82,11.828405,-5.008405380249023,5.008405380249023
0.86,11.698431,-10.838431015014649,10.838431015014649
40.51,11.251971,29.258028755187986,29.258028755187986
11.22,13.274992,-2.0549919891357415,2.0549919891357415
34.72,20.201805,14.518194885253905,14.518194885253905
3.37,9.675167,-6.305167083740234,6.305167083740234
18.85,16.550758,2.299241638183595,2.299241638183595
27.4,16.745703,10.654297256469725,10.654297256469725
27.53,12.83908,14.690920143127443,14.690920143127443
8.52,18.139986,-9.619986038208008,9.619986038208008
7.66,18.148535,-10.488534774780273,10.488534774780273
11.57,16.86337,-5.293370895385742,5.293370895385742
2.84,9.559551,-6.719551239013672,6.719551239013672
15.0,20.307955,-5.307954788208008,5.307954788208008
3.75,10.302241,-6.552241325378418,6.552241325378418
9.79,19.109304,-9.319304428100587,9.319304428100587
42.27,29.71998,12.550019760131839,12.550019760131839
20.62,10.492581,10.127418632507325,10.127418632507325
13.12,15.891934,-2.7719343948364266,2.7719343948364266
4.01,13.212832,-9.2028324508667,9.2028324508667
22.21,26.602032,-4.392031707763671,4.392031707763671
29.05,12.534672,16.515328216552735,16.515328216552735
15.33,11.239812,4.090188102722168,4.090188102722168
11.8,11.471329,0.3286712646484382,0.3286712646484382
8.27,16.51859,-8.248590927124024,8.248590927124024
16.99,13.925869,3.064131011962889,3.064131011962889
22.8,24.533045,-1.7330448150634759,1.7330448150634759
5.69,14.834277,-9.144277153015135,9.144277153015135
0.33,15.28196,-14.951959533691406,14.951959533691406
10.63,14.088611,-3.458610649108886,3.458610649108886
10.67,13.616878,-2.946877555847168,2.946877555847168
34.9,14.701107,20.198892974853514,20.198892974853514
6.8,10.259641,-3.459640693664551,3.459640693664551
3.4,11.538001,-8.13800106048584,8.13800106048584
3.0,19.647116,-16.64711570739746,16.64711570739746
6.4,12.139206,-5.739205932617187,5.739205932617187
24.89,15.967426,8.922573699951172,8.922573699951172
30.23,26.672527,3.5574726867675786,3.5574726867675786
53.87,24.540804,29.32919609069824,29.32919609069824
24.09,20.610722,3.4792784118652342,3.4792784118652342
7.14,11.843083,-4.703083381652832,4.703083381652832
2.84,15.762614,-12.922614250183106,12.922614250183106
23.58,10.7088175,12.87118251800537,12.87118251800537
35.3,12.076013,23.223987388610837,23.223987388610837
1.66,10.137889,-8.47788890838623,8.47788890838623
13.49,12.130826,1.3591740036010744,1.3591740036010744
4.57,8.153064,-3.5830637741088864,3.5830637741088864
7.0,19.650211,-12.650211334228516,12.650211334228516
12.1,13.88629,-1.7862895965576175,1.7862895965576175
12.39,8.874618,3.5153824234008795,3.5153824234008795
6.3,28.828909,-22.528908920288085,22.528908920288085
7.26,25.777983,-18.517982711791994,18.517982711791994
0.65,14.458744,-13.808744049072265,13.808744049072265
22.39,16.096148,6.293852462768555,6.293852462768555
7.59,8.6116495,-1.021649513244629,1.021649513244629
14.98,15.844316,-0.8643155288696285,0.8643155288696285
17.47,27.446306,-9.976306228637696,9.976306228637696
27.7,17.39599,10.304009628295898,10.304009628295898
33.25,25.445206,7.8047943115234375,7.8047943115234375
6.91,16.057476,-9.147476043701172,9.147476043701172
27.36,15.439235,11.920765266418456,11.920765266418456
9.01,10.043357,-1.0333568954467776,1.0333568954467776
7.88,21.323036,-13.443036193847657,13.443036193847657
22.21,19.212334,2.997666320800782,2.997666320800782
28.21,27.153254,1.0567464447021493,1.0567464447021493
20.33,27.394342,-7.064342422485353,7.064342422485353
19.38,27.80977,-8.429770584106446,8.429770584106446
2.94,14.33476,-11.394759712219239,11.394759712219239
7.4,17.323086,-9.923085784912109,9.923085784912109
10.99,14.358672,-3.3686721420288084,3.3686721420288084
13.6,12.735684,0.8643156051635739,0.8643156051635739
19.55,18.588217,0.9617832183837898,0.9617832183837898
20.22,23.341072,-3.1210720825195324,3.1210720825195324
44.0,25.083328,18.916671752929688,18.916671752929688
7.1,19.125082,-12.025082015991211,12.025082015991211
0.01,22.013004,-22.003004302978514,22.003004302978514
10.82,12.6866865,-1.8666865158081052,1.8666865158081052
6.83,15.569285,-8.73928539276123,8.73928539276123
31.74,32.857265,-1.117265472412111,1.117265472412111
10.59,17.42731,-6.837310943603516,6.837310943603516
10.0,19.765942,-9.765941619873047,9.765941619873047
9.78,23.238417,-13.45841667175293,13.45841667175293
21.69,13.681809,8.008190574645997,8.008190574645997
6.86,22.157642,-15.297642364501954,15.297642364501954
13.98,16.321777,-2.3417773437499996,2.3417773437499996
11.24,29.796202,-18.556201705932615,18.556201705932615
3.75,19.548738,-15.798738479614258,15.798738479614258
6.06,17.90792,-11.847920837402345,11.847920837402345
26.45,18.539337,7.910662841796874,7.910662841796874
53.9,14.479885,39.42011489868164,39.42011489868164
12.54,12.353311,0.1866894149780265,0.1866894149780265
55.83,17.746664,38.08333595275879,38.08333595275879
20.32,16.241825,4.078174896240235,4.078174896240235
24.02,26.397394,-2.377394180297852,2.377394180297852
3.49,10.778913,-7.288912544250488,7.288912544250488
28.03,24.38123,3.6487705993652355,3.6487705993652355
6.92,9.708292,-2.788292007446289,2.788292007446289
9.13,19.350382,-10.220381851196288,10.220381851196288
23.77,20.93859,2.8314109039306636,2.8314109039306636
1.73,21.443958,-19.713958282470703,19.713958282470703
14.92,20.735567,-5.815567092895508,5.815567092895508
29.24,24.399464,4.840536346435545,4.840536346435545
24.13,28.283796,-4.153796310424806,4.153796310424806
4.43,12.718919,-8.288918800354004,8.288918800354004
20.7,20.113165,0.5868350982666009,0.5868350982666009
8.65,28.500832,-19.850831604003908,19.850831604003908
13.0,19.696508,-6.696508407592773,6.696508407592773
18.27,21.301405,-3.03140495300293,3.03140495300293
20.27,27.088953,-6.818953018188477,6.818953018188477
2.26,21.775097,-19.51509689331055,19.51509689331055
20.96,20.589731,0.3702687835693368,0.3702687835693368
6.58,22.727135,-16.147134704589845,16.147134704589845
0.12,21.226976,-21.10697639465332,21.10697639465332
18.34,20.220343,-1.8803426361083986,1.8803426361083986
18.9,20.233137,-1.333137130737306,1.333137130737306
7.94,9.778596,-1.838595924377441,1.838595924377441
6.35,16.06521,-9.715210342407227,9.715210342407227
20.0,21.131859,-1.1318588256835938,1.1318588256835938
3.79,21.601145,-17.811144790649415,17.811144790649415
0.2,18.584309,-18.38430862426758,18.38430862426758
8.7,12.251122,-3.551122474670411,3.551122474670411
11.75,12.25976,-0.5097599029541016,0.5097599029541016
42.7,23.253075,19.44692535400391,19.44692535400391
20.91,17.252172,3.6578275299072267,3.6578275299072267
35.01,23.70435,11.305650482177732,11.305650482177732
24.24,18.84339,5.3966104888916,5.3966104888916
18.2,27.162668,-8.962668228149415,8.962668228149415
25.0,22.200863,2.7991371154785156,2.7991371154785156
10.9,10.766312,0.13368835449218786,0.13368835449218786
64.88,24.82382,40.05617988586425,40.05617988586425
3.67,16.389967,-12.71996696472168,12.71996696472168
10.55,14.131841,-3.5818407058715813,3.5818407058715813
15.08,19.415773,-4.335773391723633,4.335773391723633
7.08,10.744245,-3.664244575500488,3.664244575500488
14.81,20.88368,-6.073680343627929,6.073680343627929
44.98,34.185013,10.794987182617184,10.794987182617184
29.42,24.749058,4.670942230224611,4.670942230224611
13.6,21.389896,-7.789896392822266,7.789896392822266
9.59,20.111416,-10.52141586303711,10.52141586303711
50.0,37.230362,12.769638061523438,12.769638061523438
46.02,30.435226,15.584773559570316,15.584773559570316
26.06,24.375006,1.6849942779541003,1.6849942779541003
9.2,19.44321,-10.243210601806641,10.243210601806641
10.94,18.478611,-7.538610992431641,7.538610992431641
46.69,32.257706,14.432294311523435,14.432294311523435
27.11,20.281517,6.828482971191406,6.828482971191406
35.29,18.529692,16.760308303833007,16.760308303833007
44.5,35.389874,9.110126495361328,9.110126495361328
4.2,22.743387,-18.54338722229004,18.54338722229004
57.39,22.8561,34.53389991760254,34.53389991760254
40.7,30.280567,10.41943283081055,10.41943283081055
44.91,33.02467,11.8853303527832,11.8853303527832
33.31,21.175919,12.13408142089844,12.13408142089844
43.5,36.104836,7.395164489746094,7.395164489746094
10.58,11.096141,-0.5161408615112304,0.5161408615112304
8.7,18.081335,-9.381335067749024,9.381335067749024
8.77,19.459616,-10.689615707397461,10.689615707397461
13.42,27.393585,-13.973585205078125,13.973585205078125
42.68,25.564138,17.115861587524414,17.115861587524414
11.09,8.456686,2.633313980102539,2.633313980102539
10.9,9.427107,1.4728931427001957,1.4728931427001957
35.43,17.697699,17.73230140686035,17.73230140686035
24.95,15.160361,9.789638710021972,9.789638710021972
8.2,17.146338,-8.946337509155274,8.946337509155274
32.88,22.262339,10.617661361694338,10.617661361694338
10.8,11.472819,-0.6728193283081048,0.6728193283081048
19.55,13.886788,5.663211631774903,5.663211631774903
17.08,19.471954,-2.3919543457031267,2.3919543457031267
44.41,32.139553,12.270446929931637,12.270446929931637
7.7,15.907112,-8.207112121582032,8.207112121582032
27.73,21.279177,6.450823287963868,6.450823287963868
13.67,17.327818,-3.6578179168701173,3.6578179168701173
16.4,17.377623,-0.9776226043701186,0.9776226043701186
20.53,14.498563,6.031437187194825,6.031437187194825
66.28,51.390236,14.889764099121095,14.889764099121095
34.24,31.486376,2.7536241912841817,2.7536241912841817
2.6,10.70122,-8.10121955871582,8.10121955871582
28.41,22.094864,6.315136108398438,6.315136108398438
27.8,19.42094,8.379059600830079,8.379059600830079
24.3,16.391186,7.908814239501954,7.908814239501954
8.9,8.445624,0.4543756484985355,0.4543756484985355
18.83,18.454205,0.3757954406738264,0.3757954406738264
23.54,17.338573,6.201426544189452,6.201426544189452
0.8,9.431044,-8.631043624877929,8.631043624877929
32.73,24.583303,8.146696548461911,8.146696548461911
40.75,11.816357,28.933643341064453,28.933643341064453
5.8,12.052333,-6.252332878112793,6.252332878112793
30.95,22.541626,8.4083740234375,8.4083740234375
16.9,14.949339,1.9506610870361314,1.9506610870361314
9.7,14.269197,-4.5691974639892585,4.5691974639892585
24.09,12.945787,11.14421257019043,11.14421257019043
62.2,15.211769,46.9882308959961,46.9882308959961
7.1,11.174735,-4.074735069274903,4.074735069274903
17.6,14.389328,3.210671997070314,3.210671997070314
24.42,9.965391,14.454608840942385,14.454608840942385
12.0,10.331652,1.6683483123779297,1.6683483123779297
15.3,8.399479,6.900521087646485,6.900521087646485
4.1,11.326221,-7.2262214660644535,7.2262214660644535
1.91,11.232021,-9.32202133178711,9.32202133178711
20.57,18.986263,1.583736724853516,1.583736724853516
17.59,15.273458,2.3165424728393553,2.3165424728393553
8.93,10.249211,-1.3192113113403323,1.3192113113403323
4.58,8.890352,-4.310352249145508,4.310352249145508
28.84,21.929903,6.910096969604492,6.910096969604492
15.16,23.993511,-8.833511199951172,8.833511199951172
2.44,12.021209,-9.581208763122559,9.581208763122559
23.78,29.571367,-5.791367263793944,5.791367263793944
12.05,9.554898,2.495101737976075,2.495101737976075
54.4,14.5839815,39.81601848602295,39.81601848602295
19.25,12.040128,7.209872245788574,7.209872245788574
11.01,7.7477746,3.2622253990173338,3.2622253990173338
2.82,6.5313883,-3.711388282775879,3.711388282775879
15.41,14.216274,1.1937257385253908,1.1937257385253908
21.58,12.496561,9.08343894958496,9.08343894958496
13.14,29.152529,-16.012528762817382,16.012528762817382
7.01,13.167681,-6.1576807403564455,6.1576807403564455
35.22,25.14068,10.079319686889647,10.079319686889647
15.01,7.705406,7.304593811035156,7.304593811035156
5.9,12.308224,-6.408223724365234,6.408223724365234
0.06,11.239731,-11.179730834960937,11.179730834960937
12.95,10.725914,2.2240859985351555,2.2240859985351555
11.32,11.877916,-0.55791633605957,0.55791633605957
27.3,17.35139,9.948609161376954,9.948609161376954
3.37,7.5682983,-4.19829833984375,4.19829833984375
19.54,18.461798,1.0782022857666007,1.0782022857666007
3.71,6.241724,-2.5317240142822266,2.5317240142822266
10.45,11.971445,-1.5214450836181648,1.5214450836181648
15.78,14.1673355,1.612664489746093,1.612664489746093
2.1,6.547573,-4.44757308959961,4.44757308959961
13.68,14.524292,-0.8442919921875003,0.8442919921875003
13.84,9.7021885,4.137811508178711,4.137811508178711
24.82,14.129146,10.690854377746582,10.690854377746582
0.1,6.2140546,-6.114054584503174,6.114054584503174
4.77,17.876146,-13.10614631652832,13.10614631652832
10.0,11.922441,-1.922440528869629,1.922440528869629
6.16,14.11151,-7.9515102767944335,7.9515102767944335
2.7,6.116343,-3.416343021392822,3.416343021392822
9.53,8.548282,0.9817183303833001,0.9817183303833001
9.97,18.041807,-8.071807174682617,8.071807174682617
4.1,16.533329,-12.433329010009766,12.433329010009766
8.2,9.151781,-0.951781082153321,0.951781082153321
7.67,6.2140546,1.455945415496826,1.455945415496826
6.75,15.898082,-9.14808177947998,9.14808177947998
24.38,10.451754,13.928246383666991,13.928246383666991
1.65,11.562353,-9.912353134155273,9.912353134155273
18.75,16.52242,2.227579116821289,2.227579116821289
10.65,17.636436,-6.986436462402343,6.986436462402343
4.25,6.119726,-1.8697261810302734,1.8697261810302734
1.7,14.736174,-13.036173629760743,13.036173629760743
21.71,20.790182,0.9198178863525399,0.9198178863525399
45.73,13.761788,31.9682116317749,31.9682116317749
5.66,16.41831,-10.758310165405273,10.758310165405273
26.14,18.513874,7.626125946044922,7.626125946044922
21.79,17.182133,4.6078672790527335,4.6078672790527335
9.32,9.051145,0.2688554000854495,0.2688554000854495
24.7,27.658531,-2.9585311889648445,2.9585311889648445
3.4,7.983567,-4.5835672378540036,4.5835672378540036
15.51,12.035332,3.474668273925781,3.474668273925781
1.96,10.802278,-8.84227756500244,8.84227756500244
12.44,9.0570345,3.3829655075073237,3.3829655075073237
14.44,14.330288,0.10971206665039013,0.10971206665039013
23.2,15.587638,7.612362098693847,7.612362098693847
22.22,16.056347,6.163653106689452,6.163653106689452
15.9,8.764023,7.135977172851563,7.135977172851563
5.7,8.577492,-2.877491760253906,2.877491760253906
14.83,9.706783,5.123216705322266,5.123216705322266
11.12,13.292665,-2.172664527893067,2.172664527893067
28.18,20.265303,7.914697341918945,7.914697341918945
2.4,7.2732263,-4.873226261138916,4.873226261138916
15.6,17.729649,-2.129648590087891,2.129648590087891
5.91,9.745317,-3.835317459106445,3.835317459106445
18.48,13.992783,4.487217407226563,4.487217407226563
24.32,22.314629,2.0053713989257815,2.0053713989257815
41.58,18.64714,22.93285949707031,22.93285949707031
17.34,23.247047,-5.907047424316406,5.907047424316406
9.93,9.212122,0.7178780364990232,0.7178780364990232
17.01,35.388287,-18.37828659057617,18.37828659057617
4.56,9.089932,-4.529932441711426,4.529932441711426
31.08,23.113977,7.966022567749022,7.966022567749022
7.66,11.751332,-4.091332283020019,4.091332283020019
8.94,10.764921,-1.8249211883544927,1.8249211883544927
3.4,10.312011,-6.912010765075683,6.912010765075683
11.86,14.945319,-3.0853191757202154,3.0853191757202154
9.43,15.363248,-5.933247871398926,5.933247871398926
25.14,20.23375,4.906250610351563,4.906250610351563
9.63,11.003817,-1.373816604614257,1.373816604614257
7.82,9.532908,-1.7129084396362302,1.7129084396362302
2.8,15.127063,-12.327062797546386,12.327062797546386
6.36,11.59544,-5.2354399108886716,5.2354399108886716
19.8,17.711586,2.0884140014648445,2.0884140014648445
13.13,23.457623,-10.327622528076171,10.327622528076171
16.53,11.638369,4.891631393432618,4.891631393432618
32.0,25.057346,6.942653656005859,6.942653656005859
1.65,12.963499,-11.313499069213867,11.313499069213867
2.8,10.340983,-7.540983390808106,7.540983390808106
29.64,13.539631,16.100369110107422,16.100369110107422
22.6,18.040108,4.55989227294922,4.55989227294922
7.9,9.672158,-1.7721582412719723,1.7721582412719723
18.57,13.080458,5.489542312622071,5.489542312622071
12.43,20.306175,-7.876175231933594,7.876175231933594
5.4,15.151502,-9.751501655578613,9.751501655578613
9.0,13.539994,-4.539994239807129,4.539994239807129
7.06,10.407796,-3.347795906066895,3.347795906066895
9.0,13.229267,-4.229267120361328,4.229267120361328
40.52,12.420377,28.099623222351077,28.099623222351077
0.7,7.0980883,-6.398088264465332,6.398088264465332
22.93,11.761783,11.1682173538208,11.1682173538208
14.01,15.961725,-1.9517252349853518,1.9517252349853518
23.42,15.302052,8.117948455810549,8.117948455810549
11.6,14.105002,-2.5050024032592777,2.5050024032592777
22.98,21.26761,1.7123894500732426,1.7123894500732426
8.76,12.678053,-3.91805290222168,3.91805290222168
51.07,26.307077,24.762922592163086,24.762922592163086
4.96,19.18888,-14.228880920410155,14.228880920410155
16.45,26.857588,-10.407587814331055,10.407587814331055
2.49,10.419373,-7.92937255859375,7.92937255859375
21.37,22.858345,-1.4883450317382803,1.4883450317382803
22.87,25.351465,-2.4814652252197256,2.4814652252197256
30.41,15.683614,14.726386222839356,14.726386222839356
0.06,15.141085,-15.081084671020507,15.081084671020507
16.66,10.634437,6.02556339263916,6.02556339263916
10.7,13.304223,-2.604223060607911,2.604223060607911
11.1,12.77404,-1.674040222167969,1.674040222167969
8.11,10.109612,-1.9996124649047857,1.9996124649047857
27.1,23.132822,3.9671779632568374,3.9671779632568374
14.77,11.058946,3.7110543441772457,3.7110543441772457
10.8,11.607681,-0.8076812744140618,0.8076812744140618
17.84,13.173836,4.666164245605469,4.666164245605469
2.82,11.563133,-8.743133239746093,8.743133239746093
7.87,12.6378565,-4.7678564834594725,4.7678564834594725
56.33,15.52754,40.80245979309082,40.80245979309082
14.62,35.095802,-20.47580230712891,20.47580230712891
39.57,23.58382,15.986179656982422,15.986179656982422
44.26,14.334222,29.925778160095213,29.925778160095213
0.03,13.53386,-13.503860206604005,13.503860206604005
54.95,13.113996,41.836004447937015,41.836004447937015
17.63,31.317144,-13.6871443939209,13.6871443939209
0.08,12.872743,-12.792742652893066,12.792742652893066
45.95,28.20662,17.74338073730469,17.74338073730469
60.94,9.486833,51.45316738128662,51.45316738128662
38.9,25.870438,13.029562377929686,13.029562377929686
23.64,27.230715,-3.5907147979736322,3.5907147979736322
0.04,9.534869,-9.494869194030763,9.494869194030763
3.15,8.430865,-5.280865287780761,5.280865287780761
5.2,14.63093,-9.430929946899415,9.430929946899415
8.1,18.789356,-10.689356231689453,10.689356231689453
37.2,17.757387,19.44261283874512,19.44261283874512
6.6,23.33531,-16.735309982299803,16.735309982299803
16.84,22.528994,-5.688993606567383,5.688993606567383
6.09,12.197095,-6.107094917297363,6.107094917297363
50.29,19.059134,31.230866470336913,31.230866470336913
42.73,27.06003,15.669970016479489,15.669970016479489
13.04,16.180666,-3.1406659698486337,3.1406659698486337
10.71,19.156149,-8.44614891052246,8.44614891052246
22.42,22.580276,-0.1602764892578108,0.1602764892578108
5.48,27.24677,-21.766770858764648,21.766770858764648
7.9,18.954132,-11.054132080078125,11.054132080078125
0.1,12.580186,-12.480185890197754,12.480185890197754
23.2,12.121927,11.07807273864746,11.07807273864746
43.62,18.354538,25.26546203613281,25.26546203613281
3.07,14.179819,-11.109819107055664,11.109819107055664
24.09,14.67038,9.419620361328125,9.419620361328125
15.29,19.385122,-4.095122299194337,4.095122299194337
13.15,19.878584,-6.728583908081054,6.728583908081054
11.21,13.882355,-2.672354736328124,2.672354736328124
4.02,20.414057,-16.394056777954102,16.394056777954102
23.37,16.41231,6.957690353393556,6.957690353393556
10.46,20.682146,-10.222146072387694,10.222146072387694
15.4,24.142183,-8.742183303833007,8.742183303833007
44.69,18.075537,26.614463272094724,26.614463272094724
17.7,21.772219,-4.0722187042236335,4.0722187042236335
23.3,22.53983,0.7601707458496101,0.7601707458496101
36.21,23.508858,12.70114227294922,12.70114227294922
13.14,18.388607,-5.248607025146484,5.248607025146484
11.63,14.093183,-2.4631825637817375,2.4631825637817375
14.17,16.221542,-2.0515423583984376,2.0515423583984376
10.22,17.90718,-7.687180786132812,7.687180786132812
43.44,29.38225,14.057750167846677,14.057750167846677
52.6,22.778723,29.821277236938478,29.821277236938478
16.0,20.554394,-4.554393768310547,4.554393768310547
7.49,18.85223,-11.362230072021484,11.362230072021484
6.1,21.298536,-15.19853630065918,15.19853630065918
17.12,20.233068,-3.1130684661865224,3.1130684661865224
15.73,21.141968,-5.4119677734375,5.4119677734375
22.64,18.785109,3.854891433715821,3.854891433715821
3.4,18.796207,-15.396207427978515,15.396207427978515
15.43,22.883026,-7.453026123046875,7.453026123046875
30.65,30.201506,0.4484943389892564,0.4484943389892564
34.18,33.31564,0.8643605041503903,0.8643605041503903
15.2,20.373474,-5.173474121093751,5.173474121093751
51.25,17.561453,33.688547134399414,33.688547134399414
11.7,20.785444,-9.085444259643555,9.085444259643555
12.9,21.359688,-8.459687805175781,8.459687805175781
11.0,14.730552,-3.7305517196655273,3.7305517196655273
27.78,28.625095,-0.8450953674316395,0.8450953674316395
41.42,22.999683,18.42031661987305,18.42031661987305
10.9,21.92943,-11.02943000793457,11.02943000793457
30.0,24.515743,5.484256744384766,5.484256744384766
8.18,19.222658,-11.042658157348633,11.042658157348633
22.85,32.743782,-9.89378204345703,9.89378204345703
20.15,37.205875,-17.055875396728517,17.055875396728517
14.36,17.333738,-2.9737383270263678,2.9737383270263678
23.26,19.10485,4.155149230957033,4.155149230957033
9.7,23.334364,-13.63436393737793,13.63436393737793
14.29,21.546377,-7.256377182006837,7.256377182006837
19.08,18.34375,0.7362499999999983,0.7362499999999983
20.65,25.735764,-5.085763549804689,5.085763549804689
22.82,29.78137,-6.961370162963867,6.961370162963867
3.2,31.189453,-27.989453125,27.989453125
10.37,25.898455,-15.528454666137696,15.528454666137696
23.91,32.919426,-9.009425964355469,9.009425964355469
0.1,23.65799,-23.557989501953124,23.557989501953124
6.2,11.66539,-5.465390014648437,5.465390014648437
18.09,20.8388,-2.7488004302978517,2.7488004302978517
17.12,35.955334,-18.835333709716796,18.835333709716796
18.2,19.588173,-1.388172912597657,1.388172912597657
13.23,19.396133,-6.166133422851562,6.166133422851562
38.32,27.642214,10.677786178588867,10.677786178588867
55.18,41.263058,13.916942291259765,13.916942291259765
0.9,28.485203,-27.585202789306642,27.585202789306642
0.2,19.11723,-18.917229461669923,18.917229461669923
33.5,15.983329,17.516671180725098,17.516671180725098
42.4,24.988157,17.41184272766113,17.41184272766113
65.52,23.043129,42.47687103271484,42.47687103271484
14.3,28.563227,-14.2632266998291,14.2632266998291
9.6,10.253842,-0.6538423538208011,0.6538423538208011
5.33,16.442022,-11.112022323608398,11.112022323608398
3.92,19.551224,-15.631223754882813,15.631223754882813
17.29,17.697523,-0.40752311706543054,0.40752311706543054
27.66,18.799385,8.860614929199219,8.860614929199219
27.19,26.270554,0.9194464111328138,0.9194464111328138
2.75,7.8571754,-5.107175350189209,5.107175350189209
17.54,18.84429,-1.3042897796630868,1.3042897796630868
11.9,15.078388,-3.1783882141113278,3.1783882141113278
20.91,17.083937,3.8260633087158205,3.8260633087158205
6.47,12.953632,-6.483632354736328,6.483632354736328
7.9,14.680243,-6.780242538452148,6.780242538452148
46.78,18.254255,28.525744705200196,28.525744705200196
13.54,14.353667,-0.8136672592163094,0.8136672592163094
0.05,11.273915,-11.223915290832519,11.223915290832519
19.3,15.049083,4.25091724395752,4.25091724395752
19.02,17.020866,1.9991336059570308,1.9991336059570308
4.85,13.475961,-8.625960731506348,8.625960731506348
40.61,20.341127,20.268872604370117,20.268872604370117
29.96,32.895573,-2.9355726623535148,2.9355726623535148
6.49,12.938069,-6.448069343566894,6.448069343566894
24.58,17.259026,7.3209744262695295,7.3209744262695295
13.81,16.972033,-3.16203254699707,3.16203254699707
20.07,17.659496,2.4105036926269534,2.4105036926269534
19.72,15.5573435,4.1626565170288075,4.1626565170288075
38.4,30.117025,8.282974624633788,8.282974624633788
1.19,14.063215,-12.873215255737305,12.873215255737305
3.18,11.541717,-8.361716575622559,8.361716575622559
14.95,11.229533,3.720466804504394,3.720466804504394
19.55,16.072386,3.4776142120361335,3.4776142120361335
9.09,18.84215,-9.75214973449707,9.75214973449707
25.9,15.937845,9.96215476989746,9.96215476989746
47.77,36.19376,11.576240081787113,11.576240081787113
4.29,12.991634,-8.701634368896485,8.701634368896485
26.02,17.090021,8.929978866577148,8.929978866577148
44.89,19.806532,25.08346809387207,25.08346809387207
1.12,7.7064943,-6.586494331359863,6.586494331359863
9.03,13.484866,-4.45486614227295,4.45486614227295
31.72,18.99496,12.72503921508789,12.72503921508789
10.0,10.632796,-0.6327962875366211,0.6327962875366211
31.19,22.66318,8.526820602416993,8.526820602416993
1.99,10.351464,-8.36146427154541,8.36146427154541
2.9,15.457818,-12.557818031311035,12.557818031311035
6.3,9.431044,-3.13104362487793,3.13104362487793
55.74,24.305075,31.43492530822754,31.43492530822754
16.35,32.103165,-15.753164672851561,15.753164672851561
11.71,15.028431,-3.3184309387207023,3.3184309387207023
21.9,20.835028,1.0649723052978501,1.0649723052978501
25.66,24.99866,0.6613408660888673,0.6613408660888673
6.56,8.999751,-2.4397510910034184,2.4397510910034184
11.0,14.182181,-3.1821813583374023,3.1821813583374023
16.88,13.778619,3.101381187438964,3.101381187438964
6.15,14.147623,-7.997623062133789,7.997623062133789
43.24,16.285343,26.954656829833986,26.954656829833986
6.91,8.874612,-1.9646118545532225,1.9646118545532225
12.48,12.317467,0.16253326416015668,0.16253326416015668
23.12,14.9715395,8.148460502624513,8.148460502624513
14.5,15.087913,-0.5879125595092773,0.5879125595092773
1.25,11.739119,-10.489118576049805,10.489118576049805
26.81,18.762186,8.04781394958496,8.04781394958496
6.95,9.215785,-2.265785026550293,2.265785026550293
22.3,20.311552,1.9884479522705085,1.9884479522705085
4.36,10.951239,-6.591238632202148,6.591238632202148
34.13,24.670399,9.4596012878418,9.4596012878418
19.26,24.052017,-4.792017211914061,4.792017211914061
27.07,18.665756,8.404243774414063,8.404243774414063
14.94,15.681092,-0.7410922622680669,0.7410922622680669
0.12,14.147623,-14.02762306213379,14.02762306213379
10.7,9.798633,0.9013673782348626,0.9013673782348626
25.33,22.671354,2.658645706176756,2.658645706176756
29.81,24.191292,5.6187081909179675,5.6187081909179675
11.04,18.681488,-7.641488037109376,7.641488037109376
28.05,21.130997,6.919003295898438,6.919003295898438
41.8,22.210556,19.58944396972656,19.58944396972656
29.61,9.259403,20.350596771240234,20.350596771240234
0.42,21.929321,-21.5093212890625,21.5093212890625
22.36,23.076702,-0.7167021179199224,0.7167021179199224
3.61,19.26105,-15.651049270629883,15.651049270629883
1.9,16.223543,-14.323543167114257,14.323543167114257
8.33,15.294381,-6.964381141662598,6.964381141662598
31.43,21.373734,10.056266479492187,10.056266479492187
30.05,22.340506,7.709494400024415,7.709494400024415
13.88,17.260439,-3.380438919067382,3.380438919067382
16.46,17.330591,-0.8705912017822257,0.8705912017822257
20.27,18.416918,1.8530821990966793,1.8530821990966793
3.19,7.5682983,-4.3782983398437505,4.3782983398437505
6.51,8.549547,-2.0395471954345705,2.0395471954345705
15.95,15.500221,0.44977874755859304,0.44977874755859304
19.9,17.395613,2.504387283325194,2.504387283325194
11.2,9.271389,1.92861099243164,1.92861099243164
24.09,10.323183,13.766816940307617,13.766816940307617
26.99,14.518196,12.471803894042967,12.471803894042967
0.4,10.224408,-9.824408149719238,9.824408149719238
1.9,11.682026,-9.782025909423828,9.782025909423828
3.31,10.730505,-7.420504989624023,7.420504989624023
51.9,16.494946,35.40505447387695,35.40505447387695
32.96,10.502667,22.457332572937013,22.457332572937013
16.68,25.424074,-8.744074172973633,8.744074172973633
19.17,10.0029745,9.16702548980713,9.16702548980713
8.54,10.777474,-2.2374744033813485,2.2374744033813485
4.54,12.516401,-7.976401290893555,7.976401290893555
3.76,12.300944,-8.540944328308106,8.540944328308106
8.11,12.394868,-4.284867897033692,4.284867897033692
19.13,12.262693,6.867306594848632,6.867306594848632
22.32,18.474207,3.8457930755615237,3.8457930755615237
12.14,14.757115,-2.6171153640747065,2.6171153640747065
16.95,11.251952,5.698047828674316,5.698047828674316
7.1,9.181733,-2.0817331314086918,2.0817331314086918
4.76,10.345358,-5.585357894897461,5.585357894897461
53.25,20.324951,32.925048828125,32.925048828125
0.2,15.167891,-14.967890548706055,14.967890548706055
5.0,10.918168,-5.918168067932129,5.918168067932129
12.54,14.822069,-2.282069168090821,2.282069168090821
34.87,21.141289,13.728711242675779,13.728711242675779
11.03,12.310725,-1.2807252120971686,1.2807252120971686
4.52,13.506104,-8.986104469299317,8.986104469299317
35.99,30.214853,5.775146713256838,5.775146713256838
8.55,10.287803,-1.7378026962280266,1.7378026962280266
5.57,11.803322,-6.233321838378906,6.233321838378906
0.9,13.558849,-12.658849334716797,12.658849334716797
25.77,11.478912,14.291087646484375,14.291087646484375
9.9,8.395216,1.5047840118408207,1.5047840118408207
4.58,9.078111,-4.498110694885254,4.498110694885254
17.62,23.63147,-6.011469726562499,6.011469726562499
13.58,16.090017,-2.510017318725586,2.510017318725586
26.9,11.451638,15.448361778259276,15.448361778259276
33.0,22.916763,10.083236694335938,10.083236694335938
10.91,18.606062,-7.6960619354248045,7.6960619354248045
21.41,13.569108,7.840891990661621,7.840891990661621
7.06,19.758144,-12.69814437866211,12.69814437866211
5.4,9.937115,-4.5371147155761715,4.5371147155761715
22.17,13.996583,8.173417015075685,8.173417015075685
1.77,11.237241,-9.467240791320801,9.467240791320801
20.75,15.913623,4.836377143859863,4.836377143859863
24.09,12.273596,11.816404190063476,11.816404190063476
38.91,15.425283,23.48471656799316,23.48471656799316
10.19,13.961312,-3.771312294006348,3.771312294006348
8.8,22.018276,-13.218276214599609,13.218276214599609
24.09,20.359596,3.7304037475585936,3.7304037475585936
33.53,24.338911,9.191088943481446,9.191088943481446
13.63,10.2420845,3.3879154968261727,3.3879154968261727
13.12,14.343791,-1.2237910079956063,1.2237910079956063
18.31,17.92944,0.38056045532226435,0.38056045532226435
5.53,13.308611,-7.778610916137695,7.778610916137695
10.09,8.786861,1.3031385803222655,1.3031385803222655
22.1,12.124849,9.975150680541994,9.975150680541994
2.63,13.125721,-10.495720977783204,10.495720977783204
0.1,12.565896,-12.465896034240723,12.465896034240723
4.2,18.036758,-13.836758422851563,13.836758422851563
6.18,10.219477,-4.039476699829102,4.039476699829102
9.19,9.772958,-0.5829578018188482,0.5829578018188482
12.92,12.316308,0.6036919784545898,0.6036919784545898
6.25,10.259641,-4.009640693664551,4.009640693664551
20.69,17.377855,3.312144699096681,3.312144699096681
40.0,20.769394,19.230606079101562,19.230606079101562
14.8,16.252686,-1.4526855468749993,1.4526855468749993
27.58,21.964941,5.615058975219725,5.615058975219725
20.1,26.43666,-6.336660766601561,6.336660766601561
28.29,18.590399,9.69960121154785,9.69960121154785
36.6,17.178453,19.42154655456543,19.42154655456543
10.49,27.700489,-17.21048904418945,17.21048904418945
17.96,22.51017,-4.550169982910155,4.550169982910155
16.2,22.00747,-5.8074691772460945,5.8074691772460945
2.59,12.292713,-9.702713165283203,9.702713165283203
35.3,18.752005,16.54799537658691,16.54799537658691
10.39,22.54339,-12.153390274047851,12.153390274047851
12.06,11.450502,0.6094976043701177,0.6094976043701177
8.7,19.954422,-11.254421997070313,11.254421997070313
9.02,10.67213,-1.652129631042481,1.652129631042481
16.2,17.420578,-1.2205780029296882,1.2205780029296882
52.84,14.275512,38.56448825836182,38.56448825836182
23.44,21.165997,2.2740034484863294,2.2740034484863294
55.23,27.689558,27.540441970825192,27.540441970825192
2.22,10.398682,-8.178681640625,8.178681640625
6.84,26.412086,-19.572086486816406,19.572086486816406
11.13,14.336152,-3.2061520767211906,3.2061520767211906
22.3,22.169806,0.13019447326660227,0.13019447326660227
13.31,19.73236,-6.4223608398437495,6.4223608398437495
7.45,16.67522,-9.225220489501954,9.225220489501954
18.2,20.510311,-2.310311126708985,2.310311126708985
9.39,20.158321,-10.768321380615234,10.768321380615234
13.3,24.396925,-11.096924972534179,11.096924972534179
10.67,20.866838,-10.196838455200195,10.196838455200195
23.59,15.092893,8.497107353210449,8.497107353210449
59.0,25.832787,33.167213439941406,33.167213439941406
8.02,25.346766,-17.326765518188477,17.326765518188477
6.67,18.953348,-12.28334815979004,12.28334815979004
11.5,16.115894,-4.615894317626953,4.615894317626953
14.94,15.997531,-1.0575309371948247,1.0575309371948247
46.35,26.0207,20.329299545288087,20.329299545288087
55.16,26.677475,28.48252502441406,28.48252502441406
22.9,22.795486,0.10451354980468608,0.10451354980468608
0.09,11.268071,-11.178071174621582,11.178071174621582
21.06,29.936829,-8.876828613281251,8.876828613281251
29.64,28.466856,1.1731439971923834,1.1731439971923834
24.06,20.31186,3.7481408691406237,3.7481408691406237
29.86,21.881205,7.97879539489746,7.97879539489746
29.74,16.174416,13.565584411621092,13.565584411621092
17.85,19.474072,-1.6240715026855455,1.6240715026855455
20.49,12.127859,8.362140884399412,8.362140884399412
22.2,15.084432,7.115568351745605,7.115568351745605
28.0,33.296104,-5.296104431152344,5.296104431152344
49.44,28.302275,21.137725296020506,21.137725296020506
10.2,10.201621,-0.0016210556030280543,0.0016210556030280543
15.45,20.879597,-5.429596710205079,5.429596710205079
22.7,19.797941,2.902058792114257,2.902058792114257
29.0,34.318104,-5.318103790283203,5.318103790283203
26.81,15.221637,11.588363227844237,11.588363227844237
14.71,15.909821,-1.1998205566406241,1.1998205566406241
25.08,16.269588,8.810411529541014,8.810411529541014
28.16,28.81546,-0.6554602050781249,0.6554602050781249
16.29,22.884956,-6.594956359863282,6.594956359863282
37.21,20.463875,16.74612518310547,16.74612518310547
9.0,15.558904,-6.558903694152832,6.558903694152832
11.2,23.250101,-12.05010108947754,12.05010108947754
5.07,17.335215,-12.265214614868164,12.265214614868164
10.24,16.594427,-6.354427108764648,6.354427108764648
27.66,19.07539,8.584610137939453,8.584610137939453
46.82,16.932512,29.887487716674805,29.887487716674805
3.25,13.702223,-10.45222282409668,10.45222282409668
42.54,18.947279,23.59272102355957,23.59272102355957
46.55,33.828552,12.721447753906247,12.721447753906247
0.01,18.41596,-18.405960311889647,18.405960311889647
1.14,19.025616,-17.88561569213867,17.88561569213867
7.72,13.936554,-6.216553955078125,6.216553955078125
28.97,37.671818,-8.701817779541017,8.701817779541017
18.55,28.861456,-10.311455917358398,10.311455917358398
20.64,25.109835,-4.469834671020507,4.469834671020507
20.38,23.323637,-2.943637008666993,2.943637008666993
17.53,18.697027,-1.1670272064208973,1.1670272064208973
48.19,27.470615,20.719384613037107,20.719384613037107
42.8,21.73391,21.066090393066403,21.066090393066403
6.08,19.20336,-13.123359603881836,13.123359603881836
15.78,36.704803,-20.924803466796874,20.924803466796874
12.22,14.296026,-2.076026229858398,2.076026229858398
0.55,23.79312,-23.24311943054199,23.24311943054199
23.6,20.684345,2.9156547546386733,2.9156547546386733
32.25,24.935637,7.314363479614258,7.314363479614258
19.69,21.184587,-1.494587478637694,1.494587478637694
10.09,10.716403,-0.6264030075073244,0.6264030075073244
39.91,25.82819,14.081810150146481,14.081810150146481
47.7,29.189425,18.510575485229495,18.510575485229495
18.2,22.599758,-4.39975814819336,4.39975814819336
18.2,38.015884,-19.815884399414063,19.815884399414063
7.9,25.145071,-17.245071029663087,17.245071029663087
42.95,24.488901,18.46109886169434,18.46109886169434
25.9,30.545776,-4.645776367187501,4.645776367187501
27.77,25.374397,2.3956027221679683,2.3956027221679683
12.44,17.60509,-5.165089187622071,5.165089187622071
5.7,32.16546,-26.46545867919922,26.46545867919922
38.62,29.31711,9.30288993835449,9.30288993835449
19.91,29.470667,-9.560666885375976,9.560666885375976
33.45,35.452087,-2.002087402343747,2.002087402343747
7.9,16.731426,-8.831426239013672,8.831426239013672
35.73,17.093801,18.63619850158691,18.63619850158691
35.5,32.071877,3.4281234741210938,3.4281234741210938
12.3,14.194842,-1.894842338562011,1.894842338562011
20.06,14.355528,5.7044721221923815,5.7044721221923815
35.72,23.783472,11.936527938842772,11.936527938842772
6.79,17.697523,-10.90752311706543,10.90752311706543
58.3,23.2413,35.058699417114255,35.058699417114255
0.63,18.695004,-18.065003509521485,18.065003509521485
8.9,16.807112,-7.907111740112304,7.907111740112304
7.67,15.968198,-8.2981978225708,8.2981978225708
15.06,17.181072,-2.1210722351074214,2.1210722351074214
17.01,27.49089,-10.480890502929686,10.480890502929686
8.6,15.848769,-7.2487691879272464,7.2487691879272464
18.7,11.002796,7.697203826904296,7.697203826904296
8.19,22.264523,-14.074522552490235,14.074522552490235
0.64,16.5725,-15.932500228881835,15.932500228881835
17.89,19.421097,-1.531096801757812,1.531096801757812
24.43,16.148792,8.281207733154297,8.281207733154297
3.96,16.960615,-13.000615158081054,13.000615158081054
3.34,13.475961,-10.135960731506348,10.135960731506348
16.92,20.35947,-3.439470367431639,3.439470367431639
13.0,14.451507,-1.4515066146850586,1.4515066146850586
21.49,21.669859,-0.17985893249511875,0.17985893249511875
23.11,12.580338,10.529662475585937,10.529662475585937
20.1,14.322528,5.77747211456299,5.77747211456299
13.54,17.562773,-4.022772750854493,4.022772750854493
7.7,8.445624,-0.7456243515014647,0.7456243515014647
41.48,31.591394,9.88860557556152,9.88860557556152
21.34,18.230913,3.1090868377685545,3.1090868377685545
56.39,19.81726,36.5727392578125,36.5727392578125
20.08,18.126331,1.9536686706542952,1.9536686706542952
23.03,20.79341,2.2365906524658214,2.2365906524658214
18.34,26.723032,-8.383031997680664,8.383031997680664
8.0,12.908384,-4.908384323120117,4.908384323120117
9.92,25.745306,-15.825306015014649,15.825306015014649
5.17,25.15086,-19.98085983276367,19.98085983276367
9.93,13.1070385,-3.177038497924805,3.177038497924805
11.6,11.36835,0.23164997100830043,0.23164997100830043
12.89,19.903917,-7.01391731262207,7.01391731262207
24.2,15.835768,8.36423225402832,8.36423225402832
23.2,13.046463,10.153536987304687,10.153536987304687
1.35,8.09516,-6.745159530639649,6.745159530639649
16.92,16.578485,0.34151451110840014,0.34151451110840014
2.0,10.062503,-8.06250286102295,8.06250286102295
10.0,13.742282,-3.742281913757324,3.742281913757324
38.46,16.683674,21.776326141357423,21.776326141357423
4.1,10.141251,-6.041250610351563,6.041250610351563
24.1,14.741349,9.358650779724123,9.358650779724123
36.14,9.397324,26.742676391601563,26.742676391601563
4.8,10.262009,-5.462008666992188,5.462008666992188
13.61,16.573204,-2.9632040405273443,2.9632040405273443
16.56,16.586111,-0.026111068725587216,0.026111068725587216
5.0,19.97243,-14.972429275512695,14.972429275512695
9.4,7.7477746,1.6522253990173343,1.6522253990173343
26.33,16.494946,9.835054473876951,9.835054473876951
7.93,8.999751,-1.0697510910034183,1.0697510910034183
18.92,13.664855,5.255144996643068,5.255144996643068
40.79,11.22656,29.56344036102295,29.56344036102295
2.29,8.999751,-6.709751091003418,6.709751091003418
5.95,9.875776,-3.9257762908935545,3.9257762908935545
2.18,30.155985,-27.97598487854004,27.97598487854004
30.84,11.055345,19.784655418395996,19.784655418395996
6.91,24.152195,-17.24219497680664,17.24219497680664
13.99,21.69831,-7.708310852050781,7.708310852050781
8.66,20.797064,-12.137063827514648,12.137063827514648
8.56,11.456417,-2.896417083740234,2.896417083740234
30.09,10.053504,20.03649600982666,20.03649600982666
0.9,10.780655,-9.880654907226562,9.880654907226562
12.52,11.127752,1.3922476959228511,1.3922476959228511
12.23,10.2171955,2.0128044891357426,2.0128044891357426
4.54,12.183424,-7.64342399597168,7.64342399597168
19.72,15.262863,4.457136840820311,4.457136840820311
16.92,12.113619,4.806381149291994,4.806381149291994
3.46,7.170307,-3.710307159423828,3.710307159423828
3.38,13.3339,-9.953900451660157,9.953900451660157
1.28,21.2236,-19.94360038757324,19.94360038757324
29.28,9.080293,20.19970729827881,20.19970729827881
12.32,16.168615,-3.848615341186523,3.848615341186523
13.98,10.797732,3.182267646789551,3.182267646789551
21.7,11.306738,10.393262100219726,10.393262100219726
14.15,8.968533,5.181467437744141,5.181467437744141
25.22,22.410612,2.8093878936767567,2.8093878936767567
9.78,10.384138,-0.6041381072998053,0.6041381072998053
15.9,17.530544,-1.630544281005859,1.630544281005859
3.1,7.9774876,-4.877487564086914,4.877487564086914
5.44,17.175762,-11.73576217651367,11.73576217651367
20.6,16.999805,3.6001945495605483,3.6001945495605483
7.1,11.705319,-4.605319404602051,4.605319404602051
8.38,9.467299,-1.0872994613647453,1.0872994613647453
16.58,11.94895,4.631050186157225,4.631050186157225
7.5,13.778327,-6.278326988220215,6.278326988220215
17.6,16.968922,0.6310783386230483,0.6310783386230483
18.01,19.352898,-1.3428976440429672,1.3428976440429672
2.36,10.834099,-8.47409881591797,8.47409881591797
15.59,9.785187,5.804813232421875,5.804813232421875
15.04,22.29849,-7.258490524291993,7.258490524291993
8.1,13.098334,-4.998334312438965,4.998334312438965
12.89,12.106957,0.7830425643920904,0.7830425643920904
17.7,8.515223,9.184777450561523,9.184777450561523
10.8,7.28605,3.513950157165528,3.513950157165528
1.12,9.567998,-8.447997932434081,8.447997932434081
25.15,22.446608,2.703392410278319,2.703392410278319
4.29,11.702617,-7.412616691589355,7.412616691589355
32.62,19.749538,12.870461578369138,12.870461578369138
20.44,17.71298,2.727019729614259,2.727019729614259
17.84,12.161707,5.678293075561523,5.678293075561523
35.28,19.081892,16.198107986450196,16.198107986450196
17.7,12.373976,5.32602424621582,5.32602424621582
0.03,22.080975,-22.05097457885742,22.05097457885742
13.84,12.283812,1.5561884307861327,1.5561884307861327
6.49,14.0391865,-7.549186477661133,7.549186477661133
21.37,27.998817,-6.628817443847655,6.628817443847655
26.6,13.287632,13.31236801147461,13.31236801147461
2.12,7.1259303,-5.005930309295654,5.005930309295654
8.85,14.1581335,-5.308133506774903,5.308133506774903
45.38,23.824955,21.555045013427737,21.555045013427737
3.05,11.656974,-8.606973838806152,8.606973838806152
31.98,24.281754,7.698246459960938,7.698246459960938
15.98,16.651232,-0.6712317657470699,0.6712317657470699
32.6,23.104214,9.495786285400392,9.495786285400392
15.68,13.047266,2.632733993530273,2.632733993530273
9.22,12.855822,-3.6358216094970697,3.6358216094970697
8.26,28.181162,-19.921161880493166,19.921161880493166
9.4,15.994918,-6.594917869567871,6.594917869567871
20.1,23.296623,-3.1966232299804673,3.1966232299804673
8.58,11.483414,-2.9034136962890624,2.9034136962890624
3.32,10.353916,-7.03391616821289,7.03391616821289
36.26,10.693657,25.56634307861328,25.56634307861328
41.0,28.711103,12.288896560668945,12.288896560668945
22.14,19.998817,2.1411825561523443,2.1411825561523443
50.59,26.665133,23.924867477416996,23.924867477416996
8.9,8.263977,0.6360229492187504,0.6360229492187504
14.8,14.796924,0.003076362609863992,0.003076362609863992
11.1,20.663177,-9.563177490234375,9.563177490234375
21.05,13.584156,7.465843963623048,7.465843963623048
17.76,24.518948,-6.758947601318358,6.758947601318358
19.08,17.300642,1.7793579864501936,1.7793579864501936
47.87,27.577547,20.29245292663574,20.29245292663574
6.62,21.8991,-15.279099349975585,15.279099349975585
26.22,13.892774,12.327226371765136,12.327226371765136
16.66,17.0595,-0.3994997406005858,0.3994997406005858
11.7,15.838792,-4.138791847229005,4.138791847229005
12.6,12.5285425,0.07145748138427699,0.07145748138427699
2.14,7.5163517,-5.376351699829101,5.376351699829101
13.24,13.676547,-0.436547050476074,0.436547050476074
7.91,8.153064,-0.24306377410888658,0.24306377410888658
52.78,27.506319,25.273680953979493,25.273680953979493
17.1,11.352255,5.7477451324462905,5.7477451324462905
10.48,12.333531,-1.8535313796997066,1.8535313796997066
10.2,10.093082,0.10691757202148366,0.10691757202148366
6.1,21.866222,-15.766222381591797,15.766222381591797
35.27,15.303965,19.96603538513184,19.96603538513184
33.16,15.826422,17.333578262329098,17.333578262329098
24.09,15.782053,8.307947006225586,8.307947006225586
24.81,22.094385,2.715614852905272,2.715614852905272
43.95,28.862705,15.087294769287112,15.087294769287112
8.19,25.94906,-17.75906044006348,17.75906044006348
21.88,27.786585,-5.906584854125978,5.906584854125978
22.34,25.154974,-2.8149739837646486,2.8149739837646486
28.95,21.187635,7.76236457824707,7.76236457824707
30.0,23.964973,6.035026550292969,6.035026550292969
22.33,21.510382,0.8196183013915999,0.8196183013915999
36.24,24.180634,12.059366455078127,12.059366455078127
12.15,23.109833,-10.959832763671875,10.959832763671875
9.2,19.09447,-9.894469070434571,9.894469070434571
10.78,22.449987,-11.669987411499024,11.669987411499024
28.13,13.716991,14.413008575439452,14.413008575439452
7.58,21.09609,-13.51609031677246,13.51609031677246
8.4,20.855522,-12.455522155761718,12.455522155761718
11.78,30.487158,-18.707157821655272,18.707157821655272
42.3,14.659386,27.640614318847653,27.640614318847653
12.62,20.41437,-7.794369583129884,7.794369583129884
37.4,22.526657,14.873342895507811,14.873342895507811
47.05,25.548954,21.50104598999023,21.50104598999023
25.0,19.715208,5.284791946411133,5.284791946411133
30.2,23.982525,6.217475128173827,6.217475128173827
15.2,25.193132,-9.993132400512696,9.993132400512696
27.82,19.66606,8.153940505981446,8.153940505981446
36.7,19.759869,16.94013137817383,16.94013137817383
4.9,19.68123,-14.781230545043945,14.781230545043945
25.84,29.170424,-3.33042350769043,3.33042350769043
7.35,16.456177,-9.1061767578125,9.1061767578125
2.25,11.182636,-8.932636260986328,8.932636260986328
22.3,21.203115,1.0968845367431648,1.0968845367431648
49.51,18.860876,30.649123916625975,30.649123916625975
12.29,16.80915,-4.519150695800782,4.519150695800782
15.42,28.32623,-12.906229095458984,12.906229095458984
11.75,16.487911,-4.737911224365234,4.737911224365234
2.56,10.7076235,-8.147623481750488,8.147623481750488
22.35,21.54903,0.8009696960449233,0.8009696960449233
14.01,22.666796,-8.65679573059082,8.65679573059082
24.44,15.021153,9.418846549987794,9.418846549987794
25.29,21.874504,3.4154959106445304,3.4154959106445304
24.55,16.857185,7.6928146362304695,7.6928146362304695
7.1,13.299977,-6.19997730255127,6.19997730255127
33.18,22.444529,10.735471420288086,10.735471420288086
19.32,26.644989,-7.324989013671875,7.324989013671875
12.05,15.902656,-3.852655601501464,3.852655601501464
8.4,10.262835,-1.862834548950195,1.862834548950195
28.0,16.784857,11.215143203735352,11.215143203735352
1.61,18.740458,-17.13045753479004,17.13045753479004
1.2,9.605611,-8.405610847473145,8.405610847473145
33.93,19.012794,14.917205505371093,14.917205505371093
6.89,31.079184,-24.18918357849121,24.18918357849121
34.63,20.065603,14.564396743774417,14.564396743774417
16.27,20.507559,-4.237558822631836,4.237558822631836
46.19,12.678922,33.51107830047607,33.51107830047607
13.96,16.152832,-2.192832031249999,2.192832031249999
47.35,27.417952,19.932048416137697,19.932048416137697
21.6,21.690636,-0.09063568115234233,0.09063568115234233
24.72,30.738253,-6.018252639770509,6.018252639770509
5.3,10.169078,-4.869077873229981,4.869077873229981
20.98,18.339098,2.64090202331543,2.64090202331543
2.9,15.820641,-12.920640563964843,12.920640563964843
8.84,28.52147,-19.681469116210938,19.681469116210938
37.79,19.763487,18.026513137817382,18.026513137817382
17.67,13.019485,4.650514526367189,4.650514526367189
60.24,39.626865,20.61313461303711,20.61313461303711
37.44,30.22684,7.21316093444824,7.21316093444824
50.45,42.89767,7.5523292541503935,7.5523292541503935
17.72,19.179245,-1.4592449951171886,1.4592449951171886
4.6,20.057137,-15.457136535644532,15.457136535644532
23.5,20.778708,2.721292495727539,2.721292495727539
12.34,18.959913,-6.61991325378418,6.61991325378418
21.55,21.955729,-0.40572853088378835,0.40572853088378835
3.43,19.555925,-16.125925369262696,16.125925369262696
8.02,24.377047,-16.35704658508301,16.35704658508301
51.77,37.301083,14.468917388916019,14.468917388916019
17.0,32.747734,-15.747734069824219,15.747734069824219
35.81,20.066536,15.743464050292971,15.743464050292971
1.7,26.205057,-24.50505714416504,24.50505714416504
31.97,33.96855,-1.9985516357421886,1.9985516357421886
25.6,29.378918,-3.7789176940917955,3.7789176940917955
4.56,23.747358,-19.187358322143556,19.187358322143556
45.86,22.241259,23.61874137878418,23.61874137878418
18.2,19.849674,-1.6496742248535163,1.6496742248535163
55.75,19.961582,35.78841781616211,35.78841781616211
40.31,31.228798,9.081202087402346,9.081202087402346
24.3,15.094346,9.205653953552247,9.205653953552247
12.72,20.760807,-8.040807037353515,8.040807037353515
30.4,19.670029,10.729971313476561,10.729971313476561
13.85,23.541023,-9.691023254394532,9.691023254394532
59.7,29.197237,30.502762985229495,30.502762985229495
24.31,22.683205,1.6267953491210925,1.6267953491210925
8.73,27.871042,-19.141042251586914,19.141042251586914
39.73,36.142532,3.5874676513671844,3.5874676513671844
0.7,15.793425,-15.093424606323243,15.093424606323243
29.0,21.102016,7.897983551025391,7.897983551025391
23.71,23.28197,0.42803092956543054,0.42803092956543054
29.58,36.305912,-6.725912017822267,6.725912017822267
25.18,27.790068,-2.6100676727294925,2.6100676727294925
8.1,20.872334,-12.772333526611328,12.772333526611328
33.46,17.046738,16.413262329101563,16.413262329101563
12.39,24.34938,-11.959380493164062,11.959380493164062
11.4,14.894373,-3.494372940063476,3.494372940063476
11.06,11.734141,-0.67414134979248,0.67414134979248
26.75,17.833729,8.916271209716797,8.916271209716797
0.1,17.96212,-17.862120056152342,17.862120056152342
51.41,25.196833,26.213167343139645,26.213167343139645
5.4,7.778609,-2.3786087989807125,2.3786087989807125
12.17,20.884035,-8.714035110473633,8.714035110473633
4.8,15.495397,-10.695396614074706,10.695396614074706
12.48,14.271134,-1.7911343765258785,1.7911343765258785
13.78,18.87619,-5.096190185546876,5.096190185546876
23.67,19.90648,3.7635192108154314,3.7635192108154314
14.9,14.042532,0.8574680328369144,0.8574680328369144
31.56,19.4404,12.119600830078124,12.119600830078124
2.89,13.467558,-10.577557907104492,10.577557907104492
42.18,13.948353,28.231647186279297,28.231647186279297
10.94,18.055014,-7.115013656616211,7.115013656616211
0.66,17.446257,-16.786256637573242,16.786256637573242
32.7,17.545925,15.154074859619143,15.154074859619143
24.23,13.916606,10.313394050598145,10.313394050598145
11.15,12.971568,-1.8215681076049801,1.8215681076049801
4.89,7.778609,-2.888608798980713,2.888608798980713
17.33,12.752479,4.5775214004516585,4.5775214004516585
19.9,16.073195,3.826805496215819,3.826805496215819
2.59,18.748402,-16.158401641845703,16.158401641845703
33.62,13.724597,19.89540302276611,19.89540302276611
16.7,16.427559,0.27244110107421804,0.27244110107421804
10.1,14.396153,-4.296153450012207,4.296153450012207
6.68,17.762205,-11.082205123901367,11.082205123901367
2.15,12.8469095,-10.696909523010254,10.696909523010254
10.37,15.646153,-5.276153450012208,5.276153450012208
8.3,11.515464,-3.2154638290405266,3.2154638290405266
2.7,10.437592,-7.737591552734375,7.737591552734375
6.28,12.939461,-6.659460754394531,6.659460754394531
8.68,20.488808,-11.808807678222657,11.808807678222657
10.32,10.475325,-0.1553246307373044,0.1553246307373044
12.09,9.406177,2.683823432922363,2.683823432922363
13.4,14.71649,-1.3164897918701168,1.3164897918701168
15.78,10.249211,5.530788688659667,5.530788688659667
2.52,14.347023,-11.827023010253907,11.827023010253907
2.53,10.641368,-8.111367912292481,8.111367912292481
1.09,10.56593,-9.475930366516113,9.475930366516113
11.04,12.816736,-1.7767362213134774,1.7767362213134774
2.55,8.792135,-6.242135238647461,6.242135238647461
3.16,9.132321,-5.972321357727051,5.972321357727051
25.51,20.572163,4.937837371826173,4.937837371826173
13.82,10.386814,3.4331858825683597,3.4331858825683597
9.36,25.945345,-16.58534492492676,16.58534492492676
10.26,16.4312,-6.1712000274658205,6.1712000274658205
11.69,9.527653,2.162347259521484,2.162347259521484
5.48,17.32152,-11.84151985168457,11.84151985168457
15.66,15.862432,-0.2024315261840819,0.2024315261840819
4.0,15.671317,-11.671317100524902,11.671317100524902
10.44,6.119726,4.320273818969726,4.320273818969726
4.9,17.5292,-12.629199600219726,12.629199600219726
24.03,21.393036,2.636964111328126,2.636964111328126
4.3,9.337878,-5.037878227233887,5.037878227233887
11.62,10.509448,1.1105519485473625,1.1105519485473625
5.3,9.264213,-3.9642126083374025,3.9642126083374025
15.59,16.374748,-0.7847482299804689,0.7847482299804689
9.86,15.890165,-6.030165328979493,6.030165328979493
30.78,25.681091,5.098908691406251,5.098908691406251
6.14,11.311064,-5.1710637664794925,5.1710637664794925
8.8,16.799307,-7.999306869506835,7.999306869506835
24.7,7.166875,17.533125114440917,17.533125114440917
0.05,9.851881,-9.801881027221679,9.801881027221679
1.07,8.884711,-7.814711265563965,7.814711265563965
61.21,31.61611,29.59389015197754,29.59389015197754
11.77,9.638396,2.131603736877441,2.131603736877441
1.15,9.037269,-7.8872686386108395,7.8872686386108395
6.0,15.257814,-9.257814407348633,9.257814407348633
4.0,11.966839,-7.966838836669922,7.966838836669922
10.3,13.102931,-2.8029310226440423,2.8029310226440423
9.2,11.364918,-2.164917755126954,2.164917755126954
6.25,12.6908,-6.440799713134766,6.440799713134766
8.34,12.393354,-4.053354415893555,4.053354415893555
7.1,11.536117,-4.4361166000366214,4.4361166000366214
11.2,17.251104,-6.051104354858399,6.051104354858399
6.8,11.607857,-4.807856750488281,4.807856750488281
48.62,16.807182,31.81281768798828,31.81281768798828
1.72,11.434977,-9.714976577758788,9.714976577758788
4.87,10.467663,-5.597662811279297,5.597662811279297
0.05,15.142214,-15.092213821411132,15.092213821411132
17.64,15.887698,1.7523018264770513,1.7523018264770513
8.3,9.432223,-1.1322233200073235,1.1322233200073235
0.06,14.248881,-14.188881340026855,14.188881340026855
7.88,19.235895,-11.355895156860353,11.355895156860353
0.02,14.290268,-14.270267944335938,14.270267944335938
19.99,15.33261,4.65738986968994,4.65738986968994
63.92,14.7408495,49.17915050506592,49.17915050506592
7.12,9.320415,-2.2004145431518554,2.2004145431518554
8.02,9.589081,-1.5690808105468754,1.5690808105468754
10.88,11.98943,-1.1094304275512687,1.1094304275512687
5.45,12.1347685,-6.684768486022949,6.684768486022949
1.57,9.556449,-7.986448936462402,7.986448936462402
2.4,6.4974737,-4.0974737167358395,4.0974737167358395
10.03,21.608665,-11.578665466308594,11.578665466308594
17.11,13.485083,3.624917373657226,3.624917373657226
21.43,8.199896,13.230104141235351,13.230104141235351
3.05,9.562437,-6.512437057495117,6.512437057495117
46.73,19.77128,26.958719711303708,26.958719711303708
13.26,17.891878,-4.631878128051758,4.631878128051758
7.13,16.919876,-9.789876098632813,9.789876098632813
11.77,10.6465025,1.1234975051879879,1.1234975051879879
8.31,9.799544,-1.4895443344116206,1.4895443344116206
0.1,12.275833,-12.175833129882813,12.175833129882813
10.1,9.9868145,0.11318550109863246,0.11318550109863246
2.0,13.117406,-11.117405891418457,11.117405891418457
9.27,9.089932,0.1800675582885738,0.1800675582885738
3.6,11.018763,-7.418762588500977,7.418762588500977
12.28,9.808876,2.471123962402343,2.471123962402343
9.4,14.194286,-4.7942863464355465,4.7942863464355465
2.86,12.882315,-10.022314682006837,10.022314682006837
42.43,23.844257,18.58574264526367,18.58574264526367
16.76,17.387405,-0.6274053955078109,0.6274053955078109
29.98,12.945338,17.034661750793457,17.034661750793457
17.18,15.925141,1.2548586654663083,1.2548586654663083
59.6,12.23179,47.36821041107178,47.36821041107178
10.3,13.716424,-3.4164239883422844,3.4164239883422844
25.34,20.125786,5.214214172363281,5.214214172363281
16.0,19.641691,-3.641691207885742,3.641691207885742
25.38,17.945633,7.4343670654296865,7.4343670654296865
5.78,12.662749,-6.882749290466308,6.882749290466308
7.0,13.315641,-6.315641403198242,6.315641403198242
18.2,13.227359,4.9726411819458,4.9726411819458
10.08,11.937444,-1.857443733215332,1.857443733215332
18.37,22.920568,-4.550568466186522,4.550568466186522
7.53,8.326049,-0.7960488510131833,0.7960488510131833
20.6,18.615965,1.9840351104736342,1.9840351104736342
64.73,17.029394,47.70060585021973,47.70060585021973
18.5,28.36826,-9.86825942993164,9.86825942993164
2.4,17.044977,-14.644977188110351,14.644977188110351
14.3,25.614908,-11.314908218383788,11.314908218383788
50.3,24.38898,25.91101913452148,25.91101913452148
5.71,31.666851,-25.95685104370117,25.95685104370117
0.26,19.525372,-19.26537155151367,19.26537155151367
5.11,20.726927,-15.616926803588868,15.616926803588868
24.45,25.242748,-0.7927482604980476,0.7927482604980476
8.4,14.785593,-6.385593032836914,6.385593032836914
40.2,17.08711,23.112889480590823,23.112889480590823
28.24,24.685766,3.554233779907225,3.554233779907225
2.61,15.822947,-13.212946548461915,13.212946548461915
9.86,14.225614,-4.365613594055176,4.365613594055176
3.8,35.731884,-31.931884002685546,31.931884002685546
24.09,14.279263,9.81073745727539,9.81073745727539
14.01,18.764944,-4.754944076538086,4.754944076538086
12.82,15.643956,-2.8239561843872067,2.8239561843872067
20.23,25.028961,-4.798961181640625,4.798961181640625
26.92,24.6363,2.2837008666992205,2.2837008666992205
12.7,16.539246,-3.8392456054687507,3.8392456054687507
32.84,21.258566,11.581434097290042,11.581434097290042
6.32,27.280903,-20.960902862548828,20.960902862548828
38.27,26.11661,12.153390426635745,12.153390426635745
3.06,27.367792,-24.307792129516603,24.307792129516603
4.7,13.966643,-9.26664333343506,9.26664333343506
22.14,20.292507,1.8474928283691412,1.8474928283691412
11.78,17.294432,-5.514431686401368,5.514431686401368
29.07,18.268263,10.80173713684082,10.80173713684082
46.58,23.711594,22.86840637207031,22.86840637207031
64.06,24.668657,39.39134269714356,39.39134269714356
20.63,13.165469,7.4645308303833,7.4645308303833
19.05,21.221704,-2.171704483032226,2.171704483032226
24.09,10.433342,13.656658020019531,13.656658020019531
2.05,11.244729,-9.194729042053222,9.194729042053222
2.41,12.597221,-10.187221374511719,10.187221374511719
24.1,20.105984,3.994016265869142,3.994016265869142
16.36,16.911285,-0.5512854003906256,0.5512854003906256
38.27,26.43044,11.839559097290042,11.839559097290042
30.43,26.978786,3.4512135314941403,3.4512135314941403
9.98,23.52816,-13.548160095214843,13.548160095214843
3.39,9.847075,-6.457075462341308,6.457075462341308
23.21,16.369606,6.840393981933595,6.840393981933595
5.26,19.511063,-14.251062622070313,14.251062622070313
5.14,12.266473,-7.1264728164672855,7.1264728164672855
10.52,20.149374,-9.629374008178711,9.629374008178711
1.44,24.200565,-22.760565338134764,22.760565338134764
7.4,35.43459,-28.03458938598633,28.03458938598633
3.28,14.026594,-10.746594161987305,10.746594161987305
7.05,29.782763,-22.73276252746582,22.73276252746582
7.83,18.36099,-10.530990524291992,10.530990524291992
35.6,29.00259,6.597409820556642,6.597409820556642
29.71,27.08555,2.624449691772462,2.624449691772462
46.42,24.685349,21.734651489257814,21.734651489257814
13.8,19.992758,-6.19275779724121,6.19275779724121
8.16,16.357574,-8.197574462890625,8.197574462890625
60.46,21.609707,38.85029312133789,38.85029312133789
57.74,22.13635,35.603649368286135,35.603649368286135
17.02,18.193586,-1.1735863494873051,1.1735863494873051
33.84,28.869707,4.970292892456058,4.970292892456058
5.78,16.00454,-10.224539489746093,10.224539489746093
16.88,22.655712,-5.775712127685548,5.775712127685548
38.28,26.339907,11.940093307495118,11.940093307495118
17.87,12.571874,5.298126335144044,5.298126335144044
53.75,20.46236,33.28763961791992,33.28763961791992
9.1,20.078371,-10.978371047973633,10.978371047973633
13.29,19.96146,-6.6714601135253915,6.6714601135253915
48.04,36.500233,11.539767303466796,11.539767303466796
11.47,17.236223,-5.766223220825195,5.766223220825195
7.92,35.41718,-27.497179107666014,27.497179107666014
14.04,19.258041,-5.218041381835938,5.218041381835938
48.26,32.27726,15.982740173339842,15.982740173339842
7.72,21.231882,-13.511882095336915,13.511882095336915
10.22,26.492601,-16.27260139465332,16.27260139465332
43.87,38.45323,5.41676818847656,5.41676818847656
38.4,27.08209,11.317909622192381,11.317909622192381
34.76,49.26343,-14.503431549072268,14.503431549072268
10.03,17.358377,-7.32837745666504,7.32837745666504
21.7,32.262375,-10.562374877929688,10.562374877929688
11.0,12.9108715,-1.9108715057373047,1.9108715057373047
13.14,17.880867,-4.740867004394531,4.740867004394531
1.44,18.878704,-17.43870407104492,17.43870407104492
5.7,23.048874,-17.348873901367188,17.348873901367188
23.93,19.568693,4.3613068389892575,4.3613068389892575
5.06,18.75847,-13.698470535278322,13.698470535278322
0.08,19.382593,-19.30259315490723,19.30259315490723
8.9,12.307734,-3.407733535766601,3.407733535766601
38.74,23.339426,15.400573959350588,15.400573959350588
0.18,20.091593,-19.91159278869629,19.91159278869629
17.82,19.877703,-2.057702713012695,2.057702713012695
10.94,19.076948,-8.136948165893555,8.136948165893555
43.2,20.33346,22.866540145874026,22.866540145874026
30.1,19.514452,10.585548019409181,10.585548019409181
24.94,19.383102,5.556897583007814,5.556897583007814
11.9,19.673864,-7.773864364624023,7.773864364624023
16.87,22.061563,-5.191563491821288,5.191563491821288
13.3,26.072691,-12.772690963745116,12.772690963745116
16.11,22.094156,-5.98415626525879,5.98415626525879
37.32,33.248997,4.07100326538086,4.07100326538086
7.84,16.386326,-8.54632583618164,8.54632583618164
38.96,28.46608,10.493920288085938,10.493920288085938
41.72,30.30016,11.419840545654296,11.419840545654296
24.1,16.08668,8.013320541381837,8.013320541381837
14.6,24.081715,-9.481714630126953,9.481714630126953
11.93,13.008419,-1.0784190368652347,1.0784190368652347
12.59,20.63468,-8.044679794311524,8.044679794311524
19.9,15.221224,4.678776168823241,4.678776168823241
9.44,11.79992,-2.3599200820922857,2.3599200820922857
13.56,17.721628,-4.161628189086914,4.161628189086914
12.31,15.305426,-2.995425643920898,2.995425643920898
7.4,14.946557,-7.54655704498291,7.54655704498291
22.7,19.367664,3.332335662841796,3.332335662841796
15.35,19.834568,-4.484568023681641,4.484568023681641
23.27,18.92712,4.342879791259765,4.342879791259765
21.89,12.299287,9.59071315765381,9.59071315765381
5.08,17.307384,-12.227384490966797,12.227384490966797
11.98,17.38252,-5.402520675659179,5.402520675659179
10.35,17.329231,-6.979231262207032,6.979231262207032
54.38,31.610039,22.769961242675784,22.769961242675784
6.74,13.877457,-7.137456665039062,7.137456665039062
14.28,11.971493,2.308507232666015,2.308507232666015
21.0,13.998118,7.0018815994262695,7.0018815994262695
0.59,20.17545,-19.58544937133789,19.58544937133789
21.7,15.582569,6.117430877685546,6.117430877685546
9.16,10.732044,-1.572044219970703,1.572044219970703
55.2,14.947696,40.252304267883304,40.252304267883304
10.47,17.586311,-7.116311340332031,7.116311340332031
23.71,24.341845,-0.6318445587158195,0.6318445587158195
18.69,19.916468,-1.2264676666259753,1.2264676666259753
10.13,10.847807,-0.7178069305419914,0.7178069305419914
6.0,9.281565,-3.281564712524414,3.281564712524414
24.09,14.476899,9.613100852966308,9.613100852966308
0.18,11.266916,-11.086916275024414,11.086916275024414
0.06,11.645807,-11.585807266235351,11.585807266235351
4.89,10.641368,-5.751367912292481,5.751367912292481
10.9,7.1708026,3.729197406768799,3.729197406768799
10.5,7.6148806,2.8851194381713867,2.8851194381713867
11.4,16.09728,-4.697280502319336,4.697280502319336
14.66,14.53385,0.1261502838134767,0.1261502838134767
4.8,11.26363,-6.463629913330078,6.463629913330078
14.16,17.091362,-2.9313619995117186,2.9313619995117186
10.4,13.223965,-2.823964691162109,2.823964691162109
15.51,10.683935,4.826064834594726,4.826064834594726
18.54,19.121357,-0.581356964111329,0.581356964111329
0.21,12.626269,-12.416269340515136,12.416269340515136
14.99,17.854061,-2.864061126708984,2.864061126708984
19.33,18.953955,0.37604530334472486,0.37604530334472486
4.97,18.054062,-13.084061889648439,13.084061889648439
7.81,10.073788,-2.2637876892089848,2.2637876892089848
19.23,15.759635,3.470365028381348,3.470365028381348
12.35,14.152727,-1.8027271270751957,1.8027271270751957
10.32,21.05348,-10.73348014831543,10.73348014831543
18.44,24.899944,-6.459944305419921,6.459944305419921
6.5,8.761785,-2.261784553527832,2.261784553527832
2.58,10.144502,-7.564501686096191,7.564501686096191
22.3,17.386864,4.913136291503907,4.913136291503907
10.64,12.243208,-1.6032079315185541,1.6032079315185541
7.0,11.9059,-4.905900001525879,4.905900001525879
2.75,9.037105,-6.287104606628418,6.287104606628418
17.21,9.795597,7.414402923583985,7.414402923583985
9.65,20.894312,-11.244311904907226,11.244311904907226
18.04,17.84557,0.19443038940429602,0.19443038940429602
12.31,7.1424656,5.167534408569336,5.167534408569336
7.75,16.337397,-8.587396621704102,8.587396621704102
27.44,22.93238,4.50761932373047,4.50761932373047
3.07,18.82208,-15.752080612182617,15.752080612182617
39.69,14.797743,24.892257156372068,24.892257156372068
19.01,11.286541,7.72345901489258,7.72345901489258
3.92,14.393224,-10.473223762512207,10.473223762512207
0.87,14.8012,-13.931199913024903,13.931199913024903
36.41,31.194143,5.215856704711911,5.215856704711911
10.8,12.521164,-1.7211639404296868,1.7211639404296868
5.92,10.067052,-4.147051887512207,4.147051887512207
6.68,9.112081,-2.432080574035645,2.432080574035645
26.38,15.26161,11.11838996887207,11.11838996887207
9.3,12.292577,-2.9925767898559563,2.9925767898559563
24.43,11.64507,12.78492992401123,12.78492992401123
18.79,10.998167,7.791832962036132,7.791832962036132
8.7,8.002092,0.697907638549804,0.697907638549804
2.67,14.650439,-11.980439262390137,11.980439262390137
2.6,17.189272,-14.589271926879883,14.589271926879883
3.73,12.129363,-8.399363059997558,8.399363059997558
12.1,15.005448,-2.9054483413696293,2.9054483413696293
24.8,19.300354,5.499645996093751,5.499645996093751
15.78,20.60873,-4.82873031616211,4.82873031616211
7.5,10.802398,-3.3023977279663086,3.3023977279663086
2.94,14.222387,-11.282387313842774,11.282387313842774
10.42,7.889714,2.530286235809326,2.530286235809326
0.04,15.89741,-15.857410392761231,15.857410392761231
43.13,31.123302,12.006697540283206,12.006697540283206
19.65,17.923534,1.7264656066894517,1.7264656066894517
8.0,13.362297,-5.362297058105469,5.362297058105469
13.0,18.723934,-5.723934173583984,5.723934173583984
33.64,14.431169,19.20883144378662,19.20883144378662
5.17,9.769151,-4.599150733947754,4.599150733947754
6.6,12.194153,-5.59415283203125,5.59415283203125
2.65,18.501629,-15.851628875732422,15.851628875732422
7.77,10.927884,-3.157884101867676,3.157884101867676
6.5,12.261931,-5.761931419372559,5.761931419372559
16.28,17.42081,-1.1408106994628895,1.1408106994628895
7.6,22.558357,-14.958357238769532,14.958357238769532
3.72,11.891464,-8.171464233398437,8.171464233398437
1.28,13.643874,-12.363874168395997,12.363874168395997
11.7,10.486749,1.2132513046264641,1.2132513046264641
16.75,10.7842045,5.965795516967773,5.965795516967773
23.77,26.851244,-3.0812439727783207,3.0812439727783207
1.5,8.421279,-6.921278953552246,6.921278953552246
9.34,20.592407,-11.2524072265625,11.2524072265625
6.88,17.325083,-10.445082778930665,10.445082778930665
20.33,16.719793,3.61020668029785,3.61020668029785
4.7,13.012972,-8.312971878051759,8.312971878051759
30.7,20.301752,10.398247909545898,10.398247909545898
39.33,25.884916,13.445083694458006,13.445083694458006
0.86,13.454827,-12.594827308654786,12.594827308654786
9.9,10.408162,-0.5081621170043942,0.5081621170043942
0.06,12.179984,-12.119984092712402,12.119984092712402
9.69,11.824934,-2.134934005737305,2.134934005737305
28.58,20.84587,7.734130935668944,7.734130935668944
1.2,13.679306,-12.479306030273438,12.479306030273438
2.4,14.273822,-11.873821830749511,11.873821830749511
27.98,21.21079,6.769209365844727,6.769209365844727
30.0,23.931906,6.068094253540039,6.068094253540039
7.8,22.130093,-14.330092620849609,14.330092620849609
18.2,23.354612,-5.154612350463868,5.154612350463868
10.0,10.093082,-0.09308242797851562,0.09308242797851562
0.3,18.643665,-18.343665313720702,18.343665313720702
33.23,22.047829,11.18217132568359,11.18217132568359
13.0,23.820652,-10.82065200805664,10.82065200805664
13.18,12.390516,0.78948371887207,0.78948371887207
1.9,18.145142,-16.2451416015625,16.2451416015625
0.77,18.018545,-17.248545150756836,17.248545150756836
12.87,12.92989,-0.05988967895507891,0.05988967895507891
29.7,18.897049,10.802951049804687,10.802951049804687
18.05,19.05897,-1.0089694976806634,1.0089694976806634
12.83,21.77239,-8.942390365600586,8.942390365600586
8.1,13.583689,-5.483688735961914,5.483688735961914
20.39,23.892393,-3.5023931121826166,3.5023931121826166
3.73,8.616334,-4.886333961486816,4.886333961486816
15.7,14.395906,1.3040935516357415,1.3040935516357415
15.62,28.976532,-13.356531982421876,13.356531982421876
9.7,20.386347,-10.686346817016602,10.686346817016602
18.0,18.293432,-0.29343223571777344,0.29343223571777344
0.03,14.419687,-14.389687271118165,14.389687271118165
38.0,26.978786,11.02121353149414,11.02121353149414
1.84,16.61654,-14.776540908813477,14.776540908813477
2.36,19.816753,-17.456753387451172,17.456753387451172
6.44,16.4255,-9.985500869750975,9.985500869750975
23.36,27.707436,-4.347435607910157,4.347435607910157
3.9,12.257891,-8.357890701293945,8.357890701293945
12.24,16.30293,-4.0629308319091795,4.0629308319091795
30.6,23.91109,6.688909149169923,6.688909149169923
34.47,29.095678,5.374321670532225,5.374321670532225
37.97,20.624416,17.34558364868164,17.34558364868164
0.02,21.104671,-21.084671478271485,21.084671478271485
18.2,13.715607,4.484393310546874,4.484393310546874
7.5,16.348217,-8.848217010498047,8.848217010498047
30.33,18.94037,11.389629440307615,11.389629440307615
17.15,19.20703,-2.0570293426513686,2.0570293426513686
4.25,11.857748,-7.607748031616211,7.607748031616211
0.1,19.52387,-19.423870468139647,19.423870468139647
18.6,19.140444,-0.5404438018798814,0.5404438018798814
0.28,21.775778,-21.49577781677246,21.49577781677246
3.04,17.398558,-14.358557662963868,14.358557662963868
13.83,22.368095,-8.538095397949219,8.538095397949219
36.95,20.43336,16.51664085388184,16.51664085388184
35.79,29.676718,6.113282241821288,6.113282241821288
1.0,14.248519,-13.248518943786621,13.248518943786621
53.84,19.929502,33.910497512817386,33.910497512817386
38.29,15.964902,22.3250980758667,22.3250980758667
37.02,24.290672,12.72932769775391,12.72932769775391
23.8,17.557095,6.242905426025391,6.242905426025391
2.17,26.22476,-24.05476005554199,24.05476005554199
0.17,12.907069,-12.737069206237793,12.737069206237793
42.8,23.158173,19.641827392578122,19.641827392578122
8.0,19.866776,-11.866775512695312,11.866775512695312
21.53,20.10586,1.4241402435302746,1.4241402435302746
28.6,27.801348,0.7986522674560561,0.7986522674560561
26.77,24.029776,2.7402243804931636,2.7402243804931636
11.47,15.019642,-3.5496418762207025,3.5496418762207025
21.05,18.546545,2.5034549713134773,2.5034549713134773
19.02,30.671526,-11.651525955200196,11.651525955200196
22.7,21.954844,0.7451564788818352,0.7451564788818352
6.2,20.539742,-14.339741516113282,14.339741516113282
18.01,17.365957,0.6440427398681656,0.6440427398681656
12.74,26.013433,-13.273433456420898,13.273433456420898
9.69,14.470862,-4.78086238861084,4.78086238861084
17.84,19.24089,-1.4008905029296876,1.4008905029296876
15.2,20.51301,-5.313010025024415,5.313010025024415
33.5,21.857395,11.64260482788086,11.64260482788086
10.0,11.245095,-1.2450952529907227,1.2450952529907227
23.47,19.463858,4.006142349243163,4.006142349243163
17.14,17.78799,-0.6479905700683588,0.6479905700683588
51.28,25.227057,26.052943496704103,26.052943496704103
28.56,27.167213,1.3927865600585925,1.3927865600585925
20.64,26.543573,-5.903573379516601,5.903573379516601
3.62,20.376514,-16.756514434814452,16.756514434814452
9.96,30.465954,-20.505953826904296,20.505953826904296
6.95,35.810665,-28.860665130615235,28.860665130615235
9.63,17.336052,-7.706051940917968,7.706051940917968
51.3,30.447206,20.852793502807614,20.852793502807614
4.29,17.774462,-13.484461746215821,13.484461746215821
35.36,31.843792,3.5162080383300776,3.5162080383300776
13.6,33.284298,-19.684297943115233,19.684297943115233
46.16,34.004345,12.15565505981445,12.15565505981445
39.2,35.672577,3.527423095703128,3.527423095703128
22.13,23.223461,-1.0934611511230479,1.0934611511230479
37.8,23.708384,14.091616439819333,14.091616439819333
18.2,16.333662,1.8663379669189446,1.8663379669189446
4.92,19.61771,-14.69771011352539,14.69771011352539
26.21,16.895037,9.314963302612306,9.314963302612306
33.4,36.535088,-3.13508758544922,3.13508758544922
7.76,21.727467,-13.967466583251953,13.967466583251953
31.77,19.773584,11.996415634155273,11.996415634155273
8.95,9.597758,-0.6477582931518562,0.6477582931518562
8.58,19.39369,-10.81369010925293,10.81369010925293
7.7,8.030199,-0.33019905090332013,0.33019905090332013
5.25,11.002796,-5.752796173095703,5.752796173095703
26.8,21.958447,4.841553497314454,4.841553497314454
4.44,16.811287,-12.37128692626953,12.37128692626953
31.58,22.789473,8.790527420043944,8.790527420043944
10.7,16.26773,-5.567730712890626,5.567730712890626
24.5,23.009226,1.490774154663086,1.490774154663086
17.8,15.803173,1.9968269348144538,1.9968269348144538
22.68,22.182316,0.4976841735839841,0.4976841735839841
7.3,8.09516,-0.7951595306396486,0.7951595306396486
4.4,10.695882,-6.295881843566894,6.295881843566894
10.84,19.831858,-8.991857681274414,8.991857681274414
14.82,15.913774,-1.0937735366821286,1.0937735366821286
7.13,12.877887,-5.747886772155762,5.747886772155762
3.4,14.983899,-11.583899116516113,11.583899116516113
2.85,8.391635,-5.541634941101075,5.541634941101075
17.3,15.263053,2.0369470596313484,2.0369470596313484
16.93,15.820067,1.1099325942993161,1.1099325942993161
44.61,34.29948,10.310519561767578,10.310519561767578
0.11,15.256978,-15.146978034973145,15.146978034973145
18.8,13.989218,4.81078224182129,4.81078224182129
30.32,31.579067,-1.259067230224609,1.259067230224609
17.9,12.131834,5.768165969848631,5.768165969848631
17.16,14.465271,2.69472900390625,2.69472900390625
0.01,16.648819,-16.63881896972656,16.63881896972656
15.0,17.06172,-2.0617198944091797,2.0617198944091797
5.47,15.12358,-9.653579978942872,9.653579978942872
26.9,16.317034,10.582966232299803,10.582966232299803
14.4,16.359938,-1.9599376678466793,1.9599376678466793
12.72,19.256414,-6.536414413452148,6.536414413452148
22.72,25.083199,-2.3631985473632824,2.3631985473632824
15.78,19.424871,-3.644871444702149,3.644871444702149
18.42,11.863833,6.5561665725708025,6.5561665725708025
0.27,18.63648,-18.3664803314209,18.3664803314209
12.34,28.305828,-15.965828094482422,15.965828094482422
32.58,14.865724,17.714276390075682,17.714276390075682
9.9,22.119703,-12.21970329284668,12.21970329284668
20.91,15.408489,5.501510772705078,5.501510772705078
7.71,14.804588,-7.094588317871094,7.094588317871094
10.4,6.478063,3.921936893463135,3.921936893463135
41.05,34.93124,6.118759918212888,6.118759918212888
1.95,15.361215,-13.411214637756348,13.411214637756348
13.66,18.299213,-4.639213409423828,4.639213409423828
51.99,48.40326,3.586740722656252,3.586740722656252
11.5,9.431044,2.0689563751220703,2.0689563751220703
1.64,11.351344,-9.711344108581542,9.711344108581542
6.8,10.56838,-3.768380355834961,3.768380355834961
11.29,10.126993,1.16300682067871,1.16300682067871
2.57,10.577787,-8.007787399291992,8.007787399291992
18.38,20.800837,-2.4208365631103526,2.4208365631103526
11.74,8.054227,3.6857731246948244,3.6857731246948244
18.26,19.62403,-1.3640291595458969,1.3640291595458969
21.72,11.643322,10.076678009033202,10.076678009033202
28.21,18.067904,10.142096481323243,10.142096481323243
18.36,9.482437,8.877562866210937,8.877562866210937
26.9,16.576166,10.323833847045897,10.323833847045897
22.4,15.778151,6.621849441528319,6.621849441528319
3.83,11.326221,-7.496221466064453,7.496221466064453
2.76,6.2140546,-3.454054584503174,3.454054584503174
9.95,12.989485,-3.0394847869873054,3.0394847869873054
31.66,16.274847,15.385152969360352,15.385152969360352
32.57,17.191235,15.378765411376953,15.378765411376953
6.48,12.299049,-5.819049377441406,5.819049377441406
15.54,15.716233,-0.17623325347900476,0.17623325347900476
30.54,17.90647,12.633530654907226,12.633530654907226
17.91,11.991422,5.918578300476074,5.918578300476074
22.73,9.634253,13.095747451782227,13.095747451782227
4.7,11.293485,-6.593484687805176,6.593484687805176
31.15,17.37628,13.773720169067381,13.773720169067381
7.7,13.507673,-5.8076732635498045,5.8076732635498045
13.3,18.542276,-5.242276382446288,5.242276382446288
3.54,10.39538,-6.8553800201416015,6.8553800201416015
16.95,8.348792,8.60120792388916,8.60120792388916
48.68,12.978514,35.70148628234863,35.70148628234863
29.7,11.135901,18.56409854888916,18.56409854888916
11.9,16.660625,-4.7606254577636715,4.7606254577636715
12.44,11.224764,1.2152361297607417,1.2152361297607417
14.84,29.337704,-14.497703704833985,14.497703704833985
4.01,11.67446,-7.664460411071778,7.664460411071778
5.49,9.675574,-4.18557430267334,4.18557430267334
7.03,19.792868,-12.76286766052246,12.76286766052246
53.57,33.12832,20.441681213378907,20.441681213378907
3.84,8.515896,-4.6758958435058595,4.6758958435058595
16.61,13.201543,3.4084571456909174,3.4084571456909174
21.38,16.33621,5.043789749145507,5.043789749145507
5.16,8.310827,-3.1508272552490233,3.1508272552490233
18.18,14.789449,3.390551261901855,3.390551261901855
28.4,10.91558,17.484420204162596,17.484420204162596
3.33,7.4449987,-4.114998741149902,4.114998741149902
7.46,8.762641,-1.3026409530639649,1.3026409530639649
6.06,9.012907,-2.9529070281982426,2.9529070281982426
2.75,7.5682983,-4.81829833984375,4.81829833984375
2.66,21.086248,-18.42624839782715,18.42624839782715
35.77,22.517904,13.252095718383792,13.252095718383792
9.7,9.465273,0.23472709655761648,0.23472709655761648
7.49,15.695449,-8.205448875427246,8.205448875427246
20.78,19.700754,1.079245834350587,1.079245834350587
0.21,16.456226,-16.246226348876952,16.246226348876952
17.99,10.968835,7.021165122985838,7.021165122985838
7.68,6.5251436,1.154856376647949,1.154856376647949
10.93,38.659706,-27.729706115722657,27.729706115722657
5.15,12.520993,-7.37099323272705,7.37099323272705
22.14,18.407307,3.7326933288574224,3.7326933288574224
7.3,7.8611493,-0.561149311065674,0.561149311065674
24.09,16.506336,7.583663787841797,7.583663787841797
35.51,19.847134,15.662866363525389,15.662866363525389
21.51,14.360704,7.149295578002931,7.149295578002931
49.09,26.474129,22.615871276855472,22.615871276855472
5.88,7.1424656,-1.2624655914306642,1.2624655914306642
17.59,18.000498,-0.4104978179931642,0.4104978179931642
12.62,10.540213,2.0797873687744133,2.0797873687744133
9.64,17.72858,-8.088580474853515,8.088580474853515
18.13,13.240928,4.889072303771972,4.889072303771972
46.61,16.695625,29.914374694824218,29.914374694824218
12.39,14.826189,-2.4361890411376947,2.4361890411376947
17.47,11.997978,5.47202178955078,5.47202178955078
3.53,6.160334,-2.63033411026001,2.63033411026001
13.7,16.917212,-3.217211532592774,3.217211532592774
6.71,10.329697,-3.6196966552734375,3.6196966552734375
5.55,12.153572,-6.603572082519531,6.603572082519531
16.62,11.929767,4.690233345031739,4.690233345031739
1.2,6.119726,-4.919726181030273,4.919726181030273
6.34,10.804776,-4.464776191711426,4.464776191711426
18.2,9.699616,8.500383567810058,8.500383567810058
4.52,12.208657,-7.688657264709473,7.688657264709473
18.36,17.847504,0.5124963378906244,0.5124963378906244
6.5,7.4347286,-0.9347286224365234,0.9347286224365234
30.87,20.220968,10.64903175354004,10.64903175354004
5.33,7.1028314,-1.7728313636779784,1.7728313636779784
21.82,15.827038,5.992962188720703,5.992962188720703
4.83,15.668963,-10.838963432312012,10.838963432312012
2.0,10.624147,-8.624147415161133,8.624147415161133
12.57,22.627035,-10.05703514099121,10.05703514099121
15.49,10.127059,5.362941017150879,5.362941017150879
31.3,22.49581,8.80419044494629,8.80419044494629
16.73,25.035357,-8.305356521606445,8.305356521606445
9.64,8.408439,1.2315613174438482,1.2315613174438482
2.67,8.140643,-5.470643119812012,5.470643119812012
2.5,14.950668,-12.450668334960938,12.450668334960938
37.69,12.48893,25.20107025146484,25.20107025146484
62.1,10.146903,51.9530969619751,51.9530969619751
8.36,20.329514,-11.969513549804688,11.969513549804688
2.95,10.234597,-7.2845972061157225,7.2845972061157225
11.19,10.922194,0.2678064727783198,0.2678064727783198
9.23,10.170638,-0.9406380844116207,0.9406380844116207
49.05,36.011917,13.038082885742185,13.038082885742185
10.94,11.616939,-0.6769385910034185,0.6769385910034185
16.27,9.995236,6.274763603210449,6.274763603210449
37.91,13.72274,24.187259826660153,24.187259826660153
60.6,16.411928,44.18807182312012,44.18807182312012
21.68,21.292255,0.3877445983886716,0.3877445983886716
10.39,13.687592,-3.2975915527343744,3.2975915527343744
23.48,12.790262,10.689737777709961,10.689737777709961
5.5,14.191132,-8.691131591796875,8.691131591796875
0.24,14.085353,-13.845352897644043,13.845352897644043
6.04,24.24707,-18.2070703125,18.2070703125
8.83,13.752725,-4.922724647521973,4.922724647521973
9.17,16.615007,-7.445007400512695,7.445007400512695
11.41,15.433782,-4.023781623840332,4.023781623840332
15.7,21.245634,-5.545634078979493,5.545634078979493
58.12,13.712942,44.40705787658691,44.40705787658691
60.77,15.655291,45.11470939636231,45.11470939636231
45.12,14.879822,30.240178222656247,30.240178222656247
8.09,15.823953,-7.733952674865723,7.733952674865723
5.86,12.9407425,-7.080742492675781,7.080742492675781
7.4,11.940362,-4.540361976623535,4.540361976623535
27.47,17.452206,10.017794342041014,10.017794342041014
37.15,17.431345,19.718655014038085,19.718655014038085
11.61,12.724549,-1.114549293518067,1.114549293518067
8.5,15.419298,-6.91929817199707,6.91929817199707
52.1,26.356503,25.743497467041017,25.743497467041017
29.91,31.270079,-1.360078659057617,1.360078659057617
2.9,15.91135,-13.01135025024414,13.01135025024414
10.0,11.279693,-1.2796926498413086,1.2796926498413086
3.71,8.528578,-4.81857780456543,4.81857780456543
24.1,12.842022,11.25797805786133,11.25797805786133
15.89,14.353187,1.5368133926391607,1.5368133926391607
24.57,27.51065,-2.9406506347656247,2.9406506347656247
32.89,18.587608,14.302391662597657,14.302391662597657
1.74,19.509106,-17.76910568237305,17.76910568237305
24.7,18.892342,5.807658386230468,5.807658386230468
6.78,27.245678,-20.465677947998046,20.465677947998046
5.0,19.01736,-14.01736068725586,14.01736068725586
12.67,24.540615,-11.87061508178711,11.87061508178711
8.85,15.670207,-6.820207023620606,6.820207023620606
16.51,27.26246,-10.752460708618162,10.752460708618162
5.17,10.437516,-5.267516212463379,5.267516212463379
9.95,11.064197,-1.1141965866088874,1.1141965866088874
23.2,24.540615,-1.34061508178711,1.34061508178711
8.66,18.197096,-9.53709587097168,9.53709587097168
36.18,21.510382,14.669618301391601,14.669618301391601
12.84,12.124905,0.7150953674316405,0.7150953674316405
18.9,18.018124,0.8818763732910142,0.8818763732910142
4.65,19.224564,-14.574563598632812,14.574563598632812
16.89,17.42731,-0.5373109436035151,0.5373109436035151
9.3,17.365854,-8.065854263305663,8.065854263305663
15.52,13.621357,1.8986430358886714,1.8986430358886714
48.01,24.040636,23.969363937377928,23.969363937377928
8.75,23.678396,-14.928396224975586,14.928396224975586
39.33,23.389883,15.940116958618162,15.940116958618162
18.6,28.439476,-9.839476013183592,9.839476013183592
32.89,20.18772,12.702280654907227,12.702280654907227
6.52,9.611517,-3.091516952514649,3.091516952514649
22.21,12.726119,9.48388095855713,9.48388095855713
20.37,16.305922,4.064078445434571,4.064078445434571
10.17,16.046421,-5.876421051025391,5.876421051025391
20.31,27.221325,-6.911324920654298,6.911324920654298
12.45,19.157915,-6.707915115356446,6.707915115356446
16.92,20.796732,-3.8767319488525374,3.8767319488525374
11.8,19.346394,-7.546393585205077,7.546393585205077
9.3,10.7781515,-1.4781515121459954,1.4781515121459954
30.25,16.81907,13.430929183959961,13.430929183959961
59.96,34.823856,25.136143646240235,25.136143646240235
8.11,23.156775,-15.046774520874024,15.046774520874024
23.43,15.740142,7.689858131408691,7.689858131408691
16.4,22.17876,-5.7787605285644545,5.7787605285644545
0.9,20.189209,-19.289208984375,19.289208984375
50.16,30.138758,20.02124229431152,20.02124229431152
12.91,13.251241,-0.3412407302856444,0.3412407302856444
65.22,16.264563,48.955437393188475,48.955437393188475
10.2,27.120861,-16.920861053466798,16.920861053466798
35.87,34.88184,0.9881602478027318,0.9881602478027318
23.0,19.63345,3.3665504455566406,3.3665504455566406
26.86,26.03579,0.8242105102539057,0.8242105102539057
11.1,9.605611,1.4943891525268551,1.4943891525268551
17.67,21.168997,-3.4989968109130842,3.4989968109130842
18.12,25.222353,-7.102352981567382,7.102352981567382
46.53,31.873549,14.656451492309571,14.656451492309571
19.2,20.778708,-1.5787075042724616,1.5787075042724616
53.34,38.84191,14.498088684082035,14.498088684082035
18.15,17.976252,0.17374839782714702,0.17374839782714702
15.0,21.034796,-6.034795761108398,6.034795761108398
17.64,18.096668,-0.45666824340820256,0.45666824340820256
10.11,13.782565,-3.672565116882325,3.672565116882325
43.45,15.543568,27.9064323425293,27.9064323425293
12.41,14.301303,-1.891302909851074,1.891302909851074
38.9,28.085781,10.81421890258789,10.81421890258789
23.74,20.877924,2.862076034545897,2.862076034545897
11.95,19.216137,-7.266136932373048,7.266136932373048
66.61,30.534883,36.07511650085449,36.07511650085449
53.0,28.86738,24.132619857788086,24.132619857788086
39.6,30.945686,8.65431365966797,8.65431365966797
42.95,20.668802,22.281197738647464,22.281197738647464
17.9,22.532745,-4.632745361328126,4.632745361328126
12.66,16.382158,-3.722158279418945,3.722158279418945
37.0,28.566448,8.433551788330078,8.433551788330078
23.36,30.315523,-6.955523147583008,6.955523147583008
42.13,37.004517,5.125483398437503,5.125483398437503
34.3,28.534456,5.765543746948239,5.765543746948239
27.67,29.782473,-2.112472610473631,2.112472610473631
44.29,36.22854,8.061461486816405,8.061461486816405
15.7,19.337135,-3.637135314941407,3.637135314941407
38.17,16.46816,21.70183937072754,21.70183937072754
11.1,11.439943,-0.33994331359863317,0.33994331359863317
10.95,11.744337,-0.7943370819091804,0.7943370819091804
4.42,16.319218,-11.899217681884766,11.899217681884766
7.94,18.666306,-10.726305541992186,10.726305541992186
25.46,17.406921,8.05307861328125,8.05307861328125
26.5,20.817444,5.68255615234375,5.68255615234375
18.8,18.454695,0.345305252075196,0.345305252075196
16.6,15.096127,1.503873443603517,1.503873443603517
12.11,11.224241,0.8857587432861322,0.8857587432861322
10.0,15.753849,-5.753849029541016,5.753849029541016
31.46,22.088366,9.37163444519043,9.37163444519043
6.04,19.255247,-13.215247116088868,13.215247116088868
18.81,13.969321,4.840678749084471,4.840678749084471
31.49,26.901232,4.588768234252928,4.588768234252928
5.2,7.8284907,-2.6284907341003416,2.6284907341003416
17.05,23.70763,-6.657630157470702,6.657630157470702
26.06,14.1220045,11.93799549102783,11.93799549102783
21.6,20.877968,0.7220321655273452,0.7220321655273452
45.03,27.655025,17.374974517822267,17.374974517822267
2.28,12.972043,-10.692043037414551,10.692043037414551
12.29,16.871252,-4.581252059936524,4.581252059936524
50.2,18.466904,31.733096313476565,31.733096313476565
0.03,18.886663,-18.856663436889647,18.856663436889647
16.72,17.619024,-0.8990242767333996,0.8990242767333996
8.73,8.391635,0.3383650588989262,0.3383650588989262
31.3,23.348293,7.951706695556641,7.951706695556641
7.14,11.96195,-4.821950302124024,4.821950302124024
10.93,11.678751,-0.7487509918212893,0.7487509918212893
6.58,14.976034,-8.39603416442871,8.39603416442871
9.05,12.9923,-3.9423000335693352,3.9423000335693352
5.6,10.46688,-4.866879844665528,4.866879844665528
3.3,10.8257475,-7.525747489929199,7.525747489929199
3.43,11.983373,-8.553372688293457,8.553372688293457
15.39,15.509222,-0.11922203063964787,0.11922203063964787
9.8,10.594025,-0.7940246582031243,0.7940246582031243
36.78,15.239425,21.54057529449463,21.54057529449463
22.96,15.360342,7.599657974243165,7.599657974243165
7.4,14.94568,-7.545679664611816,7.545679664611816
2.97,11.3834505,-8.413450508117675,8.413450508117675
6.1,7.889347,-1.789347076416016,1.789347076416016
22.16,12.257314,9.90268627166748,9.90268627166748
20.09,16.992483,3.097516860961914,3.097516860961914
8.3,7.2282543,1.071745681762696,1.071745681762696
6.08,24.73504,-18.655040664672853,18.655040664672853
14.83,11.456328,3.3736716079711915,3.3736716079711915
2.04,11.919126,-9.879125556945802,9.879125556945802
5.6,7.2610264,-1.6610263824462894,1.6610263824462894
0.13,9.785089,-9.655088539123534,9.655088539123534
12.35,12.843156,-0.49315586090087926,0.49315586090087926
3.0,8.24311,-5.243109703063965,5.243109703063965
18.29,33.81577,-15.525769195556641,15.525769195556641
34.3,12.430766,21.86923389434814,21.86923389434814
3.8,7.334818,-3.5348178863525392,3.5348178863525392
2.89,16.869385,-13.979384765625,13.979384765625
8.6,13.028587,-4.428587341308594,4.428587341308594
47.3,20.369238,26.930762100219724,26.930762100219724
11.12,15.189242,-4.069242362976075,4.069242362976075
6.54,14.377947,-7.837946853637695,7.837946853637695
21.27,10.236797,11.033202667236328,11.033202667236328
44.9,21.589363,23.310636901855467,23.310636901855467
13.61,11.927085,1.682915077209472,1.682915077209472
6.75,11.597599,-4.847599029541016,4.847599029541016
1.18,7.1345797,-5.954579658508301,5.954579658508301
9.6,9.7389145,-0.1389144897460941,0.1389144897460941
15.64,9.850722,5.7892776870727545,5.7892776870727545
17.21,14.85838,2.3516196823120126,2.3516196823120126
38.39,15.961771,22.42822898864746,22.42822898864746
3.1,9.619483,-6.51948299407959,6.51948299407959
27.05,12.496561,14.553438949584962,14.553438949584962
35.71,18.193026,17.516974411010743,17.516974411010743
1.6,16.542002,-14.942001724243164,14.942001724243164
5.3,13.131328,-7.831327629089356,7.831327629089356
24.44,27.048122,-2.608122406005858,2.608122406005858
21.46,16.625065,4.834935150146485,4.834935150146485
8.1,12.847885,-4.747885131835938,4.747885131835938
26.51,23.997177,2.512822875976564,2.512822875976564
2.51,14.129146,-11.619145622253418,11.619145622253418
15.59,10.788357,4.8016432189941405,4.8016432189941405
26.7,12.312335,14.387664985656738,14.387664985656738
2.8,20.24915,-17.449149322509765,17.449149322509765
27.66,22.758333,4.901666793823242,4.901666793823242
21.95,17.833105,4.116894912719726,4.116894912719726
2.33,9.242878,-6.912877960205078,6.912877960205078
14.7,9.643095,5.056904983520507,5.056904983520507
3.76,12.532494,-8.772493591308594,8.772493591308594
28.73,22.245266,6.484734039306641,6.484734039306641
22.2,19.104244,3.095755767822265,3.095755767822265
1.0,8.999751,-7.999751091003418,7.999751091003418
10.7,9.071823,1.6281768798828118,1.6281768798828118
16.97,18.211576,-1.2415764617919933,1.2415764617919933
14.77,20.68558,-5.915579299926758,5.915579299926758
9.3,9.7389145,-0.43891448974609304,0.43891448974609304
17.4,16.917212,0.48278846740722514,0.48278846740722514
8.63,19.624174,-10.994174118041991,10.994174118041991
0.3,8.999751,-8.699751091003417,8.699751091003417
24.34,21.565203,2.7747972869873045,2.7747972869873045
22.23,22.108938,0.12106178283691449,0.12106178283691449
2.8,8.783622,-5.9836217880249025,5.9836217880249025
0.02,27.22461,-27.204609375,27.204609375
14.79,12.043627,2.746373214721679,2.746373214721679
32.31,12.243339,20.0666614151001,20.0666614151001
40.8,20.640854,20.15914611816406,20.15914611816406
1.22,11.881104,-10.661104469299316,10.661104469299316
9.4,20.54929,-11.14928970336914,11.14928970336914
13.26,13.997962,-0.7379619979858401,0.7379619979858401
0.2,7.6343,-7.434300231933594,7.434300231933594
7.26,6.5033216,0.7566783523559568,0.7566783523559568
13.96,19.247675,-5.287674942016601,5.287674942016601
12.37,10.94016,1.4298402023315422,1.4298402023315422
6.97,6.4119883,0.5580117416381833,0.5580117416381833
7.1,26.96198,-19.861980819702147,19.861980819702147
8.6,11.320899,-2.72089900970459,2.72089900970459
15.9,16.603964,-0.7039638519287106,0.7039638519287106
53.33,21.148367,32.18163307189941,32.18163307189941
7.85,19.279266,-11.429266357421875,11.429266357421875
23.96,22.139465,1.8205346679687509,1.8205346679687509
13.23,10.729159,2.500840644836426,2.500840644836426
3.99,11.345926,-7.355926284790039,7.355926284790039
30.9,17.928143,12.971857452392577,12.971857452392577
34.01,26.309488,7.700511703491209,7.700511703491209
12.33,22.139465,-9.80946533203125,9.80946533203125
4.6,13.526522,-8.926521682739258,8.926521682739258
20.76,13.089057,7.670943031311037,7.670943031311037
6.59,13.600109,-7.010109100341797,7.010109100341797
9.66,7.8595614,1.8004385566711427,1.8004385566711427
4.37,14.717409,-10.347409133911132,10.347409133911132
11.54,19.31012,-7.770119628906251,7.770119628906251
28.2,25.015696,3.1843044281005852,3.1843044281005852
9.3,13.611314,-4.311313819885253,4.311313819885253
8.98,18.600521,-9.620521087646484,9.620521087646484
12.38,13.287632,-0.9076319885253898,0.9076319885253898
5.1,13.123052,-8.023051643371582,8.023051643371582
26.1,20.862967,5.2370334625244155,5.2370334625244155
2.7,23.24028,-20.540280151367188,20.540280151367188
17.29,12.657871,4.6321287536621085,4.6321287536621085
3.12,18.090698,-14.970698242187499,14.970698242187499
23.42,17.624208,5.795791549682619,5.795791549682619
4.0,11.937574,-7.93757438659668,7.93757438659668
14.2,20.570732,-6.3707321166992195,6.3707321166992195
12.8,10.8733635,1.9266365051269538,1.9266365051269538
25.16,14.145732,11.014268074035645,11.014268074035645
61.61,14.991815,46.618185386657714,46.618185386657714
2.48,15.729261,-13.24926139831543,13.24926139831543
23.8,22.607946,1.1920536041259773,1.1920536041259773
22.15,20.341803,1.8081974029541001,1.8081974029541001
13.5,16.395212,-2.895212173461914,2.895212173461914
15.1,22.76173,-7.661730194091797,7.661730194091797
8.47,15.948265,-7.478265075683593,7.478265075683593
53.28,17.572603,35.70739677429199,35.70739677429199
52.8,14.039281,38.76071910858154,38.76071910858154
42.11,19.156149,22.95385108947754,22.95385108947754
3.66,13.442638,-9.782638397216797,9.782638397216797
23.54,24.334951,-0.7949514007568368,0.7949514007568368
26.92,27.245678,-0.32567794799804517,0.32567794799804517
11.77,19.09195,-7.321949462890625,7.321949462890625
30.07,24.268738,5.80126220703125,5.80126220703125
13.84,15.6884575,-1.848457489013672,1.848457489013672
9.04,13.813742,-4.773741683959962,4.773741683959962
23.05,20.260439,2.789561080932618,2.789561080932618
17.1,18.544863,-1.4448627471923814,1.4448627471923814
6.1,18.879814,-12.779814147949219,12.779814147949219
41.32,34.982555,6.337444610595703,6.337444610595703
0.47,20.41437,-19.944369583129884,19.944369583129884
0.2,18.652077,-18.452076721191407,18.452076721191407
43.07,19.548883,23.52111656188965,23.52111656188965
22.4,18.674603,3.7253974914550767,3.7253974914550767
66.1,12.127859,53.97214088439941,53.97214088439941
5.8,21.24708,-15.447079849243163,15.447079849243163
33.3,24.464136,8.83586387634277,8.83586387634277
46.62,19.569778,27.050221557617185,27.050221557617185
47.38,27.643312,19.73668754577637,19.73668754577637
22.72,24.433424,-1.7134239959716808,1.7134239959716808
25.66,19.869083,5.7909165954589845,5.7909165954589845
19.26,21.88835,-2.628349533081053,2.628349533081053
16.48,33.000267,-16.520267028808593,16.520267028808593
1.66,11.350603,-9.690603103637695,9.690603103637695
40.0,24.067478,15.93252182006836,15.93252182006836
21.19,21.730742,-0.5407415008544909,0.5407415008544909
32.8,32.095676,0.7043235778808565,0.7043235778808565
21.42,21.214252,0.20574752807617358,0.20574752807617358
24.19,16.987707,7.202292861938478,7.202292861938478
24.28,35.016953,-10.736952514648436,10.736952514648436
6.49,22.670847,-16.180846939086912,16.180846939086912
1.0,17.213758,-16.21375846862793,16.21375846862793
15.9,18.632801,-2.7328010559082028,2.7328010559082028
10.8,10.136862,0.6631381988525398,0.6631381988525398
55.33,26.775108,28.554891662597655,28.554891662597655
14.16,14.968222,-0.8082216644287108,0.8082216644287108
44.25,36.650032,7.599967956542969,7.599967956542969
6.37,9.67037,-3.300370101928711,3.300370101928711
54.36,27.349077,27.010922775268554,27.010922775268554
47.0,31.146015,15.853984832763672,15.853984832763672
0.92,22.441717,-21.521717147827147,21.521717147827147
27.53,19.772053,7.757947235107423,7.757947235107423
9.03,20.036846,-11.006846160888673,11.006846160888673
5.7,20.585478,-14.885477828979493,14.885477828979493
4.22,20.722,-16.502000122070314,16.502000122070314
19.87,23.415264,-3.545264129638671,3.545264129638671
7.95,14.050856,-6.1008556365966795,6.1008556365966795
20.3,26.91583,-6.6158306121826165,6.6158306121826165
4.2,21.788069,-17.588068771362305,17.588068771362305
13.91,18.095064,-4.185064163208008,4.185064163208008
28.62,19.913324,8.7066756439209,8.7066756439209
9.0,19.824312,-10.824312210083008,10.824312210083008
6.88,17.66323,-10.783230895996095,10.783230895996095
12.01,11.066335,0.9436652755737303,0.9436652755737303
3.1,23.393387,-20.29338684082031,20.29338684082031
32.27,21.815392,10.45460845947266,10.45460845947266
1.65,14.083349,-12.433349227905273,12.433349227905273
19.32,19.883568,-0.5635678100585935,0.5635678100585935
51.16,29.090515,22.069484863281247,22.069484863281247
7.16,21.148888,-13.988887634277344,13.988887634277344
8.31,19.012613,-10.702613296508789,10.702613296508789
22.55,16.787651,5.762348937988282,5.762348937988282
55.65,19.449299,36.20070114135742,36.20070114135742
22.99,30.600803,-7.610803375244142,7.610803375244142
1.6,34.531834,-32.93183364868164,32.93183364868164
49.57,24.82961,24.74038917541504,24.74038917541504
1.32,14.635663,-13.315663032531738,13.315663032531738
8.96,15.051529,-6.091528930664062,6.091528930664062
43.2,37.121056,6.078944396972659,6.078944396972659
3.2,19.274553,-16.074553298950196,16.074553298950196
26.3,29.593431,-3.2934314727783196,3.2934314727783196
8.44,24.705105,-16.26510482788086,16.26510482788086
11.9,27.946537,-16.046537017822267,16.046537017822267
38.38,19.33101,19.048989181518557,19.048989181518557
9.62,11.917257,-2.2972573089599617,2.2972573089599617
1.7,31.275682,-29.57568244934082,29.57568244934082
10.84,11.312512,-0.4725123977661134,0.4725123977661134
24.96,19.800049,5.159951171875001,5.159951171875001
29.02,22.093746,6.926253814697265,6.926253814697265
19.77,17.753805,2.0161948394775386,2.0161948394775386
9.6,16.96508,-7.365080261230469,7.365080261230469
9.06,17.547258,-8.487258377075195,8.487258377075195
53.6,25.478058,28.121942138671876,28.121942138671876
9.1,15.255756,-6.1557563781738285,6.1557563781738285
13.54,14.340715,-0.8007154083251962,0.8007154083251962
4.2,14.500572,-10.300572204589844,10.300572204589844
10.4,17.09031,-6.690309143066406,6.690309143066406
24.59,17.15998,7.430019226074219,7.430019226074219
17.9,17.856882,0.043117904663084516,0.043117904663084516
16.23,15.836534,0.3934664535522465,0.3934664535522465
6.81,18.196537,-11.386537017822267,11.386537017822267
36.8,17.169044,19.63095550537109,19.63095550537109
11.86,11.421867,0.4381326293945307,0.4381326293945307
7.24,7.8284907,-0.5884907341003416,0.5884907341003416
21.0,12.555162,8.44483757019043,8.44483757019043
6.81,17.451128,-10.641128005981447,10.641128005981447
17.97,16.730251,1.2397486877441395,1.2397486877441395
44.91,30.992783,13.917217407226559,13.917217407226559
14.05,13.786128,0.26387195587158274,0.26387195587158274
22.33,19.690388,2.63961227416992,2.63961227416992
7.8,9.528893,-1.7288934707641603,1.7288934707641603
18.67,13.421013,5.248987121582033,5.248987121582033
2.7,11.857365,-9.157364654541016,9.157364654541016
11.36,8.874487,2.485513076782226,2.485513076782226
17.25,9.801089,7.448910713195801,7.448910713195801
9.45,12.466646,-3.0166461944580085,3.0166461944580085
1.9,14.741349,-12.841349220275879,12.841349220275879
10.0,9.280198,0.7198019027709961,0.7198019027709961
5.66,11.456328,-5.7963283920288085,5.7963283920288085
13.23,21.957664,-8.727664489746093,8.727664489746093
8.0,9.243457,-1.2434568405151367,1.2434568405151367
10.27,10.192772,0.07722808837890582,0.07722808837890582
6.71,13.500888,-6.790887870788574,6.790887870788574
11.96,10.799436,1.16056438446045,1.16056438446045
3.22,17.594097,-14.374097137451171,14.374097137451171
5.43,18.127125,-12.697124786376953,12.697124786376953
32.88,16.493286,16.386713867187503,16.386713867187503
11.05,7.99649,3.053509998321534,3.053509998321534
1.75,11.292595,-9.542594909667969,9.542594909667969
0.03,18.556845,-18.52684471130371,18.52684471130371
3.75,13.121619,-9.37161922454834,9.37161922454834
11.89,12.556705,-0.6667054748535151,0.6667054748535151
21.0,18.471527,2.528472900390625,2.528472900390625
19.79,12.238133,7.551866569519042,7.551866569519042
31.04,21.589363,9.450636901855468,9.450636901855468
13.67,9.867496,3.8025044631958007,3.8025044631958007
21.32,18.510347,2.8096526336669925,2.8096526336669925
16.5,16.514446,-0.014446258544921875,0.014446258544921875
6.77,18.041807,-11.271807174682618,11.271807174682618
12.56,12.105074,0.4549260711669927,0.4549260711669927
11.7,9.135179,2.5648214340209954,2.5648214340209954
10.37,6.8148093,3.5551906776428215,3.5551906776428215
29.65,21.57618,8.073820495605467,8.073820495605467
13.31,11.430184,1.8798156356811528,1.8798156356811528
23.16,17.897131,5.262869033813477,5.262869033813477
12.77,9.868107,2.901893157958984,2.901893157958984
17.15,14.41248,2.7375196456909165,2.7375196456909165
2.73,7.5682983,-4.83829833984375,4.83829833984375
1.97,17.442863,-15.472863464355468,15.472863464355468
24.34,22.410612,1.9293878936767577,1.9293878936767577
8.0,16.511044,-8.511043548583984,8.511043548583984
19.19,15.462505,3.7274946594238294,3.7274946594238294
22.31,9.961026,12.348973808288573,12.348973808288573
0.01,14.307649,-14.297648658752442,14.297648658752442
5.38,24.105192,-18.725192184448243,18.725192184448243
8.08,11.528674,-3.4486741256713866,3.4486741256713866
24.5,19.038694,5.461305618286133,5.461305618286133
55.46,28.711012,26.74898811340332,26.74898811340332
24.09,15.11291,8.977089729309082,8.977089729309082
2.4,6.5313883,-4.1313882827758786,4.1313882827758786
11.6,12.334402,-0.7344020843505863,0.7344020843505863
31.44,20.356762,11.083238067626954,11.083238067626954
11.0,8.863798,2.136201858520508,2.136201858520508
22.2,14.245088,7.954912376403808,7.954912376403808
11.84,20.352251,-8.512251052856445,8.512251052856445
8.36,13.240928,-4.880927696228028,4.880927696228028
4.35,9.453056,-5.103056335449219,5.103056335449219
2.02,13.209328,-11.189327697753907,11.189327697753907
3.56,9.290091,-5.730090560913085,5.730090560913085
2.76,9.10401,-6.344009628295899,6.344009628295899
2.04,6.8651843,-4.825184307098389,4.825184307098389
26.6,13.7996,12.800400352478029,12.800400352478029
19.2,20.882761,-1.6827610015869148,1.6827610015869148
52.72,27.893541,24.82645866394043,24.82645866394043
6.0,9.818436,-3.8184356689453125,3.8184356689453125
10.0,7.6986446,2.3013553619384766,2.3013553619384766
23.81,23.113977,0.6960225677490222,0.6960225677490222
1.33,11.03,-9.699999732971191,9.699999732971191
0.44,6.7016535,-6.261653480529785,6.261653480529785
17.67,15.498334,2.1716660690307634,2.1716660690307634
14.63,9.74168,4.888319854736329,4.888319854736329
58.9,13.359619,45.540380859375,45.540380859375
4.86,8.698103,-3.8381029510498044,3.8381029510498044
12.2,11.240872,0.9591276168823235,0.9591276168823235
47.95,25.971857,21.97814292907715,21.97814292907715
10.24,13.152758,-2.91275764465332,2.91275764465332
31.95,19.975706,11.974293899536132,11.974293899536132
13.8,17.049591,-3.2495910644531243,3.2495910644531243
5.8,9.549327,-3.7493268966674806,3.7493268966674806
18.2,12.945553,5.254447174072265,5.254447174072265
2.62,24.202356,-21.582356338500976,21.582356338500976
11.81,11.657807,0.1521926498413091,0.1521926498413091
6.15,10.569947,-4.419947242736816,4.419947242736816
2.6,7.9953923,-5.395392322540284,5.395392322540284
20.35,14.803544,5.5464559555053725,5.5464559555053725
32.45,40.17808,-7.728081512451169,7.728081512451169
11.38,10.120031,1.2599686431884773,1.2599686431884773
0.33,13.522881,-13.192880554199219,13.192880554199219
6.1,14.216741,-8.116740608215332,8.116740608215332
19.76,12.393423,7.366576919555666,7.366576919555666
18.51,13.974461,4.535539398193361,4.535539398193361
10.5,13.258469,-2.7584686279296875,2.7584686279296875
79.1,14.717409,64.38259086608886,64.38259086608886
10.11,13.00123,-2.8912302398681646,2.8912302398681646
2.45,14.882992,-12.432991790771485,12.432991790771485
7.2,22.232294,-15.032294082641602,15.032294082641602
18.18,12.494024,5.685975723266601,5.685975723266601
9.74,11.539782,-1.79978157043457,1.79978157043457
4.64,8.842142,-4.202142105102539,4.202142105102539
0.41,13.086933,-12.676933135986328,12.676933135986328
4.1,28.874727,-24.774727249145506,24.774727249145506
9.74,10.69929,-0.9592902755737303,0.9592902755737303
7.56,8.658958,-1.0989584350585941,1.0989584350585941
42.88,26.813692,16.066307907104495,16.066307907104495
43.24,24.59533,18.644670715332033,18.644670715332033
13.4,18.081606,-4.6816059112548825,4.6816059112548825
19.09,16.204845,2.885154571533203,2.885154571533203
12.72,17.376963,-4.656962661743163,4.656962661743163
12.37,16.449045,-4.079045181274415,4.079045181274415
10.74,12.720831,-1.9808309173583982,1.9808309173583982
8.56,15.570083,-7.010082664489746,7.010082664489746
7.6,16.343575,-8.743574523925782,8.743574523925782
14.64,16.641146,-2.0011457061767572,2.0011457061767572
3.71,11.013593,-7.303592720031738,7.303592720031738
2.89,10.636539,-7.746539459228515,7.746539459228515
30.89,23.357584,7.5324160003662115,7.5324160003662115
20.2,21.557775,-1.3577754974365241,1.3577754974365241
48.17,28.636686,19.53331367492676,19.53331367492676
28.41,21.187635,7.2223645782470705,7.2223645782470705
16.78,10.774717,6.005282669067384,6.005282669067384
41.77,32.748753,9.021247406005863,9.021247406005863
6.84,11.348313,-4.508313331604004,4.508313331604004
12.68,13.0434475,-0.3634474945068362,0.3634474945068362
22.5,18.933887,3.566112518310547,3.566112518310547
4.09,9.815961,-5.725960884094238,5.725960884094238
33.1,26.88212,6.217879867553712,6.217879867553712
10.74,16.075617,-5.335616836547851,5.335616836547851
9.81,16.040554,-6.230554046630859,6.230554046630859
12.09,11.615657,0.4743431472778319,0.4743431472778319
40.1,21.810377,18.28962287902832,18.28962287902832
38.68,13.851095,24.82890480041504,24.82890480041504
5.9,14.376604,-8.476604080200195,8.476604080200195
20.92,20.762188,0.15781204223632983,0.15781204223632983
22.01,23.603395,-1.5933954620361312,1.5933954620361312
49.62,27.203596,22.416403884887693,22.416403884887693
36.26,27.378366,8.881633529663084,8.881633529663084
6.11,19.198118,-13.088118209838868,13.088118209838868
10.65,20.28659,-9.636590576171875,9.636590576171875
25.92,19.687191,6.232808990478517,6.232808990478517
46.18,29.232687,16.94731300354004,16.94731300354004
23.8,22.300158,1.4998424530029304,1.4998424530029304
18.1,19.42839,-1.328390502929686,1.328390502929686
31.86,29.143381,2.7166188812255854,2.7166188812255854
5.66,34.376778,-28.71677764892578,28.71677764892578
17.27,24.956408,-7.686407546997071,7.686407546997071
6.78,22.99464,-16.214640350341796,16.214640350341796
16.45,21.85978,-5.409779357910157,5.409779357910157
17.7,26.00035,-8.300350952148438,8.300350952148438
7.91,11.535234,-3.625234451293945,3.625234451293945
17.96,28.709778,-10.74977783203125,10.74977783203125
32.1,21.301405,10.798595046997072,10.798595046997072
10.1,23.268604,-13.168604278564453,13.168604278564453
49.2,17.760876,31.439124298095706,31.439124298095706
36.6,21.815203,14.784797286987306,14.784797286987306
25.9,21.845009,4.054991149902342,4.054991149902342
5.85,9.633452,-3.783452415466309,3.783452415466309
10.66,21.666504,-11.00650390625,11.00650390625
9.6,10.136862,-0.5368618011474613,0.5368618011474613
10.51,17.025583,-6.515583267211914,6.515583267211914
25.42,20.83126,4.588739318847658,4.588739318847658
2.39,12.666323,-10.276322708129882,10.276322708129882
50.94,21.738752,29.201247634887693,29.201247634887693
25.3,19.49572,5.804280090332032,5.804280090332032
45.16,36.16638,8.993618164062497,8.993618164062497
10.42,19.842285,-9.42228515625,9.42228515625
20.54,20.157677,0.3823233032226554,0.3823233032226554
50.0,18.693226,31.306774139404297,31.306774139404297
5.92,10.13216,-4.212160186767578,4.212160186767578
5.96,11.634125,-5.674124755859375,5.674124755859375
15.58,17.06498,-1.4849795532226562,1.4849795532226562
32.35,10.305382,22.044618225097658,22.044618225097658
11.86,14.006769,-2.146769180297852,2.146769180297852
3.08,18.966045,-15.886045379638672,15.886045379638672
26.82,30.576923,-3.756923370361328,3.756923370361328
46.76,25.480906,21.279094467163084,21.279094467163084
0.1,19.482708,-19.38270797729492,19.38270797729492
27.23,24.512291,2.7177090454101567,2.7177090454101567
17.7,24.11903,-6.419029998779298,6.419029998779298
17.2,18.595322,-1.3953216552734382,1.3953216552734382
16.55,21.745604,-5.1956035614013665,5.1956035614013665
15.35,16.78916,-1.4391597747802738,1.4391597747802738
9.8,11.689802,-1.889802169799804,1.889802169799804
15.82,25.302147,-9.482146911621093,9.482146911621093
18.2,21.626026,-3.426026153564454,3.426026153564454
42.54,18.615067,23.924933471679687,23.924933471679687
52.3,30.099262,22.20073776245117,22.20073776245117
34.04,34.1301,-0.09010025024414148,0.09010025024414148
66.28,23.770704,42.50929573059082,42.50929573059082
26.2,40.17162,-13.971619415283204,13.971619415283204
13.1,19.500301,-6.400301361083985,6.400301361083985
11.34,13.485813,-2.1458131408691408,2.1458131408691408
6.55,36.142532,-29.592532348632812,29.592532348632812
34.0,30.869305,3.130695343017578,3.130695343017578
41.5,32.92243,8.577571868896484,8.577571868896484
12.3,17.961124,-5.661124420166015,5.661124420166015
34.16,24.47643,9.68356910705566,9.68356910705566
42.3,37.39812,4.901879119873044,4.901879119873044
35.3,15.673793,19.626207160949704,19.626207160949704
14.3,22.646181,-8.346181106567382,8.346181106567382
10.83,14.915187,-4.085186882019043,4.085186882019043
11.3,11.734141,-0.43414134979247976,0.43414134979247976
10.67,18.126686,-7.456686096191406,7.456686096191406
43.83,30.834616,12.995384292602537,12.995384292602537
21.08,17.090446,3.9895535278320295,3.9895535278320295
14.67,16.301323,-1.6313229370117188,1.6313229370117188
5.7,15.018503,-9.318503189086915,9.318503189086915
17.0,17.130974,-0.13097381591796875,0.13097381591796875
26.57,25.143023,1.426977462768555,1.426977462768555
25.34,22.758175,2.5818251037597655,2.5818251037597655
7.46,16.412346,-8.952345886230468,8.952345886230468
7.8,12.551394,-4.751394462585449,4.751394462585449
14.68,14.068603,0.6113974380493161,0.6113974380493161
17.9,19.496769,-1.596768951416017,1.596768951416017
45.69,15.697509,29.992491188049314,29.992491188049314
25.75,25.514309,0.23569107055664062,0.23569107055664062
20.3,11.293831,9.00616912841797,9.00616912841797
48.62,29.609697,19.010302658081052,19.010302658081052
26.72,21.773731,4.946268768310546,4.946268768310546
28.72,18.678053,10.04194709777832,10.04194709777832
6.55,12.876224,-6.326223564147949,6.326223564147949
5.23,15.014,-9.783999938964843,9.783999938964843
24.4,15.973861,8.426139259338377,8.426139259338377
4.93,17.694323,-12.76432258605957,12.76432258605957
12.38,13.009609,-0.6296092224121086,0.6296092224121086
21.49,19.02494,2.465059509277342,2.465059509277342
9.52,15.010198,-5.4901976394653325,5.4901976394653325
32.07,13.730814,18.33918601989746,18.33918601989746
11.1,11.772488,-0.6724876403808597,0.6724876403808597
25.09,21.810923,3.279077377319336,3.279077377319336
19.04,23.844406,-4.804406127929688,4.804406127929688
9.98,7.7064943,2.273505668640137,2.273505668640137
31.14,13.387855,17.75214542388916,17.75214542388916
14.21,14.170751,0.03924938201904382,0.03924938201904382
14.09,11.473144,2.6168564224243163,2.6168564224243163
9.59,14.327291,-4.737290534973145,4.737290534973145
14.81,20.930426,-6.120425643920898,6.120425643920898
2.63,31.075705,-28.445704574584962,28.445704574584962
11.69,19.912647,-8.222647247314454,8.222647247314454
15.19,23.91445,-8.724449691772461,8.724449691772461
21.71,15.489326,6.220674476623536,6.220674476623536
20.76,12.294667,8.465332756042482,8.465332756042482
3.59,16.244833,-12.654832992553711,12.654832992553711
9.0,9.95254,-0.952540397644043,0.952540397644043
4.74,10.0985,-5.358500251770019,5.358500251770019
1.05,8.387504,-7.3375036239624025,7.3375036239624025
9.99,11.092575,-1.1025750732421873,1.1025750732421873
3.61,11.909284,-8.299283638000489,8.299283638000489
22.7,14.828086,7.871914100646972,7.871914100646972
0.6,19.441751,-18.841751480102538,18.841751480102538
9.5,11.464478,-1.9644775390625,1.9644775390625
1.99,14.039731,-12.0497310256958,12.0497310256958
17.67,19.351732,-1.6817322540283186,1.6817322540283186
9.36,9.298359,0.06164108276367131,0.06164108276367131
20.76,12.9868355,7.773164520263673,7.773164520263673
10.6,16.501062,-5.901062393188477,5.901062393188477
38.24,24.154129,14.08587097167969,14.08587097167969
0.03,13.620953,-13.590952606201173,13.590952606201173
12.05,9.072194,2.977805900573731,2.977805900573731
22.55,10.047684,12.502316284179688,12.502316284179688
22.85,17.256998,5.593001937866212,5.593001937866212
6.5,11.779024,-5.279024124145508,5.279024124145508
20.05,18.89355,1.1564491271972663,1.1564491271972663
22.96,22.263084,0.6969155883789071,0.6969155883789071
8.57,11.987668,-3.4176680374145505,3.4176680374145505
12.7,10.789362,1.9106380462646477,1.9106380462646477
27.08,19.289404,7.790596084594725,7.790596084594725
13.06,19.694576,-6.634576263427734,6.634576263427734
2.9,8.716429,-5.816428756713867,5.816428756713867
3.73,12.289522,-8.559522171020507,8.559522171020507
6.89,16.607306,-9.717305526733398,9.717305526733398
13.89,15.745145,-1.8551448440551752,1.8551448440551752
16.76,16.878244,-0.1182444000244125,0.1182444000244125
5.71,7.979886,-2.269886054992676,2.269886054992676
46.2,16.868027,29.331973266601565,29.331973266601565
19.4,13.803681,5.596318626403807,5.596318626403807
2.17,7.5682983,-5.39829833984375,5.39829833984375
5.21,18.361532,-13.15153221130371,13.15153221130371
13.0,8.42885,4.571149826049805,4.571149826049805
25.63,22.213888,3.416111831665038,3.416111831665038
33.37,21.780832,11.589167709350583,11.589167709350583
45.17,18.24381,26.92618934631348,26.92618934631348
15.9,16.494946,-0.5949455261230465,0.5949455261230465
28.12,18.46871,9.65129005432129,9.65129005432129
0.14,19.255215,-19.11521469116211,19.11521469116211
20.92,23.124779,-2.204778747558592,2.204778747558592
30.51,21.450115,9.05988479614258,9.05988479614258
20.1,25.901478,-5.801477813720702,5.801477813720702
5.4,18.266678,-12.866677856445312,12.866677856445312
12.5,16.368034,-3.8680343627929688,3.8680343627929688
5.1,14.537775,-9.437775039672852,9.437775039672852
35.82,14.91109,20.90891010284424,20.90891010284424
41.36,21.729542,19.630458221435546,19.630458221435546
2.89,16.212294,-13.32229362487793,13.32229362487793
1.86,11.561795,-9.701795234680176,9.701795234680176
2.44,9.467704,-7.027703819274903,7.027703819274903
25.72,22.410612,3.3093878936767567,3.3093878936767567
9.96,17.37628,-7.416279830932616,7.416279830932616
18.44,11.922441,6.517559471130372,6.517559471130372
6.2,10.532634,-4.332633781433105,4.332633781433105
4.63,10.449465,-5.819464797973633,5.819464797973633
1.45,10.976856,-9.526856231689454,9.526856231689454
12.8,11.528932,1.2710683822631843,1.2710683822631843
2.32,13.968038,-11.648037605285644,11.648037605285644
24.1,15.577217,8.52278289794922,8.52278289794922
20.85,19.64981,1.2001892089843764,1.2001892089843764
23.43,28.258684,-4.828684158325196,4.828684158325196
9.56,12.912749,-3.352749290466308,3.352749290466308
18.39,17.950682,0.4393183135986334,0.4393183135986334
30.9,16.126808,14.773191833496092,14.773191833496092
7.06,6.8495407,0.21045928955078086,0.21045928955078086
23.16,16.310324,6.849676284790039,6.849676284790039
7.1,11.8518915,-4.7518915176391605,4.7518915176391605
11.8,11.657499,0.14250068664550852,0.14250068664550852
17.78,20.846048,-3.066048355102538,3.066048355102538
10.42,9.200957,1.2190427017211913,1.2190427017211913
9.1,8.722798,0.3772016525268551,0.3772016525268551
43.82,24.166128,19.653871841430664,19.653871841430664
47.35,21.262827,26.087173080444337,26.087173080444337
21.82,19.12364,2.6963599395751956,2.6963599395751956
19.61,20.265303,-0.6553026580810553,0.6553026580810553
13.21,19.382593,-6.172593154907226,6.172593154907226
15.12,21.928709,-6.808709030151368,6.808709030151368
2.16,8.999848,-6.839848365783691,6.839848365783691
5.4,14.322164,-8.922163581848144,8.922163581848144
7.1,15.771359,-8.671359443664551,8.671359443664551
11.73,11.929802,-0.19980194091796832,0.19980194091796832
1.62,15.57249,-13.952489738464354,13.952489738464354
5.5,7.9919553,-2.491955280303955,2.491955280303955
15.52,16.662416,-1.1424164581298832,1.1424164581298832
5.6,11.62288,-6.022879981994629,6.022879981994629
12.34,17.862972,-5.5229722595214845,5.5229722595214845
22.2,11.7197485,10.480251502990722,10.480251502990722
3.58,7.2770596,-3.697059555053711,3.697059555053711
31.02,20.220968,10.799031753540039,10.799031753540039
22.1,11.516988,10.583012199401857,10.583012199401857
6.59,9.043797,-2.4537965393066408,2.4537965393066408
13.73,18.546112,-4.816112060546875,4.816112060546875
12.21,14.351271,-2.141270675659179,2.141270675659179
1.2,6.5790715,-5.379071521759033,5.379071521759033
3.43,13.079842,-9.649841613769532,9.649841613769532
7.46,17.630817,-10.170817413330077,10.170817413330077
10.6,11.098187,-0.49818744659423864,0.49818744659423864
6.22,18.304276,-12.084275512695314,12.084275512695314
19.13,25.01018,-5.880179519653321,5.880179519653321
2.8,15.314542,-12.514541816711425,12.514541816711425
5.21,9.778698,-4.568697967529297,4.568697967529297
6.41,21.378023,-14.968023147583008,14.968023147583008
49.8,39.07064,10.729359436035153,10.729359436035153
15.43,12.077282,3.352718048095703,3.352718048095703
8.73,15.691689,-6.961688537597656,6.961688537597656
3.16,17.936377,-14.776376571655273,14.776376571655273
1.4,12.332512,-10.932511901855468,10.932511901855468
23.16,11.699479,11.460520896911621,11.460520896911621
20.77,13.089057,7.680943031311035,7.680943031311035
5.1,13.077903,-7.977902793884278,7.977902793884278
2.2,8.391787,-6.191786575317383,6.191786575317383
8.12,12.95653,-4.836529617309571,4.836529617309571
20.2,14.929391,5.270609092712402,5.270609092712402
4.28,13.290939,-9.010939331054686,9.010939331054686
24.1,28.667706,-4.5677055358886705,4.5677055358886705
12.63,16.426083,-3.7960826110839836,3.7960826110839836
21.61,17.36271,4.24728904724121,4.24728904724121
9.84,19.816563,-9.97656265258789,9.97656265258789
22.92,19.098555,3.821445388793947,3.821445388793947
31.91,18.79211,13.117889556884766,13.117889556884766
2.43,10.111057,-7.681057281494141,7.681057281494141
46.7,41.154266,5.545733642578128,5.545733642578128
4.38,11.561787,-7.181786651611328,7.181786651611328
8.82,13.174669,-4.35466926574707,4.35466926574707
6.8,19.185154,-12.38515396118164,12.38515396118164
5.53,12.610287,-7.080286712646484,7.080286712646484
8.14,15.683614,-7.543613777160644,7.543613777160644
3.93,13.712942,-9.782942123413086,9.782942123413086
45.25,19.101599,26.148401260375977,26.148401260375977
44.13,18.46017,25.669829254150393,25.669829254150393
13.64,13.643874,-0.0038741683959955253,0.0038741683959955253
14.2,21.179802,-6.9798019409179695,6.9798019409179695
46.16,10.434098,35.72590175628662,35.72590175628662
16.44,16.426083,0.013917388916016904,0.013917388916016904
5.9,12.690079,-6.790078735351562,6.790078735351562
13.95,14.149528,-0.19952754974365305,0.19952754974365305
14.1,13.011226,1.0887742996215817,1.0887742996215817
15.1,11.082526,4.017473793029785,4.017473793029785
14.0,15.125483,-1.1254825592041016,1.1254825592041016
9.32,9.073903,0.24609691619873075,0.24609691619873075
49.86,26.773193,23.086806640625,23.086806640625
17.1,13.554059,3.545940971374513,3.545940971374513
12.83,11.455957,1.3740425872802735,1.3740425872802735
10.8,9.7749405,1.0250595092773445,1.0250595092773445
21.05,21.239264,-0.18926353454589773,0.18926353454589773
33.0,22.145037,10.854963302612305,10.854963302612305
8.49,15.610549,-7.120548973083496,7.120548973083496
23.2,27.60413,-4.404129791259766,4.404129791259766
34.79,20.579866,14.210133590698241,14.210133590698241
14.65,22.710623,-8.060622787475586,8.060622787475586
34.17,16.007053,18.16294662475586,18.16294662475586
1.97,10.346086,-8.376085548400878,8.376085548400878
35.06,15.160158,19.89984184265137,19.89984184265137
20.1,20.757904,-0.6579040527343736,0.6579040527343736
4.78,19.532057,-14.752056808471679,14.752056808471679
23.3,21.85288,1.4471195220947273,1.4471195220947273
39.42,27.245678,12.174322052001955,12.174322052001955
36.45,22.54339,13.906609725952151,13.906609725952151
20.42,24.249222,-3.829221801757811,3.829221801757811
20.31,21.058466,-0.7484659576416028,0.7484659576416028
21.85,21.946661,-0.09666099548339702,0.09666099548339702
54.73,24.429445,30.300554733276364,30.300554733276364
5.2,21.002913,-15.802912521362305,15.802912521362305
21.89,19.577747,2.3122526550292974,2.3122526550292974
49.6,21.162613,28.43738708496094,28.43738708496094
25.2,23.116652,2.0833484649658196,2.0833484649658196
14.2,20.677422,-6.4774215698242195,6.4774215698242195
10.98,17.752342,-6.772342224121093,6.772342224121093
20.07,20.937551,-0.8675514984130857,0.8675514984130857
31.68,16.032633,15.64736717224121,15.64736717224121
61.41,32.69198,28.718021545410153,28.718021545410153
16.79,26.153366,-9.363366088867188,9.363366088867188
20.67,21.164942,-0.49494178771972486,0.49494178771972486
19.42,16.1691,3.250900192260744,3.250900192260744
49.41,33.81731,15.592689666748043,15.592689666748043
9.6,12.792235,-3.192235374450684,3.192235374450684
16.64,22.644367,-6.004367218017578,6.004367218017578
12.59,22.308315,-9.71831527709961,9.71831527709961
21.81,22.4195,-0.6095003509521497,0.6095003509521497
11.2,10.250201,0.9497987747192376,0.9497987747192376
11.92,9.633452,2.2865475845336913,2.2865475845336913
30.94,26.777372,4.162627639770509,4.162627639770509
19.46,20.086557,-0.6265573883056632,0.6265573883056632
23.76,30.842731,-7.082731475830077,7.082731475830077
18.6,19.69263,-1.0926307678222642,1.0926307678222642
36.19,21.760427,14.429572525024412,14.429572525024412
48.93,30.766655,18.16334503173828,18.16334503173828
14.4,20.224665,-5.824664688110351,5.824664688110351
28.97,18.569162,10.400837631225585,10.400837631225585
13.58,16.859127,-3.2791270446777343,3.2791270446777343
23.46,28.850405,-5.390404739379882,5.390404739379882
5.87,18.148148,-12.278147583007812,12.278147583007812
14.0,18.661846,-4.661846160888672,4.661846160888672
28.0,18.617846,9.38215446472168,9.38215446472168
10.17,28.503378,-18.33337791442871,18.33337791442871
55.42,25.546488,29.873512191772463,29.873512191772463
55.78,29.67802,26.10197952270508,26.10197952270508
50.0,16.874071,33.12592887878418,33.12592887878418
20.16,18.236588,1.9234124755859376,1.9234124755859376
4.44,18.056852,-13.616852340698241,13.616852340698241
23.42,18.859402,4.560598297119142,4.560598297119142
38.1,19.129389,18.9706111907959,18.9706111907959
55.32,36.25181,19.068191833496094,19.068191833496094
38.34,27.916533,10.423467483520511,10.423467483520511
32.08,20.636719,11.443281249999998,11.443281249999998
37.36,33.85214,3.50786148071289,3.50786148071289
12.45,12.085758,0.36424179077148366,0.36424179077148366
6.74,21.69489,-14.954889068603515,14.954889068603515
68.2,20.999321,47.200679016113284,47.200679016113284
3.8,21.769657,-17.969657135009765,17.969657135009765
11.42,30.068481,-18.6484814453125,18.6484814453125
30.9,32.58313,-1.6831298828125014,1.6831298828125014
30.24,38.93644,-8.696439514160158,8.696439514160158
5.9,19.78892,-13.888919448852539,13.888919448852539
20.82,20.36399,0.45600921630859403,0.45600921630859403
20.59,35.391598,-14.801597747802735,14.801597747802735
13.95,18.832306,-4.882305908203126,4.882305908203126
14.0,20.848833,-6.848833084106445,6.848833084106445
33.24,29.504856,3.7351438903808614,3.7351438903808614
0.33,15.343861,-15.013860626220703,15.013860626220703
10.93,11.378291,-0.44829113006591825,0.44829113006591825
26.22,18.324898,7.895102233886718,7.895102233886718
10.17,8.1672735,2.00272647857666,2.00272647857666
9.3,12.0185795,-2.718579483032226,2.718579483032226
14.4,13.769563,0.630437278747559,0.630437278747559
13.23,15.1187315,-1.8887314987182613,1.8887314987182613
9.22,14.189857,-4.969856529235839,4.969856529235839
3.7,13.692557,-9.992557334899903,9.992557334899903
32.62,19.373745,13.246255035400388,13.246255035400388
45.22,17.309929,27.91007110595703,27.91007110595703
24.67,16.98255,7.687450332641603,7.687450332641603
22.1,26.281544,-4.181543731689452,4.181543731689452
34.77,31.492064,3.277936477661136,3.277936477661136
8.6,12.513172,-3.9131721496582035,3.9131721496582035
13.31,14.076435,-0.7664350891113276,0.7664350891113276
33.1,30.187132,2.9128681182861342,2.9128681182861342
7.71,10.004186,-2.294185676574707,2.294185676574707
24.91,27.068836,-2.158836212158203,2.158836212158203
12.06,11.761581,0.298418579101563,0.298418579101563
13.05,20.915276,-7.865275573730468,7.865275573730468
6.36,13.793787,-7.433787002563476,7.433787002563476
23.81,17.930666,5.879334030151366,5.879334030151366
5.83,11.846204,-6.016203804016113,6.016203804016113
48.34,27.949928,20.390071716308597,20.390071716308597
9.1,10.741381,-1.6413806915283207,1.6413806915283207
3.5,9.553978,-6.053977966308594,6.053977966308594
34.9,12.784663,22.11533679962158,22.11533679962158
3.59,17.720676,-14.13067642211914,14.13067642211914
37.38,11.537916,25.842083816528323,25.842083816528323
16.25,16.534307,-0.28430747985839844,0.28430747985839844
27.36,17.342955,10.017045364379882,10.017045364379882
10.3,15.838806,-5.538806152343749,5.538806152343749
9.12,16.581314,-7.461314086914063,7.461314086914063
5.5,9.828033,-4.328033447265625,4.328033447265625
44.28,21.726889,22.55311134338379,22.55311134338379
13.49,20.082087,-6.592086563110351,6.592086563110351
3.93,7.5682983,-3.63829833984375,3.63829833984375
16.43,21.589363,-5.1593630981445315,5.1593630981445315
3.4,7.6907377,-4.290737724304199,4.290737724304199
18.15,20.088646,-1.9386459350585952,1.9386459350585952
45.12,16.581314,28.538685913085935,28.538685913085935
47.38,47.53002,-0.1500216674804662,0.1500216674804662
11.85,20.169903,-8.319902801513672,8.319902801513672
16.81,12.663486,4.1465144729614245,4.1465144729614245
0.12,9.007533,-8.887533073425294,8.887533073425294
18.86,14.723863,4.1361373519897455,4.1361373519897455
1.93,9.609588,-7.679587669372559,7.679587669372559
13.0,9.158092,3.8419084548950195,3.8419084548950195
10.5,17.395613,-6.895612716674805,6.895612716674805
19.22,18.990927,0.22907325744628793,0.22907325744628793
3.01,8.294089,-5.284089317321778,5.284089317321778
4.66,9.051145,-4.391144599914551,4.391144599914551
2.17,6.3146515,-4.144651489257813,4.144651489257813
5.02,17.46096,-12.440960388183594,12.440960388183594
4.17,17.169876,-12.999876098632813,12.999876098632813
1.36,7.3467464,-5.986746444702148,5.986746444702148
19.75,11.566226,8.1837739944458,8.1837739944458
1.7,9.657652,-7.957651901245117,7.957651901245117
27.8,17.066526,10.733473587036134,10.733473587036134
11.89,10.729781,1.1602188491821295,1.1602188491821295
13.0,11.803737,1.196263313293457,1.196263313293457
9.76,11.581304,-1.8213035964965822,1.8213035964965822
9.01,14.2683525,-5.258352508544922,5.258352508544922
2.4,15.314542,-12.914541816711425,12.914541816711425
1.33,26.076204,-24.74620429992676,24.74620429992676
60.02,20.058832,39.9611678314209,39.9611678314209
10.3,8.653709,1.646290588378907,1.646290588378907
10.84,12.013443,-1.1734429931640626,1.1734429931640626
13.6,18.842808,-5.242807769775391,5.242807769775391
1.2,10.435008,-9.235008049011231,9.235008049011231
23.81,20.278193,3.531807479858397,3.531807479858397
7.79,7.934893,-0.14489313125610348,0.14489313125610348
29.67,18.944216,10.725784225463869,10.725784225463869
1.82,24.1287,-22.308700256347656,22.308700256347656
15.28,12.908199,2.371800689697265,2.371800689697265
32.69,14.820464,17.86953586578369,17.86953586578369
30.0,15.574151,14.425848960876465,14.425848960876465
17.51,10.208415,7.301584968566896,7.301584968566896
17.45,15.955158,1.4948417663574212,1.4948417663574212
45.69,15.869521,29.82047885894775,29.82047885894775
17.33,24.112692,-6.782691879272463,6.782691879272463
27.72,20.420542,7.299458236694335,7.299458236694335
23.5,10.398254,13.10174560546875,13.10174560546875
16.61,13.609806,3.000193939208984,3.000193939208984
11.09,14.879822,-3.78982177734375,3.78982177734375
41.5,24.142328,17.3576717376709,17.3576717376709
14.36,31.416384,-17.056383743286133,17.056383743286133
11.12,16.643274,-5.523274307250977,5.523274307250977
35.9,21.143364,14.75663604736328,14.75663604736328
36.92,17.798983,19.121017379760744,19.121017379760744
29.8,17.585089,12.214911270141602,12.214911270141602
21.6,20.814106,0.7858940124511733,0.7858940124511733
10.5,14.035324,-3.5353240966796875,3.5353240966796875
31.14,18.39722,12.742779388427735,12.742779388427735
10.98,16.77316,-5.793160934448242,5.793160934448242
10.79,19.296486,-8.506485900878907,8.506485900878907
12.2,15.9272175,-3.7272174835205085,3.7272174835205085
14.0,14.408385,-0.4083852767944336,0.4083852767944336
7.7,17.26031,-9.560309219360352,9.560309219360352
18.55,16.342598,2.2074020385742195,2.2074020385742195
20.0,21.765362,-1.7653617858886719,1.7653617858886719
20.82,14.552754,6.267245597839356,6.267245597839356
7.8,14.059723,-6.259722900390625,6.259722900390625
6.57,12.498101,-5.928101234436035,5.928101234436035
1.2,12.083781,-10.883781242370606,10.883781242370606
12.77,22.734377,-9.964376907348633,9.964376907348633
11.57,9.620226,1.94977409362793,1.94977409362793
37.17,16.474407,20.69559280395508,20.69559280395508
42.0,27.085516,14.914484024047852,14.914484024047852
6.76,9.144825,-2.3848249816894533,2.3848249816894533
4.22,24.2113,-19.991299896240236,19.991299896240236
19.7,18.067633,1.6323673248291009,1.6323673248291009
20.48,20.602198,-0.12219764709472614,0.12219764709472614
20.54,11.702674,8.83732608795166,8.83732608795166
12.35,12.233815,0.11618480682373011,0.11618480682373011
2.98,13.53036,-10.550360221862793,10.550360221862793
47.28,34.81597,12.464028625488282,12.464028625488282
23.3,19.273699,4.026301193237305,4.026301193237305
35.06,22.503962,12.55603843688965,12.55603843688965
0.01,19.71894,-19.70894073486328,19.70894073486328
14.0,16.92706,-2.9270591735839844,2.9270591735839844
6.43,17.40593,-10.975929565429688,10.975929565429688
12.2,14.551102,-2.351101684570313,2.351101684570313
27.61,19.58053,8.029469833374023,8.029469833374023
0.01,29.433657,-29.42365669250488,29.42365669250488
0.01,28.752121,-28.742120971679686,28.742120971679686
35.85,17.27971,18.57028923034668,18.57028923034668
47.89,20.761559,27.128441467285157,27.128441467285157
0.01,27.283855,-27.27385543823242,27.27385543823242
0.01,26.88533,-26.87533020019531,26.87533020019531
0.02,30.764801,-30.744801025390625,30.744801025390625
38.99,27.264616,11.72538398742676,11.72538398742676
0.01,16.513655,-16.503654708862303,16.503654708862303
9.73,19.020756,-9.290755767822265,9.290755767822265
0.01,28.188858,-28.17885803222656,28.17885803222656
42.13,19.495699,22.634301071166995,22.634301071166995
13.52,20.288294,-6.768293838500977,6.768293838500977
47.41,20.24316,27.166839752197262,27.166839752197262
32.07,37.43471,-5.364711456298828,5.364711456298828
15.23,36.264423,-21.034423370361328,21.034423370361328
7.62,13.702223,-6.08222282409668,6.08222282409668
29.45,23.866875,5.5831253051757805,5.5831253051757805
14.6,32.302685,-17.702684783935545,17.702684783935545
14.0,20.947433,-6.9474334716796875,6.9474334716796875
41.3,26.018898,15.281101989746091,15.281101989746091
21.5,19.643147,1.8568534851074219,1.8568534851074219
46.02,29.023804,16.996196289062503,16.996196289062503
20.85,23.52225,-2.6722492218017564,2.6722492218017564
4.6,23.28683,-18.686830902099608,18.686830902099608
33.33,33.883453,-0.5534533691406267,0.5534533691406267
52.08,31.045956,21.034044342041014,21.034044342041014
53.03,34.637592,18.392407684326173,18.392407684326173
17.9,35.088272,-17.188272094726564,17.188272094726564
32.94,33.693356,-0.7533555603027366,0.7533555603027366
25.65,21.014404,4.635595703124999,4.635595703124999
22.1,18.289124,3.8108764648437514,3.8108764648437514
55.41,19.383545,36.026455078125,36.026455078125
8.65,13.032814,-4.382814025878906,4.382814025878906
3.57,18.392801,-14.822801284790039,14.822801284790039
11.5,13.228252,-1.7282524108886719,1.7282524108886719
4.5,9.505251,-5.005250930786133,5.005250930786133
16.3,14.483599,1.8164012908935554,1.8164012908935554
3.25,16.855568,-13.605567932128906,13.605567932128906
12.7,13.886788,-1.1867883682250984,1.1867883682250984
17.58,18.62086,-1.0408591461181658,1.0408591461181658
10.89,12.447898,-1.5578979110717768,1.5578979110717768
19.52,10.706563,8.813437004089355,8.813437004089355
19.98,12.652887,7.327112655639649,7.327112655639649
29.43,17.538462,11.891538314819336,11.891538314819336
17.96,18.473507,-0.5135069274902335,0.5135069274902335
1.98,19.19518,-17.215180892944336,17.215180892944336
35.35,28.598913,6.751086807250978,6.751086807250978
30.4,16.482191,13.917808914184569,13.917808914184569
4.7,12.922041,-8.222040939331055,8.222040939331055
2.64,7.80645,-5.166449890136718,5.166449890136718
16.47,20.562475,-4.092475204467775,4.092475204467775
25.05,21.608934,3.4410655975341804,3.4410655975341804
34.91,21.229918,13.68008247375488,13.68008247375488
55.13,22.954409,32.17559135437012,32.17559135437012
44.33,23.084255,21.24574478149414,21.24574478149414
20.88,28.790377,-7.910376663208009,7.910376663208009
11.16,20.31211,-9.152110900878906,9.152110900878906
1.1,6.9502244,-5.850224399566651,5.850224399566651
2.0,11.842921,-9.842921257019043,9.842921257019043
16.27,18.329151,-2.0591511535644536,2.0591511535644536
10.1,9.603359,0.49664077758789027,0.49664077758789027
6.79,9.482437,-2.6924371337890625,2.6924371337890625
11.9,14.895787,-2.9957872390747067,2.9957872390747067
9.0,9.904679,-0.9046792984008789,0.9046792984008789
28.97,31.643616,-2.673615722656251,2.673615722656251
17.9,15.81236,2.0876401901245103,2.0876401901245103
11.26,8.074734,3.1852662658691404,3.1852662658691404
15.5,13.559182,1.9408178329467773,1.9408178329467773
18.5,12.77565,5.7243499755859375,5.7243499755859375
7.87,6.478063,1.3919368934631349,1.3919368934631349
16.31,17.406176,-1.0961756134033216,1.0961756134033216
13.95,10.762969,3.1870309829711907,3.1870309829711907
3.03,11.569451,-8.539451332092286,8.539451332092286
30.54,22.347418,8.1925821685791,8.1925821685791
10.4,7.7708297,2.6291703224182132,2.6291703224182132
10.11,11.296097,-1.186096801757813,1.186096801757813
16.64,13.26349,3.376510276794434,3.376510276794434
12.32,18.552082,-6.232082061767578,6.232082061767578
16.8,15.257814,1.542185592651368,1.542185592651368
0.04,12.860489,-12.820488891601563,12.820488891601563
13.37,9.899241,3.4707585525512687,3.4707585525512687
9.89,7.690225,2.1997748756408697,2.1997748756408697
20.1,13.3504305,6.749569511413576,6.749569511413576
12.06,18.198635,-6.138635101318359,6.138635101318359
0.21,6.6826644,-6.472664394378662,6.472664394378662
29.76,15.089216,14.670783767700197,14.670783767700197
36.6,15.282208,21.317791557312013,21.317791557312013
10.78,9.279477,1.5005228805541986,1.5005228805541986
11.28,14.961016,-3.681015701293946,3.681015701293946
2.43,11.720257,-9.290256805419922,9.290256805419922
6.79,10.694669,-3.9046687698364257,3.9046687698364257
58.5,16.486265,42.01373481750488,42.01373481750488
1.65,22.924595,-21.274594879150392,21.274594879150392
21.25,21.607645,-0.35764503479003906,0.35764503479003906
20.89,16.600616,4.289383544921876,4.289383544921876
20.94,14.976227,5.963773193359376,5.963773193359376
5.71,8.986761,-3.2767610931396485,3.2767610931396485
7.6,17.081257,-9.481256866455078,9.481256866455078
7.74,13.870021,-6.130020866394043,6.130020866394043
12.18,6.119726,6.060273818969726,6.060273818969726
4.37,28.55072,-24.18072021484375,24.18072021484375
3.58,18.572603,-14.992603225708008,14.992603225708008
2.0,11.607857,-9.607856750488281,9.607856750488281
10.32,10.284759,0.03524143218994169,0.03524143218994169
10.2,17.11207,-6.912070083618165,6.912070083618165
30.54,21.608665,8.931334533691405,8.931334533691405
9.9,16.922255,-7.022254562377929,7.022254562377929
3.8,15.261726,-11.46172637939453,11.46172637939453
9.75,11.990108,-2.240107536315918,2.240107536315918
6.96,11.99171,-5.0317097091674805,5.0317097091674805
11.4,9.495762,1.9042381286621097,1.9042381286621097
31.76,20.817703,10.942296752929689,10.942296752929689
20.02,14.806694,5.213305969238281,5.213305969238281
2.6,10.952898,-8.352898025512696,8.352898025512696
31.86,19.991037,11.868962631225585,11.868962631225585
7.2,9.051145,-1.8511445999145506,1.8511445999145506
20.45,19.916468,0.5335323333740227,0.5335323333740227
7.3,9.426482,-2.1264822006225588,2.1264822006225588
6.97,8.999751,-2.029751091003418,2.029751091003418
6.44,13.525572,-7.085571823120117,7.085571823120117
11.3,12.175773,-0.8757726669311516,0.8757726669311516
15.07,13.554127,1.5158732604980472,1.5158732604980472
11.16,21.088228,-9.928228225708008,9.928228225708008
38.2,11.55434,26.645659637451175,26.645659637451175
2.01,10.13187,-8.12187026977539,8.12187026977539
12.43,15.209462,-2.77946216583252,2.77946216583252
13.25,17.908688,-4.658687591552734,4.658687591552734
8.46,10.869952,-2.409952201843261,2.409952201843261
53.86,31.082972,22.777028427124023,22.777028427124023
18.1,10.587005,7.512995338439943,7.512995338439943
9.75,21.133144,-11.38314437866211,11.38314437866211
12.05,16.586555,-4.5365554809570305,4.5365554809570305
10.62,18.643976,-8.023976211547852,8.023976211547852
6.7,11.323285,-4.623285102844238,4.623285102844238
8.5,9.387825,-0.8878250122070312,0.8878250122070312
8.2,14.455386,-6.2553861618042,6.2553861618042
8.9,14.5873575,-5.6873575210571286,5.6873575210571286
41.3,21.582329,19.71767120361328,19.71767120361328
13.94,16.822691,-2.8826909637451177,2.8826909637451177
28.06,14.187485,13.872515258789061,13.872515258789061
59.49,20.204655,39.285345306396486,39.285345306396486
37.07,17.072784,19.997215576171875,19.997215576171875
7.04,9.837777,-2.7977771377563476,2.7977771377563476
16.9,17.622519,-0.7225185394287124,0.7225185394287124
3.31,20.720926,-17.41092628479004,17.41092628479004
19.36,12.75037,6.609629974365234,6.609629974365234
37.2,10.973433,26.226567459106448,26.226567459106448
9.17,14.851203,-5.681202964782715,5.681202964782715
11.15,14.9927845,-3.84278450012207,3.84278450012207
12.64,16.198088,-3.5580876922607416,3.5580876922607416
6.38,12.859342,-6.479341621398926,6.479341621398926
12.96,19.757933,-6.797932662963866,6.797932662963866
16.8,19.120783,-2.320782852172851,2.320782852172851
0.42,27.457762,-27.037761764526365,27.037761764526365
43.87,21.937834,21.932166213989255,21.932166213989255
34.51,16.652493,17.85750747680664,17.85750747680664
20.59,19.572044,1.017955627441406,1.017955627441406
18.46,13.543129,4.916871032714845,4.916871032714845
21.71,27.32554,-5.615540542602538,5.615540542602538
20.44,24.394672,-3.954672393798827,3.954672393798827
24.41,11.405968,13.004032287597656,13.004032287597656
7.43,13.174669,-5.744669265747071,5.744669265747071
14.83,12.351363,2.478636817932129,2.478636817932129
9.2,16.294228,-7.094227600097657,7.094227600097657
0.03,8.656304,-8.626304359436036,8.626304359436036
9.03,8.055351,0.9746487426757806,0.9746487426757806
2.19,18.85583,-16.6658292388916,16.6658292388916
5.0,10.409293,-5.409293174743652,5.409293174743652
8.38,20.825167,-12.445166702270507,12.445166702270507
48.7,23.02834,25.671660614013675,25.671660614013675
13.96,12.026308,1.933691940307618,1.933691940307618
51.4,17.087715,34.31228485107422,34.31228485107422
13.95,12.878365,1.071635437011718,1.071635437011718
11.66,11.158968,0.5010320281982423,0.5010320281982423
34.72,22.547583,12.172417373657225,12.172417373657225
0.35,13.804279,-13.454279327392578,13.454279327392578
41.93,24.559917,17.370082550048828,17.370082550048828
27.14,17.23815,9.901850357055665,9.901850357055665
15.0,24.604702,-9.60470199584961,9.60470199584961
3.21,16.760733,-13.550732650756835,13.550732650756835
14.0,23.354612,-9.354612350463867,9.354612350463867
5.0,35.35861,-30.35860824584961,30.35860824584961
5.12,9.055127,-3.935127143859863,3.935127143859863
11.7,12.555539,-0.8555391311645515,0.8555391311645515
10.94,13.078082,-2.138082084655762,2.138082084655762
17.63,19.51064,-1.8806391906738291,1.8806391906738291
5.04,22.45099,-17.410990676879884,17.410990676879884
38.61,23.412762,15.197238311767578,15.197238311767578
13.96,15.780037,-1.8200369262695304,1.8200369262695304
19.3,13.826139,5.4738605499267585,5.4738605499267585
27.2,15.866831,11.333169174194335,11.333169174194335
30.34,22.561049,7.77895149230957,7.77895149230957
30.38,27.972878,2.4071224975585928,2.4071224975585928
21.66,21.012304,0.6476956939697267,0.6476956939697267
0.63,9.144825,-8.514824981689452,8.514824981689452
32.86,16.964281,15.89571891784668,15.89571891784668
24.48,22.676043,1.8039574432373051,1.8039574432373051
34.68,22.759968,11.920032196044922,11.920032196044922
12.92,19.718065,-6.79806526184082,6.79806526184082
39.5,24.288422,15.211578369140625,15.211578369140625
29.63,29.376335,0.25366485595703026,0.25366485595703026
22.18,16.921377,5.258622817993164,5.258622817993164
14.32,19.968966,-5.6489655303955075,5.6489655303955075
19.5,20.131044,-0.6310443878173828,0.6310443878173828
19.2,20.622707,-1.42270736694336,1.42270736694336
39.75,36.308357,3.4416427612304688,3.4416427612304688
34.2,35.54175,-1.3417518615722628,1.3417518615722628
10.97,11.931743,-0.9617426681518548,0.9617426681518548
41.29,28.303099,12.986901321411132,12.986901321411132
22.77,24.105768,-1.335768203735352,1.335768203735352
5.11,21.320707,-16.210707321166993,16.210707321166993
19.69,39.885006,-20.195005950927733,20.195005950927733
23.09,23.151432,-0.06143203735351577,0.06143203735351577
24.0,17.903633,6.096366882324219,6.096366882324219
2.99,24.89613,-21.906129608154295,21.906129608154295
2.04,17.386099,-15.346098861694337,15.346098861694337
13.79,22.119356,-8.329356155395509,8.329356155395509
2.01,18.380573,-16.37057327270508,16.37057327270508
20.33,19.301388,1.028612213134764,1.028612213134764
34.4,32.483562,1.9164375305175767,1.9164375305175767
7.76,9.976416,-2.2164156341552737,2.2164156341552737
30.67,21.755913,8.914087219238283,8.914087219238283
10.35,14.166462,-3.8164619445800785,3.8164619445800785
48.23,30.54647,17.683529357910153,17.683529357910153
7.76,28.890284,-21.13028358459473,21.13028358459473
8.48,17.341911,-8.861911315917968,8.861911315917968
14.3,10.766312,3.533688354492188,3.533688354492188
19.32,19.272436,0.04756385803222685,0.04756385803222685
6.4,29.797697,-23.397697067260744,23.397697067260744
75.09,21.366474,53.723525848388675,53.723525848388675
44.89,24.57265,20.317349090576172,20.317349090576172
33.7,32.624958,1.0750419616699247,1.0750419616699247
5.1,29.18225,-24.082249069213866,24.082249069213866
4.24,30.460114,-26.220113525390623,26.220113525390623
30.82,31.793919,-0.9739186096191403,0.9739186096191403
31.49,17.809053,13.68094657897949,13.68094657897949
8.43,8.422939,0.007060699462890341,0.007060699462890341
8.34,17.436605,-9.096605453491211,9.096605453491211
6.48,13.042277,-6.562277336120605,6.562277336120605
13.04,14.084458,-1.0444583511352548,1.0444583511352548
1.48,11.81005,-10.330050010681152,10.330050010681152
11.9,18.131535,-6.231534576416015,6.231534576416015
21.4,15.802813,5.597187423706053,5.597187423706053
9.27,19.868332,-10.598331909179688,10.598331909179688
24.41,11.746206,12.663793716430664,12.663793716430664
1.4,16.990541,-15.590541458129882,15.590541458129882
11.18,17.931297,-6.751297302246094,6.751297302246094
9.2,14.4138775,-5.213877487182618,5.213877487182618
18.12,21.078032,-2.958031539916991,2.958031539916991
3.51,10.650344,-7.140343894958496,7.140343894958496
7.85,15.109135,-7.259134674072266,7.259134674072266
17.1,20.760656,-3.660656356811522,3.660656356811522
12.4,10.20278,2.1972202301025394,2.1972202301025394
32.43,17.40136,15.028640441894531,15.028640441894531
8.94,14.20276,-5.262759742736817,5.262759742736817
45.03,34.095753,10.934247283935548,10.934247283935548
9.3,15.381021,-6.081020545959472,6.081020545959472
14.0,11.692504,2.3074960708618164,2.3074960708618164
21.3,13.186759,8.113241004943848,8.113241004943848
4.56,16.264135,-11.704135360717775,11.704135360717775
3.4,13.048625,-9.648624992370605,9.648624992370605
2.2,6.9502244,-4.75022439956665,4.75022439956665
30.23,19.802675,10.427324752807618,10.427324752807618
12.58,9.903671,2.6763287353515626,2.6763287353515626
42.84,15.259938,27.580061759948734,27.580061759948734
4.74,21.140577,-16.400577316284178,16.400577316284178
19.03,19.883825,-0.8538253021240223,0.8538253021240223
12.7,11.654445,1.0455553054809563,1.0455553054809563
29.07,15.144205,13.925794906616211,13.925794906616211
19.25,14.7921505,4.457849502563477,4.457849502563477
18.98,13.074571,5.9054293441772465,5.9054293441772465
20.93,18.08192,2.848079376220703,2.848079376220703
9.88,9.338413,0.5415867614746102,0.5415867614746102
4.1,7.170307,-3.0703071594238285,3.0703071594238285
10.28,16.742506,-6.46250602722168,6.46250602722168
35.3,15.538472,19.761527824401853,19.761527824401853
20.19,19.15016,1.0398401641845716,1.0398401641845716
25.87,12.25128,13.618720169067384,13.618720169067384
4.4,8.999751,-4.599751091003418,4.599751091003418
3.56,7.6677046,-4.107704582214355,4.107704582214355
13.06,11.28131,1.778689918518067,1.778689918518067
7.0,15.709764,-8.709763526916504,8.709763526916504
32.39,18.878231,13.511768951416016,13.511768951416016
11.69,15.0140915,-3.3240914916992192,3.3240914916992192
0.13,7.783569,-7.653568859100342,7.653568859100342
12.84,16.746187,-3.906187210083008,3.906187210083008
23.81,16.157797,7.652203140258788,7.652203140258788
4.29,8.839903,-4.549902877807617,4.549902877807617
38.7,15.539711,23.160289001464847,23.160289001464847
18.99,17.940329,1.0496714019775375,1.0496714019775375
22.1,8.030676,14.069324111938478,14.069324111938478
18.2,7.8254223,10.374577713012695,10.374577713012695
15.66,10.28605,5.3739501571655275,5.3739501571655275
2.82,7.009026,-4.189026050567627,4.189026050567627
41.04,20.988834,20.051165618896484,20.051165618896484
10.7,7.832391,2.867609214782714,2.867609214782714
6.98,10.810929,-3.8309292984008785,3.8309292984008785
10.8,9.208796,1.5912044525146491,1.5912044525146491
10.96,10.264046,0.6959542846679696,0.6959542846679696
9.39,11.243283,-1.8532832717895502,1.8532832717895502
10.16,14.744187,-4.584187355041504,4.584187355041504
19.38,15.467864,3.9121359634399404,3.9121359634399404
10.7,9.993853,0.706147384643554,0.706147384643554
2.35,11.93063,-9.58062973022461,9.58062973022461
8.48,10.529999,-2.0499987792968746,2.0499987792968746
19.92,13.294209,6.625791473388674,6.625791473388674
7.08,16.388811,-9.308811111450195,9.308811111450195
23.26,17.129356,6.130643615722658,6.130643615722658
6.6,12.123039,-5.523039245605469,5.523039245605469
28.87,15.799512,13.070488090515138,13.070488090515138
18.7,19.841051,-1.141051101684571,1.141051101684571
14.6,15.0705,-0.4705003738403324,0.4705003738403324
21.27,14.448765,6.821235198974609,6.821235198974609
3.79,13.265412,-9.475412330627442,9.475412330627442
26.46,15.25411,11.20588966369629,11.20588966369629
23.44,26.121685,-2.6816850280761706,2.6816850280761706
0.06,11.983704,-11.92370361328125,11.92370361328125
38.68,24.036789,14.643211059570312,14.643211059570312
54.04,13.140814,40.89918617248535,40.89918617248535
25.99,16.660896,9.329103698730467,9.329103698730467
7.58,13.973907,-6.393907470703125,6.393907470703125
11.73,15.735758,-4.005757827758789,4.005757827758789
11.19,8.406021,2.783978881835937,2.783978881835937
7.55,10.930234,-3.380233955383301,3.380233955383301
34.31,23.36031,10.949690399169924,10.949690399169924
9.2,17.244734,-8.044733810424805,8.044733810424805
0.09,9.998182,-9.90818229675293,9.90818229675293
45.56,17.718632,27.841368255615237,27.841368255615237
52.2,28.050022,24.149977874755862,24.149977874755862
34.15,26.555008,7.594992065429686,7.594992065429686
2.94,13.003045,-10.063045082092286,10.063045082092286
5.25,13.7322445,-8.482244491577148,8.482244491577148
4.82,8.786861,-3.966861419677734,3.966861419677734
20.49,18.464722,2.0252783203124984,2.0252783203124984
11.9,20.883541,-8.983541107177734,8.983541107177734
12.18,19.293388,-7.113388366699219,7.113388366699219
22.36,19.66092,2.6990808105468744,2.6990808105468744
2.79,18.60691,-15.816910705566407,15.816910705566407
28.39,10.137612,18.252387657165528,18.252387657165528
13.64,15.6924925,-2.052492485046386,2.052492485046386
5.48,20.995962,-15.515962142944336,15.515962142944336
18.35,33.877354,-15.52735366821289,15.52735366821289
38.0,16.038198,21.961801528930664,21.961801528930664
22.64,31.559732,-8.919732437133788,8.919732437133788
35.29,20.227814,15.062186279296874,15.062186279296874
40.8,18.963823,21.836176681518552,21.836176681518552
2.4,17.74104,-15.341039276123047,15.341039276123047
21.1,16.848988,4.251012420654298,4.251012420654298
0.34,26.14177,-25.801769409179688,25.801769409179688
50.53,34.81597,15.714028625488282,15.714028625488282
47.62,16.221617,31.39838325500488,31.39838325500488
46.03,28.319334,17.710665969848634,17.710665969848634
30.24,20.631565,9.608434906005858,9.608434906005858
38.3,28.520134,9.779866027832028,9.779866027832028
39.26,33.988354,5.271646270751951,5.271646270751951
18.0,32.621086,-14.621086120605469,14.621086120605469
31.14,32.28621,-1.146209106445312,1.146209106445312
32.64,30.15806,2.4819399261474615,2.4819399261474615
25.59,20.09574,5.494260635375976,5.494260635375976
32.88,17.3929,15.487099533081057,15.487099533081057
12.32,17.209715,-4.889714889526367,4.889714889526367
2.33,20.150803,-17.82080261230469,17.82080261230469
32.8,31.888178,0.9118221282958956,0.9118221282958956
1.31,13.600875,-12.29087490081787,12.29087490081787
30.79,22.159512,8.63048843383789,8.63048843383789
32.25,34.99485,-2.7448501586914062,2.7448501586914062
14.0,20.534002,-6.534002304077148,6.534002304077148
25.92,30.419573,-4.499572830200194,4.499572830200194
22.3,20.42912,1.8708808898925788,1.8708808898925788
6.5,14.775019,-8.275018692016602,8.275018692016602
11.4,15.165515,-3.7655149459838864,3.7655149459838864
28.9,14.326855,14.573145294189452,14.573145294189452
13.55,18.307364,-4.757363510131835,4.757363510131835
18.48,21.598982,-3.1189818572998043,3.1189818572998043
26.35,27.913633,-1.5636333465576158,1.5636333465576158
9.16,16.49622,-7.3362196350097655,7.3362196350097655
5.36,14.663639,-9.303639068603516,9.303639068603516
1.4,11.376856,-9.976855850219726,9.976855850219726
22.47,14.479727,7.990273208618163,7.990273208618163
30.38,11.657827,18.722172622680663,18.722172622680663
13.2,10.774983,2.4250165939331048,2.4250165939331048
30.5,17.149664,13.350336074829102,13.350336074829102
3.8,8.44081,-4.640810203552246,4.640810203552246
7.28,11.648924,-4.368923873901367,4.368923873901367
31.42,26.5408,4.8791999053955095,4.8791999053955095
20.21,9.714739,10.495261154174806,10.495261154174806
16.43,18.671515,-2.2415145111083987,2.2415145111083987
21.61,12.186231,9.423769340515136,9.423769340515136
19.4,17.977636,1.4223636627197251,1.4223636627197251
52.05,43.23941,8.810589599609372,8.810589599609372
16.4,13.96725,2.4327501296997056,2.4327501296997056
30.73,24.146471,6.58352897644043,6.58352897644043
13.0,11.633535,1.366464614868164,1.366464614868164
6.86,8.064225,-1.2042251968383786,1.2042251968383786
3.14,14.494839,-11.354838714599609,11.354838714599609
12.96,12.014134,0.9458655929565438,0.9458655929565438
23.46,14.975231,8.484768829345704,8.484768829345704
7.05,11.228359,-4.1783592224121096,4.1783592224121096
14.0,16.907776,-2.90777587890625,2.90777587890625
14.0,14.88265,-0.8826503753662109,0.8826503753662109
7.24,14.062863,-6.822863349914551,6.822863349914551
39.6,20.907814,18.692185974121095,18.692185974121095
14.42,11.465143,2.9548567962646484,2.9548567962646484
38.87,29.175303,9.694697494506833,9.694697494506833
3.83,15.477783,-11.647783203125,11.647783203125
10.98,14.325766,-3.3457656097412105,3.3457656097412105
0.18,20.414057,-20.234056777954102,20.234056777954102
10.83,14.786911,-3.9569110107421874,3.9569110107421874
10.5,21.847065,-11.347064971923828,11.347064971923828
11.25,11.407041,-0.15704059600830078,0.15704059600830078
35.46,15.799466,19.660533866882325,19.660533866882325
44.17,23.232838,20.93716232299805,20.93716232299805
19.7,29.179218,-9.479218292236329,9.479218292236329
15.12,14.084458,1.0355416488647453,1.0355416488647453
20.57,17.105993,3.464006729125977,3.464006729125977
23.6,20.643847,2.956153488159181,2.956153488159181
13.9,15.124208,-1.2242084503173825,1.2242084503173825
16.71,15.26957,1.4404296493530282,1.4404296493530282
33.31,27.08029,6.22971015930176,6.22971015930176
7.2,11.9267435,-4.726743507385254,4.726743507385254
15.14,14.446109,0.6938911819458013,0.6938911819458013
20.8,17.105993,3.6940067291259773,3.6940067291259773
17.07,17.413435,-0.3434349822998044,0.3434349822998044
14.0,13.693213,0.30678653717041016,0.30678653717041016
19.03,16.901777,2.1282227325439464,2.1282227325439464
6.99,15.106153,-8.116152534484863,8.116152534484863
6.7,19.109089,-12.409088897705079,12.409088897705079
10.99,17.100037,-6.11003662109375,6.11003662109375
35.6,19.35523,16.244769668579103,16.244769668579103
25.88,21.231201,4.648798828124999,4.648798828124999
2.27,11.949102,-9.679102401733399,9.679102401733399
21.31,20.206322,1.103678283691405,1.103678283691405
22.3,13.842565,8.457435417175294,8.457435417175294
11.07,12.271549,-1.2015492248535153,1.2015492248535153
19.89,14.339847,5.550153388977051,5.550153388977051
11.0,10.340485,0.659515380859375,0.659515380859375
17.95,18.541887,-0.591887283325196,0.591887283325196
15.77,18.895164,-3.125164489746094,3.125164489746094
2.8,16.119884,-13.319884490966796,13.319884490966796
10.0,13.578272,-3.5782718658447266,3.5782718658447266
18.8,13.046279,5.753721046447755,5.753721046447755
19.22,14.38484,4.835159988403319,4.835159988403319
10.1,11.192297,-1.0922969818115238,1.0922969818115238
5.1,16.500414,-11.40041389465332,11.40041389465332
29.64,12.454982,17.185018196105958,17.185018196105958
9.0,8.999751,0.00024890899658203125,0.00024890899658203125
10.35,8.972199,1.3778005599975582,1.3778005599975582
30.4,13.222629,17.177371406555174,17.177371406555174
41.23,16.703377,24.526623229980466,24.526623229980466
5.3,7.191287,-1.8912870407104494,1.8912870407104494
22.3,9.129476,13.170524406433106,13.170524406433106
11.26,11.427372,-0.16737197875976584,0.16737197875976584
9.77,9.35787,0.41212989807128864,0.41212989807128864
8.23,15.15801,-6.928009529113769,6.928009529113769
7.5,14.158745,-6.658744812011719,6.658744812011719
34.1,13.59431,20.50569019317627,20.50569019317627
7.87,15.444017,-7.57401741027832,7.57401741027832
37.13,31.875202,5.254797821044924,5.254797821044924
50.87,18.442,32.42800056457519,32.42800056457519
19.72,28.250576,-8.53057601928711,8.53057601928711
20.8,10.4815235,10.318476486206055,10.318476486206055
22.27,9.051145,13.218855400085449,13.218855400085449
5.8,9.042939,-3.2429391860961916,3.2429391860961916
11.9,9.1854725,2.71452751159668,2.71452751159668
6.73,10.312706,-3.5827059936523433,3.5827059936523433
11.91,6.119726,5.790273818969727,5.790273818969727
12.67,8.549353,4.1206473541259765,4.1206473541259765
31.84,11.519619,20.32038101196289,20.32038101196289
31.65,23.153084,8.496916198730467,8.496916198730467
23.12,9.354521,13.765479202270509,13.765479202270509
20.35,17.929956,2.420043563842775,2.420043563842775
9.51,13.441895,-3.93189453125,3.93189453125
3.12,9.959786,-6.8397864151000975,6.8397864151000975
2.31,8.919317,-6.609317245483398,6.609317245483398
10.41,19.501904,-9.091903533935547,9.091903533935547
11.09,10.767404,0.3225963973999022,0.3225963973999022
6.78,13.209328,-6.429327697753906,6.429327697753906
10.8,12.401891,-1.6018907546997063,1.6018907546997063
13.61,9.607862,4.00213752746582,4.00213752746582
35.47,25.014904,10.455095977783202,10.455095977783202
17.93,15.071645,2.85835521697998,2.85835521697998
9.55,10.018073,-0.46807308197021413,0.46807308197021413
26.4,16.166365,10.233635330200194,10.233635330200194
38.24,15.120751,23.119248619079592,23.119248619079592
32.46,23.513197,8.946803054809571,8.946803054809571
16.88,16.018663,0.8613365936279287,0.8613365936279287
21.87,23.762402,-1.8924015808105459,1.8924015808105459
12.52,14.591241,-2.0712408828735356,2.0712408828735356
21.65,18.85174,2.798260116577147,2.798260116577147
4.72,10.187429,-5.467429428100586,5.467429428100586
30.73,19.420832,11.309168319702149,11.309168319702149
4.71,7.722932,-3.0129318618774414,3.0129318618774414
15.92,10.359563,5.560437126159668,5.560437126159668
23.09,12.035332,11.054668273925781,11.054668273925781
7.31,8.999751,-1.6897510910034184,1.6897510910034184
13.2,16.54264,-3.342640686035157,3.342640686035157
10.7,17.395613,-6.695612716674805,6.695612716674805
51.94,25.562809,26.377191009521482,26.377191009521482
20.14,21.732014,-1.5920137023925776,1.5920137023925776
12.41,12.322773,0.08722702026367202,0.08722702026367202
5.33,11.327798,-5.997797889709473,5.997797889709473
10.74,9.480081,1.2599193954467776,1.2599193954467776
4.28,6.9327383,-2.6527383041381833,2.6527383041381833
0.78,12.177965,-11.397965164184571,11.397965164184571
22.99,21.859797,1.1302034759521469,1.1302034759521469
4.4,9.5481205,-5.148120498657226,5.148120498657226
4.5,9.135145,-4.63514518737793,4.63514518737793
34.95,16.715265,18.23473472595215,18.23473472595215
27.34,16.827461,10.512538757324219,10.512538757324219
12.38,10.883793,1.4962071228027352,1.4962071228027352
0.36,7.5248985,-7.164898529052734,7.164898529052734
26.72,10.817983,15.90201732635498,15.90201732635498
23.42,18.032818,5.38718215942383,5.38718215942383
46.59,18.595062,27.99493774414063,27.99493774414063
36.7,16.606604,20.09339637756348,20.09339637756348
5.1,15.897775,-10.797774696350098,10.797774696350098
31.46,23.113977,8.346022567749024,8.346022567749024
13.95,12.619472,1.3305284500122063,1.3305284500122063
18.16,12.962288,5.197712097167969,5.197712097167969
25.52,24.093868,1.4261317443847652,1.4261317443847652
13.57,15.798096,-2.2280957031249997,2.2280957031249997
9.58,12.947582,-3.367582244873047,3.367582244873047
8.3,8.391787,-0.0917865753173821,0.0917865753173821
17.32,23.44698,-6.126979522705078,6.126979522705078
9.6,11.031161,-1.4311613082885746,1.4311613082885746
13.9,10.943277,2.9567226409912113,2.9567226409912113
30.97,12.6128,18.357200355529784,18.357200355529784
47.1,14.69026,32.40974006652832,32.40974006652832
29.8,21.88802,7.911980438232423,7.911980438232423
29.69,21.178032,8.511968078613283,8.511968078613283
8.02,24.865396,-16.84539649963379,16.84539649963379
20.38,19.717953,0.6620472717285146,0.6620472717285146
37.64,20.211248,17.428751602172852,17.428751602172852
0.1,22.220974,-22.120973968505858,22.120973968505858
45.0,16.85636,28.143640518188477,28.143640518188477
27.5,16.23389,11.266109466552734,11.266109466552734
17.18,22.781963,-5.601963348388672,5.601963348388672
13.6,28.761223,-15.161222839355469,15.161222839355469
26.89,26.328074,0.5619264984130865,0.5619264984130865
16.39,14.936194,1.4538055801391607,1.4538055801391607
7.34,13.9248,-6.584799919128418,6.584799919128418
23.2,14.766291,8.433709335327148,8.433709335327148
22.3,18.992144,3.3078563690185554,3.3078563690185554
46.33,25.254755,21.075244979858397,21.075244979858397
12.08,11.214654,0.8653460311889649,0.8653460311889649
59.63,34.48886,25.141138916015628,25.141138916015628
13.95,21.631645,-7.6816452026367195,7.6816452026367195
12.65,11.661765,0.988234901428223,0.988234901428223
31.8,24.42915,7.370850372314454,7.370850372314454
10.94,10.1118765,0.8281235122680659,0.8281235122680659
9.41,12.183823,-2.7738226318359374,2.7738226318359374
16.9,12.747182,4.152818107604979,4.152818107604979
6.69,13.085706,-6.395705757141113,6.395705757141113
2.6,18.27427,-15.674269104003907,15.674269104003907
21.0,27.238579,-6.238578796386719,6.238578796386719
9.4,18.789356,-9.389356231689453,9.389356231689453
53.18,24.616997,28.56300323486328,28.56300323486328
0.14,16.255745,-16.11574493408203,16.11574493408203
3.69,21.400455,-17.710455474853514,17.710455474853514
5.48,17.388283,-11.908282775878906,11.908282775878906
23.26,13.952339,9.30766082763672,9.30766082763672
21.64,22.958767,-1.3187669372558588,1.3187669372558588
9.99,23.146255,-13.156255493164062,13.156255493164062
25.18,19.270634,5.909366302490234,5.909366302490234
13.24,24.616997,-11.376996765136719,11.376996765136719
6.56,16.785622,-10.225621643066408,10.225621643066408
13.7,17.945292,-4.24529151916504,4.24529151916504
38.95,21.275063,17.674937438964847,17.674937438964847
22.34,20.147232,2.1927679443359374,2.1927679443359374
11.43,22.33249,-10.902490921020508,10.902490921020508
14.93,17.948914,-3.0189135742187503,3.0189135742187503
2.77,11.185854,-8.415853958129883,8.415853958129883
33.27,15.838965,17.431034584045413,17.431034584045413
10.7,10.224968,0.47503204345703054,0.47503204345703054
14.7,24.483942,-9.783942031860352,9.783942031860352
23.27,15.868239,7.4017605972290035,7.4017605972290035
13.65,20.462204,-6.812203979492187,6.812203979492187
17.75,21.149475,-3.39947509765625,3.39947509765625
20.74,19.958706,0.7812940979003891,0.7812940979003891
4.6,9.428246,-4.828245544433594,4.828245544433594
9.5,19.456451,-9.956451416015625,9.956451416015625
17.3,18.720207,-1.420207214355468,1.420207214355468
15.53,11.056296,4.473703651428222,4.473703651428222
20.62,30.336222,-9.716221694946288,9.716221694946288
23.09,21.838633,1.2513674163818358,1.2513674163818358
8.3,20.268242,-11.968241882324218,11.968241882324218
19.89,21.94199,-2.05198989868164,2.05198989868164
22.3,25.45187,-3.1518699645996087,3.1518699645996087
9.58,18.502487,-8.922487182617187,8.922487182617187
40.97,32.02866,8.941340179443358,8.941340179443358
41.0,28.652607,12.347393035888672,12.347393035888672
7.27,17.213036,-9.943035583496094,9.943035583496094
42.85,28.73821,14.111789321899415,14.111789321899415
47.67,27.212967,20.45703308105469,20.45703308105469
45.39,25.20821,20.181790008544922,20.181790008544922
52.04,36.913784,15.12621597290039,15.12621597290039
9.0,13.824148,-4.824148178100586,4.824148178100586
4.0,12.642638,-8.642638206481934,8.642638206481934
29.66,22.117111,7.542888793945313,7.542888793945313
46.74,26.997515,19.742485275268557,19.742485275268557
46.49,30.15895,16.33104919433594,16.33104919433594
43.61,20.047085,23.56291519165039,23.56291519165039
9.18,12.872056,-3.692056007385254,3.692056007385254
2.89,20.5116,-17.621600494384765,17.621600494384765
3.07,27.807299,-24.73729866027832,24.73729866027832
22.02,23.925287,-1.905287246704102,1.905287246704102
21.02,36.761574,-15.741573791503907,15.741573791503907
22.9,31.871977,-8.971976852416994,8.971976852416994
30.39,20.185423,10.204577102661133,10.204577102661133
14.0,25.431404,-11.431404113769531,11.431404113769531
7.57,13.871831,-6.301830940246582,6.301830940246582
7.8,24.866362,-17.06636161804199,17.06636161804199
12.15,10.716403,1.4335969924926761,1.4335969924926761
50.85,34.463528,16.386472320556642,16.386472320556642
44.8,32.480804,12.319195556640622,12.319195556640622
25.56,31.760002,-6.20000213623047,6.20000213623047
32.15,22.409649,9.740351104736327,9.740351104736327
11.9,18.252964,-6.35296401977539,6.35296401977539
7.5,22.602537,-15.102537155151367,15.102537155151367
20.09,25.681942,-5.5919419860839845,5.5919419860839845
12.6,16.964918,-4.36491813659668,4.36491813659668
46.72,34.381634,12.338366241455077,12.338366241455077
12.64,27.676888,-15.03688751220703,15.03688751220703
15.74,34.444374,-18.704374084472654,18.704374084472654
20.99,22.161743,-1.1717431640625016,1.1717431640625016
0.99,27.770765,-26.78076530456543,26.78076530456543
14.0,32.31311,-18.3131103515625,18.3131103515625
10.08,14.89251,-4.812510414123535,4.812510414123535
5.69,16.582314,-10.892313537597655,10.892313537597655
11.37,11.407041,-0.03704059600830156,0.03704059600830156
11.1,11.620235,-0.5202354431152347,0.5202354431152347
6.0,9.116586,-3.1165857315063477,3.1165857315063477
16.95,15.7920265,1.1579734802246087,1.1579734802246087
13.2,16.901834,-3.7018344879150398,3.7018344879150398
17.6,19.404238,-1.8042377471923814,1.8042377471923814
24.69,22.460287,2.2297129058837903,2.2297129058837903
14.8,11.920502,2.8794982910156257,2.8794982910156257
20.05,23.322605,-3.27260513305664,3.27260513305664
14.17,21.270792,-7.100792007446289,7.100792007446289
63.55,49.99915,13.550850677490232,13.550850677490232
25.06,20.549166,4.510834274291991,4.510834274291991
32.92,17.18748,15.73251907348633,15.73251907348633
12.79,18.552475,-5.762474975585938,5.762474975585938
25.71,17.92635,7.783650360107423,7.783650360107423
20.34,13.962729,6.3772705459594725,6.3772705459594725
43.79,18.38631,25.40368942260742,25.40368942260742
39.07,30.187132,8.882868118286133,8.882868118286133
7.17,9.284029,-2.114029006958008,2.114029006958008
11.8,17.253834,-5.453833770751952,5.453833770751952
44.11,19.71755,24.39244972229004,24.39244972229004
9.55,14.327291,-4.777290534973144,4.777290534973144
6.11,24.012072,-17.90207160949707,17.90207160949707
11.14,21.349165,-10.209164962768554,10.209164962768554
42.5,16.57459,25.9254093170166,25.9254093170166
15.18,14.412956,0.767043762207031,0.767043762207031
17.03,22.467863,-5.437863082885741,5.437863082885741
30.7,25.749367,4.950633239746093,4.950633239746093
14.08,18.07005,-3.990049285888672,3.990049285888672
14.8,16.26712,-1.4671203613281243,1.4671203613281243
37.86,29.194311,8.665688858032226,8.665688858032226
7.5,13.304436,-5.804435729980469,5.804435729980469
10.0,14.212626,-4.2126264572143555,4.2126264572143555
23.08,18.308657,4.7713433074951155,4.7713433074951155
16.23,12.591654,3.6383461761474614,3.6383461761474614
6.08,18.861176,-12.781175537109375,12.781175537109375
31.2,11.944437,19.25556297302246,19.25556297302246
6.02,9.216996,-3.1969961929321293,3.1969961929321293
7.83,10.265456,-2.435456199645996,2.435456199645996
26.39,15.257172,11.132828369140626,11.132828369140626
12.68,19.985092,-7.305092163085938,7.305092163085938
12.29,10.244576,2.0454235458374015,2.0454235458374015
20.19,16.359303,3.830697479248048,3.830697479248048
11.67,28.987967,-17.317966537475584,17.317966537475584
0.9,16.94766,-16.047660446166994,16.047660446166994
10.1,13.796281,-3.6962808609008793,3.6962808609008793
0.8,7.2790604,-6.479060363769531,6.479060363769531
20.65,16.325089,4.324911499023436,4.324911499023436
22.26,23.021471,-0.7614710235595687,0.7614710235595687
5.81,15.733083,-9.92308277130127,9.92308277130127
18.2,14.942451,3.2575494766235344,3.2575494766235344
15.81,11.688407,4.121593055725098,4.121593055725098
12.16,13.202567,-1.0425671005249022,1.0425671005249022
2.76,11.205591,-8.445591201782227,8.445591201782227
30.7,21.08161,9.61839027404785,9.61839027404785
2.8,9.008157,-6.208156776428223,6.208156776428223
6.4,8.46206,-2.06205997467041,2.06205997467041
15.2,18.477388,-3.2773883819580085,3.2773883819580085
13.47,9.578611,3.8913886260986335,3.8913886260986335
1.89,12.891996,-11.001996383666992,11.001996383666992
20.02,18.20147,1.8185305786132808,1.8185305786132808
43.32,21.626154,21.69384605407715,21.69384605407715
24.3,19.01589,5.28410987854004,5.28410987854004
12.73,17.16678,-4.436780471801757,4.436780471801757
17.83,18.1435,-0.31349937438965014,0.31349937438965014
18.79,12.301306,6.488694229125976,6.488694229125976
4.51,7.8731923,-3.363192310333252,3.363192310333252
8.65,9.226859,-0.576859092712402,0.576859092712402
11.44,9.6236105,1.8163895034790034,1.8163895034790034
8.03,20.035297,-12.005297393798829,12.005297393798829
16.14,14.768007,1.3719927215576178,1.3719927215576178
5.46,9.669151,-4.209151306152344,4.209151306152344
16.47,14.589123,1.880877227783202,1.880877227783202
1.1,11.661655,-10.561655426025391,10.561655426025391
6.1,12.014394,-5.91439380645752,5.91439380645752
4.0,7.0823255,-3.0823254585266113,3.0823254585266113
13.11,12.842315,0.26768527984619084,0.26768527984619084
8.99,20.094093,-11.104093322753906,11.104093322753906
10.27,12.389465,-2.1194653320312504,2.1194653320312504
20.3,13.328731,6.971269416809083,6.971269416809083
4.57,16.510317,-11.940316848754883,11.940316848754883
8.78,17.62713,-8.847130508422852,8.847130508422852
8.8,15.663529,-6.863529396057128,6.863529396057128
10.51,12.491976,-1.981975784301758,1.981975784301758
4.8,11.885218,-7.085217666625977,7.085217666625977
9.39,13.181269,-3.791268692016601,3.791268692016601
1.74,13.245587,-11.505587348937988,11.505587348937988
18.2,14.151643,4.048357200622558,4.048357200622558
12.37,15.9397545,-3.569754486083985,3.569754486083985
0.15,11.571397,-11.421396827697754,11.421396827697754
6.57,7.2770596,-0.7070595550537107,0.7070595550537107
12.94,11.774009,1.1659912490844722,1.1659912490844722
20.76,11.40587,9.354129562377931,9.354129562377931
25.63,18.781574,6.848425750732421,6.848425750732421
12.38,11.761277,0.6187228012084969,0.6187228012084969
29.52,19.55645,9.96355010986328,9.96355010986328
11.29,19.821749,-8.531748733520509,8.531748733520509
55.65,39.481567,16.1684326171875,16.1684326171875
8.75,12.208481,-3.4584808349609375,3.4584808349609375
20.9,11.175004,9.72499599456787,9.72499599456787
11.15,12.53151,-1.3815103530883786,1.3815103530883786
37.9,28.518152,9.381847763061522,9.381847763061522
20.6,13.990696,6.609304046630861,6.609304046630861
3.28,18.572538,-15.292538375854493,15.292538375854493
15.41,13.32628,2.0837203598022462,2.0837203598022462
20.93,10.952593,9.977407150268554,9.977407150268554
14.71,42.250286,-27.54028610229492,27.54028610229492
15.88,14.240797,1.639202957153321,1.639202957153321
6.64,9.810587,-3.1705869293212894,3.1705869293212894
2.02,10.054253,-8.03425262451172,8.03425262451172
19.76,13.196152,6.563848266601564,6.563848266601564
13.95,11.258312,2.6916877746582024,2.6916877746582024
5.52,18.30271,-12.782709579467774,12.782709579467774
35.3,20.773813,14.526186752319333,14.526186752319333
11.37,8.89122,2.4787799072265617,2.4787799072265617
3.07,8.247022,-5.177021675109863,5.177021675109863
17.19,27.648193,-10.458193359374999,10.458193359374999
1.86,13.913083,-12.053083076477051,12.053083076477051
34.5,20.931448,13.568552017211914,13.568552017211914
16.24,12.474423,3.7655765914916977,3.7655765914916977
17.5,12.690079,4.8099212646484375,4.8099212646484375
19.85,27.337757,-7.487757110595702,7.487757110595702
10.89,10.419387,0.4706131362915045,0.4706131362915045
4.45,11.785948,-7.335947799682617,7.335947799682617
39.6,28.83133,10.768670654296876,10.768670654296876
43.77,23.342663,20.427337188720706,20.427337188720706
6.82,13.530343,-6.710343055725097,6.710343055725097
22.2,24.12039,-1.920389938354493,1.920389938354493
6.62,15.838063,-9.218063240051269,9.218063240051269
17.98,17.506943,0.4730572509765629,0.4730572509765629
22.31,21.252033,1.0579667663574206,1.0579667663574206
9.09,26.632109,-17.542108688354492,17.542108688354492
12.13,15.717367,-3.58736717224121,3.58736717224121
57.64,34.04696,23.593041076660157,23.593041076660157
9.0,25.85029,-16.850290298461914,16.850290298461914
15.6,22.49244,-6.892439270019532,6.892439270019532
43.66,27.069613,16.59038749694824,16.59038749694824
45.3,18.933887,26.366112518310544,26.366112518310544
27.12,27.965181,-0.8451813507080068,0.8451813507080068
12.43,14.537566,-2.107566184997559,2.107566184997559
49.86,33.725155,16.134845123291015,16.134845123291015
3.68,21.510382,-17.8303816986084,17.8303816986084
9.4,10.53514,-1.1351400375366207,1.1351400375366207
46.49,30.396833,16.093166580200197,16.093166580200197
11.97,12.615033,-0.6450331497192376,0.6450331497192376
9.31,19.91144,-10.601439895629882,10.601439895629882
33.3,12.395471,20.904529380798337,20.904529380798337
7.8,18.212763,-10.4127628326416,10.4127628326416
11.25,18.553978,-7.303977966308594,7.303977966308594
20.6,12.127859,8.472140884399415,8.472140884399415
41.83,17.746664,24.083335952758787,24.083335952758787
9.0,19.977642,-10.977642059326172,10.977642059326172
39.4,32.320065,7.079935455322264,7.079935455322264
4.87,19.621304,-14.751303558349608,14.751303558349608
10.61,10.786095,-0.17609466552734432,0.17609466552734432
19.31,19.431187,-0.1211866760253919,0.1211866760253919
5.87,18.753637,-12.883637313842772,12.883637313842772
30.29,23.849035,6.440964736938476,6.440964736938476
15.83,30.774656,-14.944656295776367,14.944656295776367
23.66,22.499744,1.160255584716797,1.160255584716797
16.76,21.54903,-4.789030303955077,4.789030303955077
4.34,27.378366,-23.038366470336914,23.038366470336914
5.69,32.1143,-26.42429977416992,26.42429977416992
6.62,29.736631,-23.116631393432616,23.116631393432616
3.64,11.921765,-8.281765327453613,8.281765327453613
12.73,19.597784,-6.867784042358398,6.867784042358398
8.6,16.137186,-7.537186050415039,7.537186050415039
7.15,17.760876,-10.610875701904297,10.610875701904297
18.2,23.569893,-5.369892883300782,5.369892883300782
0.17,13.499555,-13.329554634094238,13.329554634094238
33.9,33.79392,0.10608139038085795,0.10608139038085795
14.0,20.82371,-6.823709487915039,6.823709487915039
13.95,17.213036,-3.2630355834960945,3.2630355834960945
38.63,16.497416,22.132584457397463,22.132584457397463
11.1,14.532378,-3.432378196716309,3.432378196716309
5.43,15.812168,-10.382168121337891,10.382168121337891
24.89,20.224665,4.665335311889649,4.665335311889649
26.04,21.90535,4.134650268554687,4.134650268554687
23.14,18.391998,4.748001708984376,4.748001708984376
10.8,10.612939,0.18706111907959055,0.18706111907959055
24.6,20.024452,4.575547790527345,4.575547790527345
27.18,24.050922,3.1290776062011716,3.1290776062011716
6.68,24.696234,-18.01623374938965,18.01623374938965
3.56,10.18568,-6.625680389404296,6.625680389404296
20.76,37.157646,-16.397646179199217,16.397646179199217
5.42,20.699186,-15.279186325073242,15.279186325073242
19.96,20.311203,-0.35120300292968665,0.35120300292968665
29.61,21.193089,8.416911468505859,8.416911468505859
10.74,31.516932,-20.776931533813475,20.776931533813475
1.88,37.0378,-35.157799835205076,35.157799835205076
10.98,22.727629,-11.747628707885742,11.747628707885742
0.1,19.748629,-19.648628616333006,19.648628616333006
19.26,33.351757,-14.091757049560545,14.091757049560545
9.8,18.817677,-9.017676544189452,9.017676544189452
7.55,10.729394,-3.1793939590454103,3.1793939590454103
7.33,25.01155,-17.681550903320314,17.681550903320314
9.95,30.787106,-20.837105560302735,20.837105560302735
7.56,15.601018,-8.041017951965333,8.041017951965333
12.01,33.290096,-21.280096282958986,21.280096282958986
19.7,22.335743,-2.635742950439454,2.635742950439454
59.11,22.137167,36.97283302307129,36.97283302307129
53.41,24.339836,29.070163879394528,29.070163879394528
48.75,19.481867,29.26813316345215,29.26813316345215
42.88,29.269163,13.610836868286135,13.610836868286135
10.05,18.995905,-8.94590492248535,8.94590492248535
51.26,21.95621,29.30379081726074,29.30379081726074
10.11,31.839922,-21.729921951293946,21.729921951293946
44.19,36.818275,7.3717245483398415,7.3717245483398415
7.43,21.0991,-13.66910011291504,13.66910011291504
28.67,21.98972,6.680280609130861,6.680280609130861
17.6,21.974499,-4.3744987487792955,4.3744987487792955
37.0,31.954773,5.04522705078125,5.04522705078125
18.74,14.835915,3.904085388183592,3.904085388183592
0.5,16.955605,-16.455604553222656,16.455604553222656
2.9,22.072126,-19.172126388549806,19.172126388549806
45.94,29.990597,15.949403228759763,15.949403228759763
29.24,20.470856,8.769144287109373,8.769144287109373
5.0,17.766584,-12.766584396362305,12.766584396362305
21.94,13.060449,8.879551353454591,8.879551353454591
53.6,21.337133,32.26286659240723,32.26286659240723
1.82,16.403582,-14.583581619262695,14.583581619262695
12.5,13.470078,-0.9700784683227539,0.9700784683227539
23.2,15.241198,7.958802413940429,7.958802413940429
6.62,16.015898,-9.395897750854491,9.395897750854491
13.65,14.189857,-0.5398565292358395,0.5398565292358395
26.33,23.322605,3.0073948669433577,3.0073948669433577
3.69,10.471124,-6.781123695373536,6.781123695373536
22.17,17.556046,4.613954467773439,4.613954467773439
51.21,27.633236,23.576764068603516,23.576764068603516
28.49,21.773731,6.716268768310545,6.716268768310545
40.71,24.205978,16.504021606445313,16.504021606445313
22.29,22.329681,-0.03968139648437585,0.03968139648437585
35.19,34.055515,1.134484710693357,1.134484710693357
6.1,13.511422,-7.411422157287598,7.411422157287598
6.46,18.70161,-12.241610565185546,12.241610565185546
37.3,17.374754,19.92524604797363,19.92524604797363
41.31,30.687756,10.622244415283205,10.622244415283205
5.27,18.242579,-12.972578506469727,12.972578506469727
8.64,11.229904,-2.589904174804687,2.589904174804687
20.2,17.098757,3.1012432098388665,3.1012432098388665
10.7,21.362337,-10.662337112426759,10.662337112426759
5.24,25.835995,-20.595994720458982,20.595994720458982
22.62,20.24208,2.3779193115234385,2.3779193115234385
21.6,18.129688,3.4703117370605483,3.4703117370605483
19.54,17.358934,2.181065597534179,2.181065597534179
29.91,21.518255,8.391744766235352,8.391744766235352
15.11,19.26308,-4.153080596923829,4.153080596923829
11.96,19.631592,-7.671591796874999,7.671591796874999
22.3,10.690231,11.609768676757813,11.609768676757813
9.1,13.989932,-4.8899320602417,4.8899320602417
16.0,11.774783,4.225216865539551,4.225216865539551
3.51,14.044175,-10.534175148010254,10.534175148010254
7.06,10.596421,-3.5364212417602543,3.5364212417602543
14.78,14.448088,0.3319123077392572,0.3319123077392572
0.4,15.687875,-15.287874794006347,15.287874794006347
3.03,12.481733,-9.451733322143555,9.451733322143555
4.6,8.532118,-3.93211784362793,3.93211784362793
8.6,9.446422,-0.8464216232299808,0.8464216232299808
17.79,13.884084,3.9059162521362296,3.9059162521362296
20.33,12.847094,7.482906417846678,7.482906417846678
10.8,16.237587,-5.4375869750976555,5.4375869750976555
10.71,15.637438,-4.9274378204345695,4.9274378204345695
7.11,6.5313883,0.5786117172241214,0.5786117172241214
29.68,12.00286,17.677139930725097,17.677139930725097
13.64,13.209328,0.4306723022460943,0.4306723022460943
5.6,8.914556,-3.3145555496215824,3.3145555496215824
31.73,17.130175,14.59982536315918,14.59982536315918
6.53,14.189997,-7.659996719360351,7.659996719360351
11.4,10.053504,1.3464960098266605,1.3464960098266605
15.69,12.070201,3.619799079895019,3.619799079895019
17.57,9.851881,7.718118972778321,7.718118972778321
9.58,14.609287,-5.0292872619628906,5.0292872619628906
46.21,32.540882,13.669117889404298,13.669117889404298
7.93,13.259197,-5.329197235107422,5.329197235107422
17.69,18.471527,-0.7815270996093737,0.7815270996093737
11.05,9.194239,1.8557613372802741,1.8557613372802741
18.06,21.2869,-3.226899566650392,3.226899566650392
20.1,10.822722,9.277277565002443,9.277277565002443
10.9,9.962967,0.9370330810546879,0.9370330810546879
3.48,11.23122,-7.751220245361328,7.751220245361328
20.28,9.442752,10.837248115539552,10.837248115539552
7.0,9.042939,-2.0429391860961914,2.0429391860961914
2.7,8.906421,-6.2064207077026365,6.2064207077026365
46.54,34.13193,12.408068695068359,12.408068695068359
15.38,17.149105,-1.7691050720214836,1.7691050720214836
9.7,9.226859,0.47314090728759695,0.47314090728759695
11.57,10.650231,0.9197686386108401,0.9197686386108401
34.99,17.777159,17.212841262817385,17.212841262817385
22.1,19.131752,2.968247985839845,2.968247985839845
24.3,12.736761,11.563238906860352,11.563238906860352
17.83,17.414322,0.4156781005859358,0.4156781005859358
7.7,9.733567,-2.0335672378540037,2.0335672378540037
7.97,14.299643,-6.329642562866211,6.329642562866211
0.39,18.962547,-18.572547302246093,18.572547302246093
0.01,19.550018,-19.540018310546873,19.540018310546873
7.65,33.92125,-26.27124938964844,26.27124938964844
35.98,11.195583,24.784416656494137,24.784416656494137
11.2,9.008157,2.1918432235717766,2.1918432235717766
34.4,12.979321,21.42067947387695,21.42067947387695
16.0,11.788246,4.211753845214844,4.211753845214844
23.45,10.347988,13.10201187133789,13.10201187133789
24.5,20.690115,3.809885025024414,3.809885025024414
19.11,23.076702,-3.9667021179199224,3.9667021179199224
27.92,20.430244,7.4897555541992205,7.4897555541992205
18.67,12.320892,6.349107666015627,6.349107666015627
46.03,11.405394,34.624606399536134,34.624606399536134
2.2,6.5313883,-4.331388282775879,4.331388282775879
15.6,16.581314,-0.9813140869140629,0.9813140869140629
9.4,16.10891,-6.708909606933593,6.708909606933593
19.15,12.763793,6.386207008361815,6.386207008361815
2.56,16.81586,-14.255860748291015,14.255860748291015
0.9,9.992663,-9.092663383483886,9.092663383483886
13.48,14.340208,-0.8602080535888668,0.8602080535888668
7.59,10.622585,-3.0325852966308595,3.0325852966308595
19.61,17.45828,2.1517194366455072,2.1517194366455072
23.16,21.995127,1.164873275756836,1.164873275756836
0.14,24.740364,-24.60036407470703,24.60036407470703
28.43,21.882416,6.547584228515625,6.547584228515625
11.6,17.665123,-6.065122985839844,6.065122985839844
30.47,20.261732,10.20826789855957,10.20826789855957
56.13,10.645552,45.48444831848145,45.48444831848145
4.67,10.663294,-5.993293838500977,5.993293838500977
25.97,10.096657,15.873343200683593,15.873343200683593
0.2,8.158887,-7.958886909484863,7.958886909484863
13.49,11.814427,1.6755726242065432,1.6755726242065432
14.32,20.2487,-5.928699188232422,5.928699188232422
3.14,11.737143,-8.59714256286621,8.59714256286621
1.55,7.7008114,-6.150811386108399,6.150811386108399
22.3,11.673842,10.626157569885255,10.626157569885255
2.6,14.922516,-12.322515869140625,12.322515869140625
29.51,10.637735,18.872264633178713,18.872264633178713
10.8,18.372347,-7.572346878051757,7.572346878051757
11.03,41.09762,-30.067618103027343,30.067618103027343
13.31,30.646269,-17.33626884460449,17.33626884460449
31.3,23.104214,8.195786285400391,8.195786285400391
11.31,10.054253,1.2557473754882817,1.2557473754882817
20.27,14.901754,5.368245620727539,5.368245620727539
16.44,13.196152,3.243848266601564,3.243848266601564
17.32,23.233177,-5.9131771850585935,5.9131771850585935
41.34,14.464347,26.87565311431885,26.87565311431885
7.04,7.5549374,-0.5149373626708984,0.5149373626708984
12.4,9.023958,3.3760417938232425,3.3760417938232425
18.33,19.760529,-1.4305285644531267,1.4305285644531267
19.93,17.098326,2.8316742706298825,2.8316742706298825
3.22,13.118107,-9.898106842041015,9.898106842041015
18.48,26.328074,-7.848073501586914,7.848073501586914
4.7,14.356154,-9.656154441833497,9.656154441833497
8.64,11.965869,-3.325868949890136,3.325868949890136
10.0,29.326769,-19.32676887512207,19.32676887512207
19.14,12.618238,6.521761550903321,6.521761550903321
22.9,24.12039,-1.2203899383544936,1.2203899383544936
0.01,21.545734,-21.535734405517577,21.535734405517577
44.08,12.574527,31.5054732131958,31.5054732131958
20.59,14.578653,6.011346664428711,6.011346664428711
11.82,20.199945,-8.379945449829101,8.379945449829101
21.1,16.661999,4.4380012512207045,4.4380012512207045
57.11,27.764967,29.34503303527832,29.34503303527832
9.43,19.174902,-9.744901962280274,9.744901962280274
18.0,16.78362,1.216379165649414,1.216379165649414
17.27,22.76248,-5.492479782104493,5.492479782104493
19.48,22.637564,-3.1575637054443355,3.1575637054443355
33.5,26.951218,6.5487823486328125,6.5487823486328125
3.1,21.663006,-18.56300582885742,18.56300582885742
10.87,25.544888,-14.67488754272461,14.67488754272461
20.44,23.87309,-3.4330907440185534,3.4330907440185534
7.48,14.135978,-6.655977745056152,6.655977745056152
0.13,18.676117,-18.546116943359376,18.546116943359376
14.5,20.387491,-5.887491226196289,5.887491226196289
16.26,17.20981,-0.9498102569580062,0.9498102569580062
16.05,16.33535,-0.28535003662109304,0.28535003662109304
58.94,27.283293,31.656707229614256,31.656707229614256
14.9,19.609642,-4.709642028808593,4.709642028808593
4.29,18.333145,-14.043145141601563,14.043145141601563
14.53,13.317888,1.212111740112304,1.212111740112304
17.6,23.33531,-5.735309982299803,5.735309982299803
29.37,14.691779,14.678220863342286,14.678220863342286
19.58,18.642637,0.9373627471923811,0.9373627471923811
12.64,18.253937,-5.613936767578124,5.613936767578124
20.0,27.483839,-7.48383903503418,7.48383903503418
40.52,12.898093,27.621906776428226,27.621906776428226
6.11,8.899383,-2.7893825912475583,2.7893825912475583
23.16,17.408604,5.7513963317871095,5.7513963317871095
44.86,19.305967,25.554032669067382,25.554032669067382
10.57,12.369324,-1.7993237304687497,1.7993237304687497
8.29,14.300275,-6.010274848937989,6.010274848937989
11.55,22.314703,-10.764702987670898,10.764702987670898
43.7,20.306986,23.393014144897464,23.393014144897464
19.91,17.24344,2.6665593719482423,2.6665593719482423
35.3,20.132334,15.167666244506833,15.167666244506833
8.19,29.213902,-21.023901519775393,21.023901519775393
12.69,14.033598,-1.3435979461669927,1.3435979461669927
46.0,27.576723,18.423276901245117,18.423276901245117
25.6,20.266724,5.333276367187501,5.333276367187501
47.91,22.740665,25.16933456420898,25.16933456420898
9.67,22.407663,-12.737663345336914,12.737663345336914
22.3,16.550869,5.749131011962891,5.749131011962891
50.08,26.06778,24.012220458984373,24.012220458984373
4.09,33.294086,-29.20408645629883,29.20408645629883
1.02,16.81205,-15.792049865722657,15.792049865722657
33.91,28.210163,5.6998368835449185,5.6998368835449185
3.37,13.644694,-10.274694328308104,10.274694328308104
13.96,26.728188,-12.768187561035155,12.768187561035155
16.1,17.146955,-1.0469554901123033,1.0469554901123033
31.2,20.83126,10.368739318847656,10.368739318847656
19.01,23.126148,-4.116148223876952,4.116148223876952
9.91,20.675781,-10.76578125,10.76578125
59.02,29.99813,29.02186920166016,29.02186920166016
23.32,19.889816,3.430183715820313,3.430183715820313
28.53,19.571083,8.958916931152345,8.958916931152345
19.54,27.829826,-8.28982635498047,8.28982635498047
9.1,20.115625,-11.015625381469727,11.015625381469727
9.8,20.331837,-10.531836700439452,10.531836700439452
10.02,21.04549,-11.025490264892579,11.025490264892579
20.33,20.320509,0.009491043090818607,0.009491043090818607
5.21,20.123466,-14.913466491699218,14.913466491699218
14.0,20.120266,-6.120265960693359,6.120265960693359
45.6,36.079685,9.52031478881836,9.52031478881836
29.1,34.313023,-5.213022613525389,5.213022613525389
4.12,13.568657,-9.448656921386718,9.448656921386718
13.66,19.49349,-5.833490219116211,5.833490219116211
5.3,11.2789,-5.978900146484375,5.978900146484375
65.82,30.943535,34.876465148925774,34.876465148925774
28.05,18.596605,9.45339469909668,9.45339469909668
17.43,21.868162,-4.4381621551513675,4.4381621551513675
41.94,17.071764,24.868236007690427,24.868236007690427
6.04,11.6307745,-5.59077449798584,5.59077449798584
8.9,14.844029,-5.944029426574707,5.944029426574707
63.5,18.80312,44.69688034057617,44.69688034057617
30.38,13.316857,17.06314266204834,17.06314266204834
7.34,29.4172,-22.077200088500977,22.077200088500977
34.05,22.346025,11.703974533081052,11.703974533081052
32.82,31.837914,0.9820864868164065,0.9820864868164065
7.8,20.947433,-13.147433471679687,13.147433471679687
19.6,30.722042,-11.122042083740233,11.122042083740233
23.2,20.343428,2.8565723419189446,2.8565723419189446
6.9,21.344307,-14.444306945800781,14.444306945800781
27.96,23.560297,4.399702987670899,4.399702987670899
57.6,21.434435,36.16556510925293,36.16556510925293
14.33,20.584553,-6.254552764892578,6.254552764892578
11.58,19.316229,-7.736228866577148,7.736228866577148
13.01,22.111904,-9.10190414428711,9.10190414428711
11.19,12.5457325,-1.3557324981689458,1.3557324981689458
7.7,23.40427,-15.704270172119141,15.704270172119141
43.97,45.518772,-1.5487721252441418,1.5487721252441418
52.04,38.175556,13.864443817138671,13.864443817138671
36.1,32.468136,3.631864166259767,3.631864166259767
48.05,35.505886,12.544113922119138,12.544113922119138
12.06,14.924713,-2.8647131347656245,2.8647131347656245
11.91,14.716263,-2.8062628173828124,2.8062628173828124
41.58,35.38772,6.1922817993164045,6.1922817993164045
46.4,29.51705,16.882950210571288,16.882950210571288
21.4,25.9157,-4.515700912475587,4.515700912475587
50.2,20.712858,29.48714179992676,29.48714179992676
2.44,13.021747,-10.581746635437012,10.581746635437012
20.86,16.007484,4.852515563964843,4.852515563964843
0.09,15.676309,-15.586308631896973,15.586308631896973
37.79,12.250356,25.53964427947998,25.53964427947998
62.4,24.78564,37.614359283447264,37.614359283447264
7.7,9.144427,-1.4444272994995115,1.4444272994995115
8.17,15.255756,-7.085756378173828,7.085756378173828
5.6,13.549154,-7.949154281616211,7.949154281616211
19.92,16.100166,3.8198336791992205,3.8198336791992205
0.2,17.053516,-16.853516387939454,16.853516387939454
0.53,14.2472515,-13.717251510620118,13.717251510620118
26.62,19.448778,7.171221847534181,7.171221847534181
17.11,14.001925,3.108074531555175,3.108074531555175
11.92,21.28569,-9.365690307617188,9.365690307617188
19.27,15.68401,3.5859904479980464,3.5859904479980464
8.93,17.067295,-8.137295074462891,8.137295074462891
23.46,15.1214075,8.338592491149903,8.338592491149903
13.5,11.002796,2.497203826904297,2.497203826904297
22.3,19.1383,3.161700057983399,3.161700057983399
4.03,17.553854,-13.52385398864746,13.52385398864746
29.92,20.794365,9.125635070800783,9.125635070800783
0.01,13.023067,-13.013067474365235,13.013067474365235
17.54,21.589632,-4.049632034301759,4.049632034301759
26.59,18.136045,8.453954544067383,8.453954544067383
25.29,25.813309,-0.5233087158203134,0.5233087158203134
8.16,14.353921,-6.1939209365844725,6.1939209365844725
8.15,17.699589,-9.549588775634765,9.549588775634765
7.53,10.8056755,-3.2756755065917966,3.2756755065917966
22.58,16.996975,5.583025054931639,5.583025054931639
12.54,13.637285,-1.0972852325439462,1.0972852325439462
22.74,13.474393,9.265607109069823,9.265607109069823
10.78,9.888149,0.89185073852539,0.89185073852539
56.36,19.27046,37.08953987121582,37.08953987121582
39.92,34.49399,5.426008148193361,5.426008148193361
27.26,16.50576,10.754239807128908,10.754239807128908
11.25,16.598618,-5.3486175537109375,5.3486175537109375
22.82,22.541626,0.2783740234375003,0.2783740234375003
5.2,10.265456,-5.065456199645996,5.065456199645996
26.3,16.291077,10.00892333984375,10.00892333984375
11.0,9.494587,1.5054130554199219,1.5054130554199219
18.14,14.493944,3.6460558319091803,3.6460558319091803
23.19,16.274847,6.915152969360353,6.915152969360353
19.88,25.011982,-5.131981964111329,5.131981964111329
11.39,12.689509,-1.2995093917846674,1.2995093917846674
2.29,10.7262745,-8.436274490356446,8.436274490356446
23.65,18.502686,5.147314453124999,5.147314453124999
17.9,14.967702,2.932298088073729,2.932298088073729
16.17,14.143333,2.026666564941408,2.026666564941408
40.09,15.338528,24.751472320556644,24.751472320556644
16.95,21.569715,-4.61971549987793,4.61971549987793
30.93,22.81577,8.114230804443359,8.114230804443359
4.12,8.052017,-3.9320172119140624,3.9320172119140624
18.54,20.035297,-1.495297393798829,1.495297393798829
16.72,9.679572,7.040427894592284,7.040427894592284
7.61,13.733449,-6.123448982238769,6.123448982238769
9.19,9.781416,-0.5914159393310552,0.5914159393310552
12.7,17.617275,-4.91727523803711,4.91727523803711
14.15,17.306604,-3.156604385375976,3.156604385375976
26.78,12.059431,14.720568923950196,14.720568923950196
17.9,18.076832,-0.17683181762695455,0.17683181762695455
3.11,11.127752,-8.017752304077149,8.017752304077149
9.65,9.825796,-0.17579612731933558,0.17579612731933558
0.47,10.043469,-9.573469429016113,9.573469429016113
19.43,13.771215,5.658784561157226,5.658784561157226
12.6,17.249645,-4.649645233154297,4.649645233154297
0.03,12.797434,-12.767433853149415,12.767433853149415
10.0,7.7489142,2.2510857582092285,2.2510857582092285
16.5,10.5575905,5.942409515380859,5.942409515380859
7.0,12.891996,-5.891996383666992,5.891996383666992
11.7,8.723516,2.976483535766601,2.976483535766601
6.0,8.999751,-2.999751091003418,2.999751091003418
11.44,7.902307,3.537692966461181,3.537692966461181
11.1,10.004452,1.0955482482910153,1.0955482482910153
36.51,17.367561,19.142438659667967,19.142438659667967
9.6,9.370217,0.229782676696777,0.229782676696777
23.17,22.613565,0.5564345550537126,0.5564345550537126
7.51,9.053514,-1.5435135269165041,1.5435135269165041
48.1,11.187295,36.91270503997803,36.91270503997803
9.15,12.435916,-3.285915946960449,3.285915946960449
9.86,9.269289,0.5907109832763666,0.5907109832763666
26.46,9.591618,16.868382415771485,16.868382415771485
11.18,10.119308,1.0606915283203122,1.0606915283203122
34.57,16.581314,17.988685913085938,17.988685913085938
26.54,21.589363,4.950636901855468,4.950636901855468
8.51,9.218906,-0.7089064025878908,0.7089064025878908
3.37,14.491768,-11.12176788330078,11.12176788330078
39.3,12.797434,26.502566146850583,26.502566146850583
0.02,12.08275,-12.06275032043457,12.06275032043457
0.02,11.247086,-11.227085571289063,11.227085571289063
11.31,14.327671,-3.01767105102539,3.01767105102539
14.74,26.354893,-11.61489273071289,11.61489273071289
14.0,15.801054,-1.8010540008544922,1.8010540008544922
6.41,11.098842,-4.688841667175293,4.688841667175293
34.88,18.1551,16.72490013122559,16.72490013122559
15.5,8.622167,6.877833366394043,6.877833366394043
5.33,12.106957,-6.77695743560791,6.77695743560791
5.07,14.327671,-9.25767105102539,9.25767105102539
23.16,11.244955,11.91504493713379,11.91504493713379
12.14,18.102726,-5.962725982666015,5.962725982666015
12.07,28.93415,-16.86415069580078,16.86415069580078
17.7,10.279414,7.420585823059081,7.420585823059081
0.3,7.911478,-7.611478042602539,7.611478042602539
45.21,22.51055,22.699450454711915,22.699450454711915
5.11,11.828714,-6.718714370727539,6.718714370727539
9.0,10.901111,-1.9011106491088867,1.9011106491088867
30.24,17.032185,13.20781539916992,13.20781539916992
5.8,6.667567,-0.8675667762756349,0.8675667762756349
10.84,14.122076,-3.2820760345458986,3.2820760345458986
10.8,10.290645,0.5093553543090827,0.5093553543090827
2.81,18.955845,-16.145844879150392,16.145844879150392
51.13,21.312002,29.817997817993167,29.817997817993167
27.06,23.278606,3.781393585205077,3.781393585205077
6.76,20.51906,-13.759060134887696,13.759060134887696
11.64,13.08563,-1.4456304168701166,1.4456304168701166
7.7,22.539055,-14.83905487060547,14.83905487060547
17.34,19.911694,-2.571693572998047,2.571693572998047
19.73,18.09912,1.6308808135986332,1.6308808135986332
31.88,26.121685,5.758314971923827,5.758314971923827
27.03,29.654621,-2.624621124267577,2.624621124267577
7.3,11.313556,-4.013555717468262,4.013555717468262
23.13,18.852974,4.277026062011718,4.277026062011718
8.39,7.199219,1.1907807731628424,1.1907807731628424
11.13,9.701444,1.428556327819825,1.428556327819825
22.31,15.20466,7.105339584350585,7.105339584350585
32.2,22.262981,9.937018585205081,9.937018585205081
23.1,16.588217,6.5117832183837905,6.5117832183837905
14.0,18.596663,-4.596662521362305,4.596662521362305
8.6,26.830688,-18.2306884765625,18.2306884765625
25.85,16.249113,9.60088691711426,9.60088691711426
15.88,27.824478,-11.944478149414062,11.944478149414062
27.53,16.685213,10.844786911010743,10.844786911010743
29.8,20.85167,8.948330688476563,8.948330688476563
20.76,14.008402,6.7515981292724625,6.7515981292724625
27.42,18.50813,8.911870880126955,8.911870880126955
10.05,14.980004,-4.9300043106079094,4.9300043106079094
12.65,14.085353,-1.4353528976440426,1.4353528976440426
14.0,21.169252,-7.169252395629883,7.169252395629883
10.34,27.605358,-17.265358123779297,17.265358123779297
3.21,8.7568,-5.546799697875977,5.546799697875977
10.7,20.341803,-9.6418025970459,9.6418025970459
13.0,11.305432,1.6945676803588867,1.6945676803588867
17.14,10.959091,6.180908813476563,6.180908813476563
28.4,27.082172,1.3178276062011705,1.3178276062011705
2.58,8.528578,-5.94857780456543,5.94857780456543
35.3,22.145037,13.154963302612302,13.154963302612302
18.54,19.079573,-0.5395726776123055,0.5395726776123055
23.3,22.006205,1.2937953948974616,1.2937953948974616
19.59,18.272495,1.3175047302246092,1.3175047302246092
6.38,17.447796,-11.067795867919923,11.067795867919923
25.2,13.635442,11.564558219909667,11.564558219909667
27.39,27.093304,0.2966963195800787,0.2966963195800787
6.46,14.244911,-7.784911193847656,7.784911193847656
30.77,13.623887,17.146112937927246,17.146112937927246
32.03,22.11428,9.915719299316407,9.915719299316407
27.72,22.59703,5.122969360351561,5.122969360351561
19.46,14.129819,5.3301810836792,5.3301810836792
22.29,23.463173,-1.173172912597657,1.173172912597657
11.16,13.501865,-2.3418653869628905,2.3418653869628905
23.49,20.243984,3.246015777587889,3.246015777587889
22.3,15.657913,6.642086791992188,6.642086791992188
13.95,13.946192,0.003808212280272727,0.003808212280272727
5.39,17.27513,-11.885129318237304,11.885129318237304
41.34,22.958767,18.381233062744144,18.381233062744144
1.94,19.13697,-17.19697052001953,17.19697052001953
23.0,12.057728,10.942272186279297,10.942272186279297
56.5,17.67414,38.82585906982422,38.82585906982422
21.44,20.266724,1.1732763671875013,1.1732763671875013
28.15,19.451832,8.698168182373045,8.698168182373045
45.37,29.673601,15.696398849487302,15.696398849487302
5.02,11.952931,-6.93293140411377,6.93293140411377
16.7,19.528145,-2.828144836425782,2.828144836425782
34.29,20.530518,13.759482421875,13.759482421875
26.61,16.013226,10.596774444580078,10.596774444580078
4.46,17.11773,-12.657729187011718,12.657729187011718
23.26,20.553122,2.7068784332275406,2.7068784332275406
34.33,21.456097,12.873903350830076,12.873903350830076
47.2,32.289574,14.910426330566409,14.910426330566409
1.23,20.743965,-19.51396514892578,19.51396514892578
25.88,27.118477,-1.2384768676757822,1.2384768676757822
21.43,32.997925,-11.5679248046875,11.5679248046875
26.45,20.412136,6.03786392211914,6.03786392211914
1.0,12.869973,-11.869973182678223,11.869973182678223
2.82,10.1081,-7.288099937438965,7.288099937438965
26.95,14.422599,12.527401161193847,12.527401161193847
12.3,19.122047,-6.8220474243164055,6.8220474243164055
9.75,12.149444,-2.3994436264038086,2.3994436264038086
23.14,19.43659,3.703409805297852,3.703409805297852
24.3,13.024133,11.27586727142334,11.27586727142334
23.16,26.806618,-3.646617736816406,3.646617736816406
10.03,13.342054,-3.3120543670654303,3.3120543670654303
19.53,22.77877,-3.2487704467773426,3.2487704467773426
1.4,29.520777,-28.120776748657228,28.120776748657228
25.22,25.971,-0.7510006713867199,0.7510006713867199
72.44,33.878296,38.5617041015625,38.5617041015625
51.13,18.162016,32.96798408508301,32.96798408508301
16.4,24.34744,-7.947440719604494,7.947440719604494
5.52,19.415266,-13.895266036987305,13.895266036987305
10.67,15.021487,-4.351487236022949,4.351487236022949
23.2,19.862349,3.3376514434814446,3.3376514434814446
0.6,19.640308,-19.04030838012695,19.04030838012695
14.0,19.475039,-5.475038528442383,5.475038528442383
32.53,17.433435,15.096564559936525,15.096564559936525
8.47,23.283562,-14.813561706542968,14.813561706542968
25.17,23.54115,1.6288508605957048,1.6288508605957048
51.07,33.650024,17.4199755859375,17.4199755859375
33.9,32.515488,1.384512329101561,1.384512329101561
23.16,19.831831,3.3281690216064455,3.3281690216064455
12.59,29.760878,-17.17087760925293,17.17087760925293
10.54,11.913555,-1.3735551452636727,1.3735551452636727
58.0,27.146538,30.85346221923828,30.85346221923828
11.42,22.315952,-10.89595230102539,10.89595230102539
11.8,24.115627,-12.315627288818359,12.315627288818359
1.46,17.394207,-15.934207000732421,15.934207000732421
0.33,11.917257,-11.58725730895996,11.58725730895996
19.1,15.4032955,3.696704483032228,3.696704483032228
9.97,19.141567,-9.171567230224609,9.171567230224609
0.28,23.082445,-22.80244514465332,22.80244514465332
2.73,11.226545,-8.496545333862304,8.496545333862304
20.16,27.84541,-7.685409393310547,7.685409393310547
10.72,11.423643,-0.7036431121826165,0.7036431121826165
19.4,15.194727,4.205273056030272,4.205273056030272
11.69,11.435717,0.2542833709716792,0.2542833709716792
39.34,23.849348,15.490651931762699,15.490651931762699
30.2,17.233244,12.966756057739257,12.966756057739257
13.4,14.353667,-0.9536672592163082,0.9536672592163082
13.64,16.681238,-3.041238174438476,3.041238174438476
24.3,12.189182,12.11081771850586,12.11081771850586
29.5,16.164045,13.335954666137695,13.335954666137695
7.8,13.735492,-5.935491752624512,5.935491752624512
11.4,15.121371,-3.721371269226074,3.721371269226074
20.07,14.151741,5.918258972167969,5.918258972167969
3.7,14.280125,-10.580124664306641,10.580124664306641
4.03,10.405343,-6.375343055725097,6.375343055725097
15.82,11.131599,4.688400573730469,4.688400573730469
7.92,11.530163,-3.610162811279297,3.610162811279297
5.1,13.166354,-8.066354179382325,8.066354179382325
11.7,13.837747,-2.1377466201782234,2.1377466201782234
55.08,7.8254223,47.254577713012694,47.254577713012694
15.84,13.376325,2.4636753463745116,2.4636753463745116
31.88,11.514112,20.36588752746582,20.36588752746582
5.57,18.94112,-13.371120147705078,13.371120147705078
9.84,7.99649,1.843509998321533,1.843509998321533
21.89,13.712161,8.177838935852051,8.177838935852051
15.78,21.923143,-6.143143386840821,6.143143386840821
18.99,24.296871,-5.306871185302736,5.306871185302736
8.0,9.264213,-1.2642126083374023,1.2642126083374023
3.77,12.743557,-8.97355697631836,8.97355697631836
9.89,12.590788,-2.7007878875732416,2.7007878875732416
14.79,17.673319,-2.88331886291504,2.88331886291504
23.2,11.337965,11.86203498840332,11.86203498840332
43.66,24.93827,18.72172943115234,18.72172943115234
32.43,22.764715,9.665284805297851,9.665284805297851
44.47,19.79152,24.678480834960936,24.678480834960936
15.38,14.618409,0.7615908432006844,0.7615908432006844
11.2,13.62755,-2.427550125122071,2.427550125122071
24.84,14.138863,10.701137390136719,10.701137390136719
7.91,14.799304,-6.889304008483887,6.889304008483887
1.31,8.437328,-7.127328338623046,7.127328338623046
23.6,17.970955,5.62904510498047,5.62904510498047
8.0,22.533422,-14.533422470092773,14.533422470092773
9.45,18.762909,-9.312908935546876,9.312908935546876
37.52,29.139835,8.380164642333988,8.380164642333988
17.9,15.728455,2.1715454101562486,2.1715454101562486
0.03,14.441103,-14.411102981567383,14.411102981567383
6.76,14.288546,-7.528545608520508,7.528545608520508
15.35,13.936645,1.413355445861816,1.413355445861816
17.33,10.009313,7.320687370300291,7.320687370300291
10.75,9.9320965,0.8179035186767578,0.8179035186767578
12.08,9.793624,2.286376075744629,2.286376075744629
19.7,11.709441,7.990558815002441,7.990558815002441
21.8,20.40111,1.3988903045654304,1.3988903045654304
3.4,8.925001,-5.525001144409179,5.525001144409179
18.51,15.249996,3.260003814697267,3.260003814697267
12.68,17.395582,-4.71558219909668,4.71558219909668
3.74,11.994442,-8.254441986083984,8.254441986083984
6.29,10.952898,-4.662898025512695,4.662898025512695
26.04,12.589638,13.450362243652343,13.450362243652343
13.0,13.871229,-0.8712291717529297,0.8712291717529297
7.44,10.515691,-3.0756908035278316,3.0756908035278316
10.58,19.65504,-9.075040740966797,9.075040740966797
6.7,9.879213,-3.1792133331298826,3.1792133331298826
22.11,12.298986,9.811013565063476,9.811013565063476
14.8,12.141899,2.658100891113282,2.658100891113282
5.66,6.4119883,-0.7519882583618163,0.7519882583618163
34.59,10.136945,24.453055229187015,24.453055229187015
5.6,6.5960484,-0.9960483551025394,0.9960483551025394
5.43,7.4369397,-2.0069397163391116,2.0069397163391116
3.78,20.39754,-16.617539138793944,16.617539138793944
2.5,13.670119,-11.170119285583496,11.170119285583496
14.84,22.21085,-7.370849761962891,7.370849761962891
17.69,13.796444,3.893556060791017,3.893556060791017
1.3,9.010186,-7.710186195373535,7.710186195373535
12.94,11.323285,1.6167148971557612,1.6167148971557612
22.3,12.488156,9.81184368133545,9.81184368133545
1.3,9.965905,-8.66590518951416,8.66590518951416
19.24,17.080341,2.1596586608886703,2.1596586608886703
22.33,20.018639,2.3113613891601545,2.3113613891601545
12.46,8.610563,3.8494367218017587,3.8494367218017587
37.17,19.755434,17.41456596374512,17.41456596374512
43.58,25.432972,18.147028045654295,18.147028045654295
26.55,20.195606,6.354393768310548,6.354393768310548
20.7,13.307094,7.392906379699706,7.392906379699706
14.98,25.6161,-10.636100311279296,10.636100311279296
18.94,21.983578,-3.043577728271483,3.043577728271483
2.96,10.43627,-7.476269760131836,7.476269760131836
10.21,14.023007,-3.8130073928833,3.8130073928833
21.28,12.291487,8.988513259887696,8.988513259887696
23.5,19.618944,3.8810558319091797,3.8810558319091797
3.43,20.361105,-16.93110496520996,16.93110496520996
28.38,15.731275,12.648725395202636,12.648725395202636
7.31,12.993788,-5.68378776550293,5.68378776550293
46.33,12.725504,33.60449607849121,33.60449607849121
40.54,14.796287,25.743713417053222,25.743713417053222
9.24,13.835808,-4.5958078002929685,4.5958078002929685
41.96,15.452533,26.50746723175049,26.50746723175049
17.11,10.2420845,6.867915496826171,6.867915496826171
6.95,14.032026,-7.0820262908935545,7.0820262908935545
10.37,14.865596,-4.495595817565919,4.495595817565919
46.4,24.139692,22.260307693481444,22.260307693481444
9.97,16.357283,-6.387282638549804,6.387282638549804
4.2,18.152805,-13.952805328369141,13.952805328369141
15.46,20.390015,-4.930014648437499,4.930014648437499
14.0,15.797979,-1.7979793548583984,1.7979793548583984
8.06,25.324549,-17.264548721313474,17.264548721313474
17.97,15.454138,2.5158621978759754,2.5158621978759754
1.07,8.528578,-7.458577804565429,7.458577804565429
23.3,22.511742,0.788258361816407,0.788258361816407
19.98,18.72044,1.2595600891113286,1.2595600891113286
20.3,23.137552,-2.8375522613525384,2.8375522613525384
1.4,17.355446,-15.955445861816406,15.955445861816406
7.41,10.790768,-3.3807676696777342,3.3807676696777342
8.6,18.527119,-9.927118682861328,9.927118682861328
23.26,16.985298,6.27470184326172,6.27470184326172
18.07,23.60354,-5.533540420532226,5.533540420532226
10.97,22.902985,-11.932984619140624,11.932984619140624
1.81,14.457189,-12.647188606262207,12.647188606262207
21.95,19.865175,2.0848247528076165,2.0848247528076165
13.95,13.8458805,0.10411949157714773,0.10411949157714773
35.79,35.190125,0.5998754882812491,0.5998754882812491
46.79,26.14036,20.64964012145996,20.64964012145996
8.51,9.144825,-0.6348249816894533,0.6348249816894533
49.6,33.18738,16.412618255615236,16.412618255615236
8.55,16.222595,-7.672595214843749,7.672595214843749
5.0,21.767555,-16.767555236816406,16.767555236816406
3.29,20.909176,-17.619175872802735,17.619175872802735
0.2,12.296283,-12.096282768249512,12.096282768249512
0.1,12.033422,-11.933422470092774,11.933422470092774
26.1,11.233291,14.866709327697755,14.866709327697755
22.98,20.791595,2.1884045410156254,2.1884045410156254
45.94,30.394028,15.54597229003906,15.54597229003906
59.4,21.487652,37.91234817504883,37.91234817504883
20.45,18.498281,1.9517185211181634,1.9517185211181634
21.76,15.019642,6.740358123779298,6.740358123779298
11.7,20.235025,-8.53502540588379,8.53502540588379
3.01,18.38083,-15.370830764770508,15.370830764770508
10.91,18.449633,-7.53963264465332,7.53963264465332
37.94,27.192717,10.747283401489256,10.747283401489256
28.88,37.42426,-8.544259185791017,8.544259185791017
9.57,17.217716,-7.647716217041015,7.647716217041015
6.6,19.398596,-12.798595809936524,12.798595809936524
50.91,42.950756,7.95924392700195,7.95924392700195
4.66,17.909756,-13.24975570678711,13.24975570678711
1.6,15.913802,-14.313802146911621,14.313802146911621
41.18,24.607853,16.572147064208984,16.572147064208984
19.69,40.80629,-21.11628967285156,21.11628967285156
36.77,22.365328,14.404672164916995,14.404672164916995
30.87,19.222717,11.647282714843751,11.647282714843751
43.0,20.95958,22.040420532226562,22.040420532226562
18.04,21.683994,-3.6439942932128915,3.6439942932128915
9.17,21.082115,-11.912115173339844,11.912115173339844
32.57,22.277851,10.292148895263672,10.292148895263672
12.85,20.520168,-7.67016830444336,7.67016830444336
12.21,19.506607,-7.296607055664062,7.296607055664062
32.39,24.299673,8.090326919555665,8.090326919555665
10.27,18.406763,-8.136763076782227,8.136763076782227
46.26,12.230408,34.02959228515625,34.02959228515625
19.7,19.332493,0.36750717163085866,0.36750717163085866
33.55,24.745272,8.80472831726074,8.80472831726074
3.6,31.3517,-27.75169982910156,27.75169982910156
52.04,38.647655,13.392344512939452,13.392344512939452
4.83,29.2293,-24.399299545288088,24.399299545288088
47.1,18.525255,28.57474479675293,28.57474479675293
24.5,33.204716,-8.704715728759766,8.704715728759766
17.5,28.277517,-10.777517318725586,10.777517318725586
10.07,25.967323,-15.897323303222656,15.897323303222656
33.5,31.44854,2.0514602661132812,2.0514602661132812
23.43,25.831785,-2.4017852020263675,2.4017852020263675
18.82,21.126453,-2.306453399658203,2.306453399658203
15.3,13.1710615,2.1289384841918952,2.1289384841918952
49.55,24.759882,24.790118026733396,24.790118026733396
2.8,9.238584,-6.438583564758301,6.438583564758301
12.0,18.314877,-6.314876556396484,6.314876556396484
24.7,18.033571,6.6664287567138665,6.6664287567138665
12.37,14.022801,-1.6528013992309578,1.6528013992309578
22.9,19.874079,3.025921249389647,3.025921249389647
15.97,18.873442,-2.9034416961669915,2.9034416961669915
3.3,7.7064943,-4.4064943313598635,4.4064943313598635
1.25,12.979717,-11.729717254638672,11.729717254638672
5.76,17.791355,-12.03135513305664,12.03135513305664
19.97,12.256791,7.71320888519287,7.71320888519287
15.83,13.65827,2.1717301177978516,2.1717301177978516
26.45,20.935966,5.5140335083007805,5.5140335083007805
7.83,18.124954,-10.294954223632812,10.294954223632812
4.7,11.52217,-6.822170066833496,6.822170066833496
9.76,14.714977,-4.954977264404297,4.954977264404297
6.85,25.194271,-18.344271087646483,18.344271087646483
19.3,12.66201,6.637989807128907,6.637989807128907
27.56,14.867456,12.692543563842772,12.692543563842772
19.72,19.653738,0.06626197814941293,0.06626197814941293
5.61,22.08455,-16.474550857543946,16.474550857543946
15.37,9.484883,5.885116691589355,5.885116691589355
15.83,14.447446,1.3825541305541993,1.3825541305541993
20.75,12.2743635,8.47563648223877,8.47563648223877
12.71,18.040152,-5.330151596069335,5.330151596069335
10.99,10.4205885,0.5694115066528322,0.5694115066528322
14.8,15.115913,-0.31591339111328054,0.31591339111328054
16.25,21.636171,-5.386171340942383,5.386171340942383
39.73,15.321148,24.408852081298825,24.408852081298825
10.6,9.999197,0.6008029937744137,0.6008029937744137
7.72,9.671065,-1.9510653305053713,1.9510653305053713
15.63,20.728092,-5.098092193603515,5.098092193603515
18.0,12.069486,5.930514335632324,5.930514335632324
6.17,6.9604077,-0.7904077339172364,0.7904077339172364
12.1,12.282736,-0.1827358245849613,0.1827358245849613
2.8,9.504882,-6.704881858825684,6.704881858825684
24.2,24.000927,0.19907302856445241,0.19907302856445241
15.26,18.40073,-3.140730133056641,3.140730133056641
39.16,32.714733,6.4452668762207,6.4452668762207
1.87,6.83841,-4.968409900665283,4.968409900665283
2.79,11.428329,-8.638329467773438,8.638329467773438
6.3,8.999751,-2.699751091003418,2.699751091003418
9.3,17.119888,-7.819888305664062,7.819888305664062
16.57,19.37478,-2.8047806549072263,2.8047806549072263
15.4,9.671065,5.728934669494629,5.728934669494629
29.7,16.514248,13.18575210571289,13.18575210571289
19.8,15.539711,4.2602890014648445,4.2602890014648445
0.42,10.833201,-10.41320140838623,10.41320140838623
10.49,8.718411,1.7715885543823244,1.7715885543823244
45.06,28.393126,16.666874465942385,16.666874465942385
10.69,15.082824,-4.392823753356934,4.392823753356934
1.02,14.230482,-13.21048210144043,13.21048210144043
10.2,14.783229,-4.583228874206544,4.583228874206544
10.86,16.628847,-5.768847122192383,5.768847122192383
22.3,14.621613,7.678387451171876,7.678387451171876
13.2,16.600616,-3.4006164550781257,3.4006164550781257
1.5,13.726691,-12.226691246032715,12.226691246032715
9.18,17.551502,-8.371502227783203,8.371502227783203
10.7,11.732755,-1.0327547073364265,1.0327547073364265
7.68,14.468945,-6.788944549560547,6.788944549560547
33.08,19.97603,13.103969650268553,13.103969650268553
8.55,10.185122,-1.635121536254882,1.635121536254882
5.55,17.622778,-12.072777938842773,12.072777938842773
30.14,21.745962,8.394037857055665,8.394037857055665
13.95,9.153897,4.7961027145385735,4.7961027145385735
16.44,16.850283,-0.41028266906738153,0.41028266906738153
5.71,8.122228,-2.412227668762207,2.412227668762207
0.1,10.171773,-10.071772956848145,10.071772956848145
28.49,18.59102,9.898979415893553,9.898979415893553
33.37,18.094814,15.275185699462888,15.275185699462888
3.14,12.913749,-9.773748741149902,9.773748741149902
0.28,10.042636,-9.762635917663575,9.762635917663575
15.72,22.317793,-6.597792892456054,6.597792892456054
27.82,17.19425,10.625749893188477,10.625749893188477
1.4,14.903545,-13.503545379638672,13.503545379638672
4.28,6.119726,-1.8397261810302732,1.8397261810302732
30.54,16.600616,13.939383544921874,13.939383544921874
2.53,10.728269,-8.198268623352051,8.198268623352051
25.01,21.967268,3.042732009887697,3.042732009887697
6.8,12.913749,-6.1137487411499025,6.1137487411499025
4.01,9.503319,-5.493318786621094,5.493318786621094
10.6,6.147568,4.452431774139404,4.452431774139404
9.37,7.054736,2.3152638626098625,2.3152638626098625
38.5,17.930763,20.569236755371094,20.569236755371094
4.06,9.88902,-5.829019966125489,5.829019966125489
7.78,9.478235,-1.6982352447509763,1.6982352447509763
8.5,14.801031,-6.301031112670898,6.301031112670898
21.12,20.440239,0.6797610473632822,0.6797610473632822
16.98,17.451864,-0.4718642425537105,0.4718642425537105
28.31,16.621103,11.688896713256835,11.688896713256835
3.6,9.962249,-6.362248802185059,6.362248802185059
16.36,18.415169,-2.055168762207032,2.055168762207032
28.8,12.261889,16.538110542297364,16.538110542297364
11.55,11.946087,-0.39608688354492116,0.39608688354492116
11.7,9.01467,2.685329627990722,2.685329627990722
18.1,14.1547,3.9452997207641616,3.9452997207641616
39.76,11.649642,28.110358009338377,28.110358009338377
11.6,17.684425,-6.084425354003907,6.084425354003907
13.2,12.436344,0.7636558532714837,0.7636558532714837
3.41,16.180922,-12.77092155456543,12.77092155456543
25.52,20.078556,5.441443939208984,5.441443939208984
23.34,21.717993,1.6220072174072264,1.6220072174072264
6.57,14.483649,-7.913649253845215,7.913649253845215
81.01,30.15444,50.855560073852544,50.855560073852544
2.94,8.904195,-5.964194831848145,5.964194831848145
0.04,18.164354,-18.12435432434082,18.12435432434082
28.75,17.74123,11.008769989013672,11.008769989013672
11.01,8.397183,2.612816581726074,2.612816581726074
36.72,19.81233,16.90766975402832,16.90766975402832
3.67,12.838915,-9.16891487121582,9.16891487121582
9.6,10.749074,-1.1490739822387699,1.1490739822387699
9.91,13.716424,-3.806423988342285,3.806423988342285
33.06,15.768346,17.291654167175295,17.291654167175295
6.9,16.864866,-9.964866256713867,9.964866256713867
4.64,8.148021,-3.508020744323731,3.508020744323731
40.81,17.411057,23.398943481445315,23.398943481445315
4.56,15.342846,-10.782845916748048,10.782845916748048
10.86,19.519497,-8.65949691772461,8.65949691772461
52.65,28.97079,23.67920913696289,23.67920913696289
1.87,18.115837,-16.245837097167968,16.245837097167968
16.86,13.683267,3.1767333602905268,3.1767333602905268
26.4,16.636795,9.763204956054686,9.763204956054686
6.46,22.60651,-16.146510162353515,16.146510162353515
4.67,18.393532,-13.723531799316406,13.723531799316406
5.27,10.149605,-4.879604797363282,4.879604797363282
20.14,17.021852,3.1181475067138678,3.1181475067138678
11.31,13.135261,-1.8252605819702143,1.8252605819702143
13.95,13.07799,0.872010421752929,0.872010421752929
16.4,18.9325,-2.5325008392334,2.5325008392334
18.9,16.921373,1.9786266326904283,1.9786266326904283
17.21,20.794827,-3.5848265075683585,3.5848265075683585
0.01,8.676832,-8.66683219909668,8.66683219909668
23.62,21.529684,2.09031593322754,2.09031593322754
10.2,17.162031,-6.962031173706055,6.962031173706055
11.02,12.4750805,-1.4550804901123051,1.4550804901123051
5.97,27.357685,-21.38768508911133,21.38768508911133
7.6,12.384858,-4.784858131408692,4.784858131408692
51.1,19.48916,31.610839462280275,31.610839462280275
1.54,14.258769,-12.718769035339356,12.718769035339356
5.1,12.135428,-7.035428428649903,7.035428428649903
13.03,8.6116495,4.4183504867553705,4.4183504867553705
30.4,21.65209,8.747909927368163,8.747909927368163
8.35,15.721292,-7.371291542053223,7.371291542053223
23.2,14.571222,8.628777694702148,8.628777694702148
7.6,13.252506,-5.652506256103516,5.652506256103516
49.63,34.37892,15.25107849121094,15.25107849121094
41.73,27.116558,14.613441925048825,14.613441925048825
2.89,14.221589,-11.33158908843994,11.33158908843994
21.02,22.412884,-1.3928837585449223,1.3928837585449223
9.44,12.496996,-3.056995925903321,3.056995925903321
15.49,14.664353,0.8256466293334963,0.8256466293334963
44.66,16.956839,27.70316139221191,27.70316139221191
51.29,23.52816,27.761839904785155,27.761839904785155
16.05,16.539282,-0.4892818450927727,0.4892818450927727
25.32,20.481892,4.838108367919922,4.838108367919922
30.89,26.23937,4.650629653930665,4.650629653930665
8.44,26.149206,-17.709206161499026,17.709206161499026
34.4,20.399952,14.000048065185545,14.000048065185545
15.79,34.142506,-18.352505645751954,18.352505645751954
14.38,18.887909,-4.507908935546874,4.507908935546874
3.46,20.059546,-16.599545516967773,16.599545516967773
10.38,9.643533,0.7364672470092781,0.7364672470092781
17.05,20.297804,-3.247803878784179,3.247803878784179
7.4,20.791595,-13.391595458984375,13.391595458984375
10.8,15.049161,-4.249160957336425,4.249160957336425
38.66,22.209423,16.45057693481445,16.45057693481445
4.69,10.080208,-5.390207824707031,5.390207824707031
26.1,22.025454,4.074546432495119,4.074546432495119
1.7,22.456102,-20.75610237121582,20.75610237121582
6.1,34.282368,-28.182367706298827,28.182367706298827
16.2,12.879833,3.3201667785644524,3.3201667785644524
33.45,30.314106,3.1358940124511747,3.1358940124511747
31.5,20.243967,11.256032943725586,11.256032943725586
37.08,18.368603,18.71139724731445,18.71139724731445
16.45,19.69458,-3.2445800781250007,3.2445800781250007
27.36,18.546545,8.813454971313476,8.813454971313476
31.1,28.937126,2.1628738403320327,2.1628738403320327
9.51,12.18484,-2.674840202331543,2.674840202331543
16.76,17.471634,-0.7116339111328109,0.7116339111328109
21.7,20.270227,1.4297725677490227,1.4297725677490227
14.98,19.34705,-4.367049713134765,4.367049713134765
1.71,13.57542,-11.865420379638671,11.865420379638671
14.94,14.421783,0.5182165527343745,0.5182165527343745
5.1,20.50009,-15.400089645385743,15.400089645385743
14.5,20.44037,-5.940370559692383,5.940370559692383
12.29,15.567382,-3.2773818588256844,3.2773818588256844
19.75,35.03143,-15.281429290771484,15.281429290771484
8.73,12.076566,-3.3465657424926754,3.3465657424926754
47.36,18.90911,28.450890884399413,28.450890884399413
25.73,22.12945,3.600550155639649,3.600550155639649
31.93,33.228848,-1.2988475036621097,1.2988475036621097
7.02,15.69863,-8.678630332946778,8.678630332946778
5.2,17.649609,-12.449608612060548,12.449608612060548
29.9,31.507723,-1.6077228546142592,1.6077228546142592
7.99,29.159946,-21.16994644165039,21.16994644165039
7.3,28.637342,-21.33734245300293,21.33734245300293
10.1,12.356842,-2.2568420410156254,2.2568420410156254
45.92,16.149261,29.770738525390627,29.770738525390627
10.79,36.636795,-25.846795043945313,25.846795043945313
30.46,16.766582,13.693417510986329,13.693417510986329
55.2,30.24522,24.95477981567383,24.95477981567383
35.4,26.045465,9.354534530639647,9.354534530639647
36.6,27.604284,8.995715713500978,8.995715713500978
2.51,13.423717,-10.91371654510498,10.91371654510498
25.88,19.344156,6.53584373474121,6.53584373474121
15.36,16.845972,-1.4859720611572271,1.4859720611572271
9.93,11.145353,-1.2153533172607425,1.2153533172607425
9.87,13.118294,-3.248293762207032,3.248293762207032
33.7,24.914656,8.785344314575198,8.785344314575198
24.09,17.224365,6.865634765625,6.865634765625
11.09,17.575146,-6.485145721435547,6.485145721435547
1.48,12.329351,-10.849351425170898,10.849351425170898
34.6,26.269852,8.330148315429689,8.330148315429689
4.2,15.888084,-11.688084411621094,11.688084411621094
51.94,21.449295,30.490704956054685,30.490704956054685
23.38,19.522581,3.857418899536132,3.857418899536132
19.86,20.602232,-0.7422319793701178,0.7422319793701178
6.9,15.59064,-8.690640068054199,8.690640068054199
10.12,19.818588,-9.698588256835938,9.698588256835938
18.26,17.170124,1.0898759460449234,1.0898759460449234
34.68,29.362635,5.317365341186523,5.317365341186523
48.39,26.92249,21.467510833740235,21.467510833740235
39.5,13.668242,25.83175754547119,25.83175754547119
6.5,16.232832,-9.732831954956055,9.732831954956055
19.1,14.039731,5.060268974304201,5.060268974304201
11.14,17.502123,-6.36212287902832,6.36212287902832
5.8,12.539996,-6.739996147155762,6.739996147155762
4.3,10.062503,-5.762502861022949,5.762502861022949
13.5,17.404566,-3.9045658111572266,3.9045658111572266
11.0,12.16837,-1.168370246887207,1.168370246887207
20.76,12.436894,8.32310558319092,8.32310558319092
24.98,19.87542,5.104580383300782,5.104580383300782
16.53,18.990133,-2.46013328552246,2.46013328552246
10.8,17.203651,-6.4036514282226555,6.4036514282226555
31.01,20.55286,10.457139739990236,10.457139739990236
7.72,9.33191,-1.6119101333618167,1.6119101333618167
21.07,19.653687,1.4163134765625003,1.4163134765625003
39.88,22.283394,17.59660614013672,17.59660614013672
7.8,7.799831,0.0001690864562986505,0.0001690864562986505
30.86,21.793573,9.066426620483398,9.066426620483398
24.0,24.494095,-0.4940948486328125,0.4940948486328125
31.79,24.86848,6.921519317626952,6.921519317626952
12.78,19.524965,-6.7449652862548835,6.7449652862548835
13.5,14.7905,-1.2904996871948242,1.2904996871948242
8.22,6.5313883,1.6886117172241217,1.6886117172241217
13.47,20.082087,-6.612086563110351,6.612086563110351
3.6,16.727911,-13.127910995483399,13.127910995483399
6.9,9.143236,-2.24323616027832,2.24323616027832
23.68,14.993873,8.68612735748291,8.68612735748291
44.15,21.589363,22.560636901855467,22.560636901855467
17.44,19.985092,-2.545092163085936,2.545092163085936
31.91,15.32111,16.588890228271485,16.588890228271485
10.51,7.5682263,2.9417736625671385,2.9417736625671385
33.84,18.698994,15.141006317138675,15.141006317138675
3.88,9.042939,-5.1629391860961915,5.1629391860961915
38.0,11.745044,26.254956245422363,26.254956245422363
36.99,21.726889,15.263111343383791,15.263111343383791
41.25,15.06554,26.184459686279297,26.184459686279297
11.15,17.7845,-6.634500122070312,6.634500122070312
0.12,9.842038,-9.722038154602052,9.722038154602052
12.1,16.745512,-4.6455120086669925,4.6455120086669925
6.4,11.708742,-5.3087421417236325,5.3087421417236325
0.47,8.999751,-8.529751091003417,8.529751091003417
13.7,8.609227,5.090772819519042,5.090772819519042
12.05,23.397451,-11.347451400756835,11.347451400756835
25.5,14.369567,11.130433082580566,11.130433082580566
16.89,23.404823,-6.514823303222656,6.514823303222656
11.04,10.394898,0.6451015853881827,0.6451015853881827
15.66,6.160334,9.49966588973999,9.49966588973999
5.53,7.59614,-2.066139907836914,2.066139907836914
7.9,11.887438,-3.98743782043457,3.98743782043457
57.8,20.190105,37.609894561767575,37.609894561767575
24.65,18.096523,6.553476715087889,6.553476715087889
2.26,9.785187,-7.525186767578125,7.525186767578125
27.29,10.963285,16.326714553833007,16.326714553833007
1.02,7.8532634,-6.833263378143311,6.833263378143311
20.0,17.203142,2.7968578338623047,2.7968578338623047
12.24,16.334553,-4.094552764892578,4.094552764892578
51.77,30.89183,20.878169555664066,20.878169555664066
11.2,11.516177,-0.31617717742919993,0.31617717742919993
6.3,11.518795,-5.2187950134277346,5.2187950134277346
15.1,16.917212,-1.8172115325927738,1.8172115325927738
13.01,14.503889,-1.493889083862305,1.493889083862305
19.16,17.317642,1.8423577880859376,1.8423577880859376
22.4,14.313412,8.086588287353514,8.086588287353514
14.71,19.500769,-4.790768661499023,4.790768661499023
33.24,13.033446,20.20655368804932,20.20655368804932
14.12,28.75395,-14.633950119018555,14.633950119018555
11.13,12.342013,-1.2120133590698234,1.2120133590698234
9.36,8.324319,1.0356811141967768,1.0356811141967768
16.49,17.217234,-0.7272336578369156,0.7272336578369156
2.3,7.3127866,-5.01278657913208,5.01278657913208
4.7,14.997491,-10.297490882873536,10.297490882873536
15.0,12.215867,2.784132957458496,2.784132957458496
10.77,12.416823,-1.6468233871459965,1.6468233871459965
7.4,12.241404,-4.841403579711914,4.841403579711914
48.91,12.426915,36.48308483123779,36.48308483123779
2.05,11.360871,-9.31087131500244,9.31087131500244
7.1,18.835552,-11.735552215576172,11.735552215576172
11.04,12.361038,-1.3210382080078134,1.3210382080078134
10.66,12.889586,-2.2295864486694335,2.2295864486694335
5.6,19.704832,-14.104832077026368,14.104832077026368
21.11,18.421686,2.688313827514648,2.688313827514648
14.0,23.392998,-9.392997741699219,9.392997741699219
18.73,12.109167,6.620832901000977,6.620832901000977
3.03,11.639615,-8.609615058898926,8.609615058898926
31.67,19.449383,12.22061721801758,12.22061721801758
25.7,11.643091,14.056908798217773,14.056908798217773
10.97,11.79012,-0.8201201248168939,0.8201201248168939
13.73,16.588217,-2.8582167816162105,2.8582167816162105
5.87,17.972954,-12.102953796386718,12.102953796386718
17.58,25.980856,-8.400855941772463,8.400855941772463
23.55,15.570083,7.979917335510255,7.979917335510255
34.3,14.067661,20.232338714599607,20.232338714599607
33.27,17.965652,15.30434753417969,15.30434753417969
8.73,20.214128,-11.484128494262695,11.484128494262695
37.2,32.74295,4.457049560546878,4.457049560546878
7.26,10.398254,-3.13825439453125,3.13825439453125
27.31,24.811815,2.4981847381591784,2.4981847381591784
5.63,23.14461,-17.514609451293946,17.514609451293946
12.95,31.353605,-18.403605270385743,18.403605270385743
3.22,12.9759,-9.755899696350097,9.755899696350097
2.53,11.671517,-9.141517372131348,9.141517372131348
21.46,18.643171,2.816828689575196,2.816828689575196
27.0,17.278206,9.721794128417969,9.721794128417969
11.19,22.028526,-10.838526306152344,10.838526306152344
13.3,20.624737,-7.324736785888671,7.324736785888671
23.31,23.677755,-0.3677553558349622,0.3677553558349622
12.0,11.492578,0.5074224472045898,0.5074224472045898
6.0,26.665894,-20.6658935546875,20.6658935546875
11.78,8.556419,3.2235806274414056,3.2235806274414056
41.2,12.302326,28.897673797607425,28.897673797607425
26.62,15.517821,11.102178688049317,11.102178688049317
50.07,22.345844,27.724155731201172,27.724155731201172
20.45,31.337177,-10.887177276611329,10.887177276611329
10.37,19.754917,-9.384917144775391,9.384917144775391
33.21,25.40306,7.806939086914063,7.806939086914063
20.12,15.520874,4.599125976562501,4.599125976562501
31.58,27.23083,4.349170761108397,4.349170761108397
14.63,25.77321,-11.143210525512695,11.143210525512695
3.66,9.162227,-5.502226676940918,5.502226676940918
22.3,15.707997,6.592002677917481,6.592002677917481
12.29,18.037159,-5.747158966064454,5.747158966064454
24.28,17.451468,6.828532485961915,6.828532485961915
26.5,20.418839,6.0811614990234375,6.0811614990234375
48.21,30.71062,17.499379119873048,17.499379119873048
41.89,19.562122,22.327877655029297,22.327877655029297
23.2,18.217913,4.982087326049804,4.982087326049804
29.86,18.796722,11.063277587890624,11.063277587890624
5.05,12.127859,-7.077859115600586,7.077859115600586
34.46,20.997091,13.46290870666504,13.46290870666504
15.5,22.989103,-7.489103317260742,7.489103317260742
20.35,20.050995,0.2990051269531264,0.2990051269531264
1.34,24.354132,-23.0141316986084,23.0141316986084
0.72,12.291562,-11.5715620803833,11.5715620803833
42.97,27.734602,15.235398025512694,15.235398025512694
45.07,16.739126,28.330873794555664,28.330873794555664
6.3,10.201621,-3.9016210556030275,3.9016210556030275
8.58,26.083544,-17.503543777465822,17.503543777465822
69.34,17.10824,52.23175987243653,52.23175987243653
22.94,20.19221,2.747790756225587,2.747790756225587
19.57,21.856398,-2.2863976287841794,2.2863976287841794
46.0,23.32175,22.67824935913086,22.67824935913086
18.26,20.682613,-2.422613372802733,2.422613372802733
15.4,26.304214,-10.904214477539062,10.904214477539062
8.57,18.415318,-9.84531753540039,9.84531753540039
54.98,21.993088,32.98691223144531,32.98691223144531
8.1,21.935541,-13.835541152954102,13.835541152954102
15.03,24.20116,-9.171160430908204,9.171160430908204
72.02,23.126148,48.89385177612304,48.89385177612304
25.88,23.885248,1.9947518157958974,1.9947518157958974
9.59,17.334703,-7.7447034454345705,7.7447034454345705
0.1,13.442031,-13.342030906677246,13.342030906677246
46.83,25.253244,21.576755599975584,21.576755599975584
7.38,15.0467,-7.666699523925781,7.666699523925781
36.55,32.531593,4.018406677246091,4.018406677246091
20.34,21.944916,-1.6049157714843751,1.6049157714843751
7.31,10.701552,-3.3915523910522465,3.3915523910522465
32.56,39.626865,-7.066865386962888,7.066865386962888
8.6,20.672049,-12.072048568725586,12.072048568725586
19.72,23.057924,-3.337924270629884,3.337924270629884
32.79,25.170038,7.619961776733398,7.619961776733398
13.8,20.138353,-6.33835334777832,6.33835334777832
20.7,21.015411,-0.3154113769531257,0.3154113769531257
40.37,24.440903,15.92909729003906,15.92909729003906
6.9,24.53165,-17.631650543212892,17.631650543212892
17.1,20.184023,-3.0840229034423814,3.0840229034423814
21.0,29.942476,-8.942476272583008,8.942476272583008
40.93,20.591917,20.338082962036133,20.338082962036133
6.18,20.300491,-14.120491333007813,14.120491333007813
21.6,16.780928,4.819072341918947,4.819072341918947
53.74,23.531786,30.20821403503418,30.20821403503418
11.1,14.449651,-3.3496507644653324,3.3496507644653324
23.14,25.040417,-1.9004167175292963,1.9004167175292963
13.38,16.99839,-3.6183901977539055,3.6183901977539055
16.72,18.211596,-1.4915955352783214,1.4915955352783214
11.63,11.407041,0.2229594039917,0.2229594039917
23.84,21.089037,2.7509630584716795,2.7509630584716795
12.2,13.033265,-0.8332651138305671,0.8332651138305671
2.13,13.2046385,-11.074638481140138,11.074638481140138
3.8,9.505251,-5.705250930786133,5.705250930786133
16.28,16.607952,-0.32795211791992074,0.32795211791992074
35.9,13.132248,22.76775207519531,22.76775207519531
16.54,22.544748,-6.004748306274415,6.004748306274415
13.18,14.189857,-1.0098565292358401,1.0098565292358401
25.69,16.364342,9.325658264160158,9.325658264160158
17.85,25.23154,-7.381540679931639,7.381540679931639
1.27,15.245496,-13.975495796203614,13.975495796203614
25.28,19.35175,5.9282505798339855,5.9282505798339855
16.44,12.95481,3.4851898574829114,3.4851898574829114
1.47,15.180312,-13.710312156677245,13.710312156677245
25.46,33.14225,-7.682250061035155,7.682250061035155
0.35,15.151623,-14.801622772216797,14.801622772216797
8.7,13.085791,-4.385790634155274,4.385790634155274
7.2,14.69006,-7.490059661865234,7.490059661865234
29.6,12.038856,17.56114444732666,17.56114444732666
18.0,17.856882,0.14311790466308594,0.14311790466308594
14.12,21.608011,-7.48801124572754,7.48801124572754
14.7,17.553772,-2.8537719726562507,2.8537719726562507
19.42,15.610793,3.8092068862915056,3.8092068862915056
23.16,11.368861,11.791138801574707,11.791138801574707
6.4,13.523317,-7.1233173370361325,7.1233173370361325
19.86,17.292149,2.567851409912109,2.567851409912109
13.47,14.376113,-0.9061129379272455,0.9061129379272455
9.44,10.223938,-0.7839379882812505,0.7839379882812505
13.61,17.028748,-3.4187475585937506,3.4187475585937506
17.0,14.687749,2.312251091003418,2.312251091003418
27.93,18.895164,9.034835510253906,9.034835510253906
35.18,25.961786,9.218213729858398,9.218213729858398
4.55,17.719307,-13.16930694580078,13.16930694580078
1.2,8.147048,-6.947047996520996,6.947047996520996
17.06,16.271116,0.7888837432861315,0.7888837432861315
21.17,22.575169,-1.405168609619139,1.405168609619139
11.55,14.375292,-2.8252918243408196,2.8252918243408196
9.8,16.45619,-6.656190109252929,6.656190109252929
44.15,17.411987,26.7380126953125,26.7380126953125
5.51,8.999751,-3.489751091003418,3.489751091003418
9.65,10.103074,-0.45307407379150355,0.45307407379150355
12.09,13.988698,-1.8986980056762697,1.8986980056762697
12.35,13.636161,-1.2861608505249027,1.2861608505249027
12.22,11.232913,0.9870869827270514,0.9870869827270514
20.67,10.265456,10.404543800354006,10.404543800354006
5.59,11.172632,-5.582632217407227,5.582632217407227
23.32,19.470444,3.849556274414063,3.849556274414063
9.37,10.469757,-1.0997570800781258,1.0997570800781258
1.34,9.543809,-8.203808937072754,8.203808937072754
23.16,17.568787,5.59121337890625,5.59121337890625
11.7,14.576909,-2.8769090652465827,2.8769090652465827
39.26,12.797434,26.462566146850584,26.462566146850584
17.08,18.238014,-1.158014221191408,1.158014221191408
30.17,17.862972,12.307027740478517,12.307027740478517
4.06,7.5682983,-3.5082983398437504,3.5082983398437504
2.36,10.169633,-7.8096329116821295,7.8096329116821295
55.86,14.292911,41.5670894241333,41.5670894241333
11.44,11.939953,-0.4999528503417974,0.4999528503417974
20.87,12.096785,8.773215408325196,8.773215408325196
5.1,8.999751,-3.8997510910034183,3.8997510910034183
14.67,12.22869,2.4413098526000976,2.4413098526000976
22.43,16.089659,6.3403412628173825,6.3403412628173825
1.38,16.814327,-15.434327239990235,15.434327239990235
30.58,18.92628,11.653720932006834,11.653720932006834
31.12,22.758333,8.361666793823243,8.361666793823243
3.4,16.979212,-13.579211807250976,13.579211807250976
16.27,12.78308,3.486919898986816,3.486919898986816
26.49,14.854518,11.635482063293455,11.635482063293455
22.09,18.496237,3.593763198852539,3.593763198852539
32.76,10.5264015,22.233598480224607,22.233598480224607
11.98,17.805386,-5.825385589599609,5.825385589599609
1.04,11.762332,-10.72233196258545,10.72233196258545
14.5,23.55547,-9.055469512939453,9.055469512939453
20.76,12.525278,8.234721908569338,8.234721908569338
11.03,10.415796,0.6142037200927728,0.6142037200927728
11.23,19.585596,-8.355596084594726,8.355596084594726
11.74,12.634172,-0.8941724395751951,0.8941724395751951
14.12,23.076702,-8.956702117919923,8.956702117919923
20.13,17.235306,2.8946942138671865,2.8946942138671865
9.7,10.827003,-1.1270025253295906,1.1270025253295906
1.76,7.1424656,-5.382465591430664,5.382465591430664
6.34,9.423439,-3.0834390258789064,3.0834390258789064
22.31,16.006662,6.303337631225585,6.303337631225585
13.6,10.22035,3.37964973449707,3.37964973449707
45.56,30.951513,14.608486709594729,14.608486709594729
18.38,17.471468,0.9085320281982412,0.9085320281982412
5.04,11.214368,-6.174367866516113,6.174367866516113
24.05,20.268011,3.7819889068603523,3.7819889068603523
9.13,17.157455,-8.027455444335937,8.027455444335937
1.19,11.867889,-10.677889404296875,10.677889404296875
16.69,11.707332,4.982668342590333,4.982668342590333
20.43,12.040485,8.389514617919922,8.389514617919922
42.11,20.76263,21.347369537353515,21.347369537353515
5.79,23.401253,-17.611252746582032,17.611252746582032
3.66,9.276671,-5.6166714096069335,5.6166714096069335
6.34,14.464347,-8.124346885681152,8.124346885681152
14.41,12.34998,2.060019645690918,2.060019645690918
13.54,21.487679,-7.947678527832032,7.947678527832032
1.61,10.576607,-8.966606750488282,8.966606750488282
13.25,10.061812,3.188187599182129,3.188187599182129
17.44,26.78079,-9.340790328979491,9.340790328979491
24.8,9.527881,15.272119331359864,15.272119331359864
7.44,19.801157,-12.361156997680663,12.361156997680663
4.7,10.810967,-6.110967445373535,6.110967445373535
7.5,20.765587,-13.265586853027344,13.265586853027344
12.08,12.917863,-0.8378628921508788,0.8378628921508788
4.51,17.972954,-13.462953796386719,13.462953796386719
37.72,42.370857,-4.650857238769532,4.650857238769532
26.61,22.24148,4.368520126342773,4.368520126342773
13.5,28.83133,-15.331329345703125,15.331329345703125
4.7,14.079116,-9.379115867614747,9.379115867614747
51.71,15.607436,36.102563819885255,36.102563819885255
28.62,19.41319,9.206809158325196,9.206809158325196
27.55,26.39818,1.1518199920654304,1.1518199920654304
20.78,20.3336,0.44640090942382926,0.44640090942382926
14.55,11.369252,3.180747795104981,3.180747795104981
28.58,32.355373,-3.775373382568361,3.775373382568361
18.84,30.642735,-11.80273452758789,11.80273452758789
23.1,17.041615,6.058385467529298,6.058385467529298
6.84,8.658958,-1.818958435058594,1.818958435058594
22.48,14.857876,7.622124176025391,7.622124176025391
38.26,19.739143,18.520856628417967,18.520856628417967
14.0,22.016184,-8.016183853149414,8.016183853149414
12.1,11.599725,0.5002752304077145,0.5002752304077145
27.2,12.661307,14.538692665100097,14.538692665100097
39.46,15.948265,23.511734924316407,23.511734924316407
7.03,13.999401,-6.969401092529297,6.969401092529297
45.0,21.94698,23.053020477294922,23.053020477294922
0.3,19.431778,-19.131777954101562,19.131777954101562
11.59,18.381283,-6.7912828063964845,6.7912828063964845
12.9,32.753284,-19.853284454345705,19.853284454345705
18.77,12.985451,5.784549255371093,5.784549255371093
30.39,13.080837,17.30916275024414,17.30916275024414
3.81,8.699406,-4.889405670166015,4.889405670166015
1.11,18.412832,-17.302832260131837,17.302832260131837
12.36,14.413873,-2.0538727188110357,2.0538727188110357
27.43,25.647966,1.7820336151123044,1.7820336151123044
13.03,20.883188,-7.853188247680665,7.853188247680665
8.1,17.688095,-9.588095092773438,9.588095092773438
14.0,18.933887,-4.933887481689453,4.933887481689453
20.21,23.33531,-3.125309982299804,3.125309982299804
44.29,18.272495,26.01750473022461,26.01750473022461
10.41,19.38632,-8.976320114135742,8.976320114135742
15.4,18.935532,-3.535531616210937,3.535531616210937
3.0,21.542591,-18.542591094970703,18.542591094970703
13.46,11.951851,1.5081491088867196,1.5081491088867196
5.36,10.042854,-4.682854309082031,4.682854309082031
31.1,20.284286,10.815713500976564,10.815713500976564
16.71,19.627638,-2.917637863159179,2.917637863159179
23.2,19.288054,3.911946487426757,3.911946487426757
21.58,12.294247,9.285753326416014,9.285753326416014
34.96,19.245275,15.714724502563477,15.714724502563477
19.9,20.132334,-0.23233375549316548,0.23233375549316548
8.38,24.052637,-15.672637100219726,15.672637100219726
9.1,20.553122,-11.453121566772461,11.453121566772461
30.3,19.146551,11.153448867797852,11.153448867797852
62.96,31.445332,31.514668426513673,31.514668426513673
16.53,18.564903,-2.0349032592773426,2.0349032592773426
20.63,18.191133,2.438866500854491,2.438866500854491
22.3,17.286781,5.0132186889648445,5.0132186889648445
6.44,9.730868,-3.290868339538574,3.290868339538574
8.2,15.830694,-7.630694198608399,7.630694198608399
23.26,16.911882,6.348117599487306,6.348117599487306
10.62,18.718876,-8.098875885009766,8.098875885009766
11.84,17.462866,-5.622865829467774,5.622865829467774
7.21,30.182156,-22.97215560913086,22.97215560913086
24.57,20.773106,3.7968943786621097,3.7968943786621097
17.01,20.70389,-3.6938898468017562,3.6938898468017562
8.53,18.661873,-10.131872863769532,10.131872863769532
23.05,21.73259,1.3174102783203132,1.3174102783203132
7.0,17.301003,-10.301002502441406,10.301002502441406
54.2,29.06796,25.13203926086426,25.13203926086426
52.27,34.497856,17.772143859863284,17.772143859863284
34.9,20.454506,14.445494079589842,14.445494079589842
25.49,21.664692,3.8253080749511703,3.8253080749511703
8.6,21.32282,-12.722820663452149,12.722820663452149
22.82,20.89787,1.9221308898925784,1.9221308898925784
32.79,22.53872,10.251280822753905,10.251280822753905
4.31,11.027811,-6.7178110504150395,6.7178110504150395
38.65,19.422838,19.22716178894043,19.22716178894043
9.2,18.851984,-9.651984024047852,9.651984024047852
9.9,24.500612,-14.600612258911132,14.600612258911132
13.54,21.375786,-7.83578582763672,7.83578582763672
2.29,19.500917,-17.210917434692384,17.210917434692384
47.6,35.06471,12.535291290283205,12.535291290283205
42.21,23.242453,18.96754737854004,18.96754737854004
20.9,30.07462,-9.174619293212892,9.174619293212892
41.94,34.643147,7.29685348510742,7.29685348510742
32.17,19.352589,12.817411346435549,12.817411346435549
45.37,28.822687,16.547312850952146,16.547312850952146
21.4,19.660437,1.7395633697509751,1.7395633697509751
4.96,16.275385,-11.3153849029541,11.3153849029541
11.0,11.489422,-0.4894218444824219,0.4894218444824219
15.95,16.021454,-0.07145385742187571,0.07145385742187571
14.04,16.753757,-2.7137574768066415,2.7137574768066415
6.99,12.944816,-5.954815635681152,5.954815635681152
6.7,8.379106,-1.6791055679321287,1.6791055679321287
25.97,25.209404,0.7605960083007801,0.7605960083007801
7.75,17.942577,-10.192577362060547,10.192577362060547
11.8,15.241198,-3.4411975860595696,3.4411975860595696
7.84,9.247731,-1.4077312088012697,1.4077312088012697
21.25,16.75166,4.498340606689453,4.498340606689453
15.91,14.77316,1.1368400192260744,1.1368400192260744
12.73,14.068603,-1.3386025619506832,1.3386025619506832
3.05,23.67803,-20.628030014038085,20.628030014038085
10.3,15.179602,-4.879601669311523,4.879601669311523
9.75,23.322605,-13.57260513305664,13.57260513305664
10.88,12.970274,-2.0902739715576164,2.0902739715576164
16.07,17.020866,-0.9508663940429685,0.9508663940429685
9.0,26.713434,-17.71343421936035,17.71343421936035
2.79,13.539893,-10.74989315032959,10.74989315032959
12.18,8.391635,3.7883650588989255,3.7883650588989255
55.18,51.94164,3.2383610534667966,3.2383610534667966
12.99,17.848295,-4.858295211791992,4.858295211791992
12.01,14.557083,-2.5470831298828127,2.5470831298828127
0.04,16.68933,-16.649329147338868,16.649329147338868
6.17,17.63034,-11.460340576171875,11.460340576171875
16.3,16.98706,-0.6870605468749993,0.6870605468749993
3.5,13.651661,-10.151660919189453,10.151660919189453
39.69,30.264948,9.425052108764646,9.425052108764646
9.58,19.53596,-9.955959243774414,9.955959243774414
43.0,27.94936,15.050640106201172,15.050640106201172
9.91,19.51974,-9.609739151000976,9.609739151000976
1.82,13.596473,-11.77647274017334,11.77647274017334
9.66,14.327291,-4.667290534973144,4.667290534973144
22.2,13.786514,8.413485717773437,8.413485717773437
21.87,12.811373,9.058627243041993,9.058627243041993
35.16,21.968903,13.191097412109372,13.191097412109372
5.5,15.6437235,-10.143723487854004,10.143723487854004
30.26,17.831175,12.428825149536134,12.428825149536134
29.05,27.96435,1.0856502532958991,1.0856502532958991
41.5,32.00079,9.499210357666016,9.499210357666016
9.1,10.675326,-1.5753263473510746,1.5753263473510746
44.98,9.801089,35.1789107131958,35.1789107131958
26.43,22.564486,3.865514450073242,3.865514450073242
19.79,14.9993105,4.790689506530761,4.790689506530761
2.06,13.264469,-11.204469146728515,11.204469146728515
21.1,16.521757,4.578242874145509,4.578242874145509
15.2,15.055888,0.14411182403564382,0.14411182403564382
21.8,22.38706,-0.5870601654052727,0.5870601654052727
39.55,19.670296,19.879704284667966,19.879704284667966
13.6,8.999751,4.600248908996582,4.600248908996582
10.63,11.185666,-0.55566608428955,0.55566608428955
21.66,12.148524,9.511475715637207,9.511475715637207
14.13,12.633786,1.49621379852295,1.49621379852295
14.44,8.934004,5.505996170043945,5.505996170043945
15.47,18.55545,-3.0854504394531244,3.0854504394531244
14.51,11.281842,3.2281577682495115,3.2281577682495115
11.69,11.427372,0.2626280212402339,0.2626280212402339
11.28,14.695833,-3.4158332061767585,3.4158332061767585
6.4,9.184147,-2.7841468811035153,2.7841468811035153
7.61,11.127752,-3.517752304077148,3.517752304077148
8.3,17.5132,-9.213200759887695,9.213200759887695
5.7,10.683935,-4.983935165405273,4.983935165405273
11.63,16.558657,-4.928656692504882,4.928656692504882
24.73,10.934288,13.795711975097657,13.795711975097657
18.75,17.4749,1.2751007080078125,1.2751007080078125
11.38,17.68396,-6.303959960937499,6.303959960937499
22.38,18.471527,3.908472900390624,3.908472900390624
15.14,11.551466,3.588534011840821,3.588534011840821
8.8,9.776268,-0.976268005371093,0.976268005371093
24.69,20.140354,4.549645843505861,4.549645843505861
5.99,15.228968,-9.238967666625976,9.238967666625976
3.14,7.5682983,-4.428298339843749,4.428298339843749
10.3,11.999261,-1.6992609024047844,1.6992609024047844
9.48,17.79894,-8.318940658569336,8.318940658569336
8.5,9.10401,-0.6040096282958984,0.6040096282958984
12.78,12.073935,0.7060654449462884,0.7060654449462884
14.9,18.332502,-3.4325023651123043,3.4325023651123043
9.5,15.92187,-6.421870231628418,6.421870231628418
10.03,13.277337,-3.247337074279786,3.247337074279786
10.8,7.2612033,3.5387967109680183,3.5387967109680183
3.7,16.421906,-12.721905517578126,12.721905517578126
4.9,11.685798,-6.7857976913452145,6.7857976913452145
5.62,8.999751,-3.379751091003418,3.379751091003418
30.91,23.17822,7.731779251098633,7.731779251098633
18.6,11.485679,7.114321327209474,7.114321327209474
18.49,19.003206,-0.5132062530517594,0.5132062530517594
1.3,9.801432,-8.501431655883788,8.501431655883788
2.96,11.88603,-8.926030197143554,8.926030197143554
14.01,12.092307,1.9176929092407224,1.9176929092407224
6.46,12.032933,-5.572933235168457,5.572933235168457
19.08,14.664005,4.415994720458983,4.415994720458983
20.34,14.27458,6.065419998168945,6.065419998168945
18.86,11.951467,6.90853343963623,6.90853343963623
2.76,10.039812,-7.2798120880126955,7.2798120880126955
17.92,14.345868,3.5741318893432634,3.5741318893432634
1.7,6.147568,-4.4475682258605955,4.4475682258605955
23.19,14.129146,9.060854377746583,9.060854377746583
25.03,17.270645,7.759354858398439,7.759354858398439
33.6,15.4307375,18.169262504577638,18.169262504577638
6.35,16.993202,-10.643202209472657,10.643202209472657
20.76,14.684661,6.075339088439943,6.075339088439943
2.5,9.057296,-6.557295799255371,6.557295799255371
11.24,22.266777,-11.026777038574219,11.026777038574219
18.14,20.356762,-2.2167619323730463,2.2167619323730463
2.27,6.192688,-3.92268798828125,3.92268798828125
4.55,11.236812,-6.686811637878418,6.686811637878418
2.48,9.193583,-6.713582534790039,6.713582534790039
13.95,13.432982,0.5170175552368157,0.5170175552368157
50.52,21.620176,28.899823684692386,28.899823684692386
10.87,10.042636,0.827364082336425,0.827364082336425
8.63,12.000342,-3.370342369079589,3.370342369079589
15.65,19.651918,-4.0019184112548825,4.0019184112548825
16.37,12.201308,4.168691749572755,4.168691749572755
10.9,15.23518,-4.3351799011230465,4.3351799011230465
0.02,15.201645,-15.181644897460938,15.181644897460938
12.03,9.810587,2.2194130706787103,2.2194130706787103
1.0,23.034107,-22.034107208251953,22.034107208251953
25.17,19.599642,5.570358200073244,5.570358200073244
4.83,8.432083,-3.6020831298828124,3.6020831298828124
11.24,12.753905,-1.5139052963256834,1.5139052963256834
23.77,19.071089,4.698911209106445,4.698911209106445
13.26,25.377758,-12.117758026123047,12.117758026123047
27.84,20.236181,7.603818740844726,7.603818740844726
13.59,12.1742935,1.4157064819335936,1.4157064819335936
7.95,14.71453,-6.764529991149902,6.764529991149902
14.0,11.423012,2.5769882202148438,2.5769882202148438
14.0,15.211627,-1.2116270065307617,1.2116270065307617
19.03,22.59066,-3.5606600952148426,3.5606600952148426
20.99,14.784069,6.205930938720702,6.205930938720702
5.24,12.935031,-7.695030937194824,7.695030937194824
13.0,18.45098,-5.450979232788086,5.450979232788086
7.5,9.101948,-1.6019477844238281,1.6019477844238281
7.07,18.047155,-10.977155380249023,10.977155380249023
16.3,22.654272,-6.354272079467773,6.354272079467773
13.21,15.509155,-2.299155273437499,2.299155273437499
7.91,8.2361355,-0.3261354827880858,0.3261354827880858
9.21,8.82906,0.3809403991699227,0.3809403991699227
12.47,11.838558,0.6314418029785163,0.6314418029785163
2.72,21.021313,-18.301312713623048,18.301312713623048
7.8,10.716973,-2.9169733047485353,2.9169733047485353
3.09,9.028828,-5.938827667236328,5.938827667236328
52.72,29.530361,23.18963882446289,23.18963882446289
18.2,22.329191,-4.129191207885743,4.129191207885743
53.0,12.582411,40.41758918762207,40.41758918762207
16.88,31.188782,-14.308781738281251,14.308781738281251
42.61,24.518948,18.09105239868164,18.09105239868164
11.93,10.259641,1.670359306335449,1.670359306335449
16.37,15.518873,0.8511267852783213,0.8511267852783213
13.96,11.313166,2.6468343353271493,2.6468343353271493
13.95,11.401333,2.54866714477539,2.54866714477539
11.07,23.114964,-12.04496353149414,12.04496353149414
12.3,13.2685585,-0.9685585021972649,0.9685585021972649
13.6,20.776754,-7.176754379272461,7.176754379272461
6.2,10.78958,-4.589580345153808,4.589580345153808
7.69,9.84386,-2.1538596725463863,2.1538596725463863
2.8,12.935258,-10.135257911682128,10.135257911682128
12.1,17.490314,-5.3903144836425785,5.3903144836425785
37.84,24.57532,13.26468070983887,13.26468070983887
0.15,16.00494,-15.854940032958984,15.854940032958984
29.03,27.965986,1.0640137481689464,1.0640137481689464
46.3,18.933887,27.366112518310544,27.366112518310544
4.32,18.26857,-13.948569946289062,13.948569946289062
42.45,34.297676,8.152323913574222,8.152323913574222
9.6,19.680302,-10.080301666259766,10.080301666259766
16.44,18.872213,-2.4322133636474597,2.4322133636474597
19.3,18.979965,0.3200347900390632,0.3200347900390632
52.17,29.29575,22.87425033569336,22.87425033569336
0.39,15.5406685,-15.150668487548828,15.150668487548828
25.8,14.848742,10.95125846862793,10.95125846862793
6.78,14.257343,-7.477343292236328,7.477343292236328
7.3,17.99233,-10.69233055114746,10.69233055114746
17.2,30.6101,-13.41009979248047,13.41009979248047
9.48,11.024153,-1.5441527557373043,1.5441527557373043
18.5,24.703735,-6.2037353515625,6.2037353515625
35.3,28.384003,6.915997314453122,6.915997314453122
29.24,26.554953,2.6850473785400375,2.6850473785400375
11.91,12.233815,-0.3238151931762694,0.3238151931762694
13.95,26.411139,-12.4611385345459,12.4611385345459
12.65,11.773395,0.8766054153442386,0.8766054153442386
4.7,36.647537,-31.947537231445313,31.947537231445313
1.12,9.643533,-8.523532752990722,8.523532752990722
22.99,18.528957,4.461042633056639,4.461042633056639
39.26,39.517258,-0.2572576904296895,0.2572576904296895
21.95,21.72704,0.22296066284179616,0.22296066284179616
36.32,21.283838,15.036161727905274,15.036161727905274
10.28,21.011581,-10.731581420898438,10.731581420898438
58.76,32.338985,26.421014556884764,26.421014556884764
10.19,19.518206,-9.328205642700196,9.328205642700196
58.87,23.164923,35.7050772857666,35.7050772857666
9.2,15.7937765,-6.593776512145997,6.593776512145997
15.6,32.365547,-16.76554718017578,16.76554718017578
9.6,19.621767,-10.021767044067383,10.021767044067383
9.45,9.672187,-0.22218685150146555,0.22218685150146555
0.5,17.235352,-16.7353515625,16.7353515625
12.35,18.516842,-6.166841888427735,6.166841888427735
5.45,24.43932,-18.989319610595704,18.989319610595704
44.18,24.281801,19.898198776245117,19.898198776245117
33.87,21.526203,12.34379684448242,12.34379684448242
28.51,19.94622,8.563779602050783,8.563779602050783
10.83,17.415117,-6.585117263793945,6.585117263793945
42.08,32.022385,10.05761535644531,10.05761535644531
13.48,20.829746,-7.34974624633789,7.34974624633789
24.46,19.538635,4.921364746093751,4.921364746093751
63.58,24.165033,39.4149666595459,39.4149666595459
22.26,20.84019,1.4198091125488297,1.4198091125488297
22.9,19.819439,3.0805610656738267,3.0805610656738267
9.15,25.964354,-16.81435356140137,16.81435356140137
18.59,18.004894,0.585105743408203,0.585105743408203
23.2,19.87421,3.3257896423339837,3.3257896423339837
4.11,35.1442,-31.03419937133789,31.03419937133789
30.21,24.912178,5.29782196044922,5.29782196044922
15.59,17.107567,-1.517566833496094,1.517566833496094
22.94,21.846968,1.0930323028564466,1.0930323028564466
18.3,22.077608,-3.777608108520507,3.777608108520507
18.71,16.44062,2.2693795776367196,2.2693795776367196
13.95,18.993055,-5.04305534362793,5.04305534362793
42.29,26.737608,15.552392044067382,15.552392044067382
57.08,35.897495,21.182504730224608,21.182504730224608
3.2,21.040894,-17.8408935546875,17.8408935546875
32.56,36.888416,-4.328416290283201,4.328416290283201
1.6,24.531515,-22.93151512145996,22.93151512145996
40.53,31.041948,9.488051681518556,9.488051681518556
6.99,30.774395,-23.78439498901367,23.78439498901367
30.07,35.59226,-5.52225845336914,5.52225845336914
22.7,29.895124,-7.195124435424805,7.195124435424805
12.42,19.087719,-6.667718963623047,6.667718963623047
33.9,25.763662,8.136337661743163,8.136337661743163
29.39,35.061604,-5.671603546142578,5.671603546142578
7.71,12.608938,-4.898938217163086,4.898938217163086
22.3,21.55041,0.7495906829833991,0.7495906829833991
7.6,13.755982,-6.155982398986817,6.155982398986817
2.87,16.041288,-13.171288375854491,13.171288375854491
7.93,16.753757,-8.823757476806641,8.823757476806641
11.35,11.472819,-0.12281932830810582,0.12281932830810582
8.54,11.14141,-2.601409873962403,2.601409873962403
11.4,15.390976,-3.990975952148437,3.990975952148437
44.68,36.19043,8.4895703125,8.4895703125
5.1,9.092174,-3.992173576354981,3.992173576354981
7.3,15.606401,-8.306401443481445,8.306401443481445
33.81,29.764355,4.045645294189455,4.045645294189455
27.49,22.467863,5.022136917114256,5.022136917114256
16.17,14.001925,2.1680745315551775,2.1680745315551775
5.3,12.811373,-7.511372756958008,7.511372756958008
10.3,16.964428,-6.664427947998046,6.664427947998046
8.57,22.892315,-14.322314910888672,14.322314910888672
4.29,13.113141,-8.82314105987549,8.82314105987549
25.02,20.010603,5.009397048950195,5.009397048950195
8.88,10.600252,-1.720252151489257,1.720252151489257
38.49,32.287582,6.2024176025390645,6.2024176025390645
0.1,9.818041,-9.71804084777832,9.71804084777832
13.96,17.212843,-3.252842941284179,3.252842941284179
5.71,8.24427,-2.5342703247070313,2.5342703247070313
7.87,20.484299,-12.614298706054687,12.614298706054687
13.71,15.007891,-1.2978907012939445,1.2978907012939445
20.1,14.938781,5.161219215393068,5.161219215393068
9.9,17.265915,-7.365914916992187,7.365914916992187
6.81,17.67883,-10.868829193115236,10.868829193115236
6.91,13.837747,-6.9277466201782225,6.9277466201782225
0.05,17.932335,-17.882334899902343,17.882334899902343
23.44,16.394243,7.045756759643556,7.045756759643556
14.23,19.475145,-5.24514533996582,5.24514533996582
14.45,20.409313,-5.959313201904298,5.959313201904298
25.16,20.852737,4.307262573242188,4.307262573242188
1.23,17.896727,-16.666726608276367,16.666726608276367
23.43,18.340364,5.089635543823242,5.089635543823242
17.65,28.56021,-10.910209274291994,10.910209274291994
15.7,13.090585,2.6094152450561516,2.6094152450561516
9.6,10.632796,-1.0327962875366214,1.0327962875366214
30.22,15.374927,14.845073432922362,14.845073432922362
20.88,17.120478,3.7595223236083974,3.7595223236083974
46.1,26.224142,19.87585792541504,19.87585792541504
9.02,6.4758058,2.544194240570068,2.544194240570068
0.01,12.31025,-12.300250282287598,12.300250282287598
3.93,11.581311,-7.651311225891114,7.651311225891114
17.3,17.044685,0.25531463623046946,0.25531463623046946
0.02,16.949251,-16.92925117492676,16.92925117492676
22.55,12.288065,10.261935043334962,10.261935043334962
25.43,13.624406,11.80559413909912,11.80559413909912
25.58,17.242666,8.337333755493162,8.337333755493162
3.47,6.68615,-3.2161500740051268,3.2161500740051268
33.89,8.999751,24.890248908996583,24.890248908996583
32.65,21.15097,11.499029541015624,11.499029541015624
10.47,18.516407,-8.046407012939452,8.046407012939452
13.9,21.589363,-7.689363098144531,7.689363098144531
36.46,11.326314,25.133686027526856,25.133686027526856
10.5,15.437965,-4.937965393066406,4.937965393066406
5.8,10.311427,-4.511427116394043,4.511427116394043
16.67,18.170921,-1.500921325683592,1.500921325683592
3.25,7.5682983,-4.31829833984375,4.31829833984375
39.28,17.869324,21.41067626953125,21.41067626953125
27.1,15.17597,11.924029922485353,11.924029922485353
58.8,18.179333,40.6206672668457,40.6206672668457
42.0,21.589363,20.41063690185547,20.41063690185547
20.55,10.423044,10.126955795288087,10.126955795288087
12.59,15.189242,-2.5992423629760744,2.5992423629760744
27.5,13.708714,13.79128646850586,13.79128646850586
5.18,16.703377,-11.523376770019532,11.523376770019532
5.54,12.5347395,-6.99473949432373,6.99473949432373
31.59,22.709797,8.880203094482422,8.880203094482422
4.34,8.840256,-4.500255737304688,4.500255737304688
13.77,17.691021,-3.9210209655761723,3.9210209655761723
38.29,21.064245,17.225754776000976,17.225754776000976
7.52,20.195309,-12.675308685302735,12.675308685302735
46.19,23.124779,23.065221252441404,23.065221252441404
15.34,6.83841,8.501590099334717,8.501590099334717
19.8,11.12068,8.679320144653321,8.679320144653321
19.82,18.579796,1.2402041625976565,1.2402041625976565
14.52,22.666742,-8.146742324829102,8.146742324829102
21.1,12.927269,8.172731018066408,8.172731018066408
22.2,11.465068,10.734932136535644,10.734932136535644
25.9,20.694582,5.205418014526366,5.205418014526366
4.7,9.012455,-4.3124549865722654,4.3124549865722654
50.64,16.975008,33.66499198913574,33.66499198913574
24.39,19.748615,4.641384735107422,4.641384735107422
31.84,17.194405,14.645595397949219,14.645595397949219
27.33,10.978577,16.35142333984375,16.35142333984375
21.0,15.065329,5.934671401977539,5.934671401977539
38.47,16.848467,21.621533126831054,21.621533126831054
6.8,10.368228,-3.5682279586791994,3.5682279586791994
4.7,13.831447,-9.131446647644044,9.131446647644044
21.75,19.353344,2.396656036376953,2.396656036376953
15.47,13.772764,1.6972357940673835,1.6972357940673835
0.84,9.960584,-9.120583686828613,9.120583686828613
19.54,12.218077,7.321923294067382,7.321923294067382
11.1,10.347311,0.7526889801025387,0.7526889801025387
10.5,15.703406,-5.20340633392334,5.20340633392334
4.46,8.373553,-3.9135532760620118,3.9135532760620118
28.04,16.126104,11.9138956451416,11.9138956451416
3.0,14.922516,-11.922515869140625,11.922515869140625
9.17,14.975668,-5.805667953491211,5.805667953491211
1.96,7.33745,-5.37745002746582,5.37745002746582
20.71,11.856549,8.853450736999513,8.853450736999513
18.27,18.759108,-0.4891075897216801,0.4891075897216801
39.31,21.037146,18.27285438537598,18.27285438537598
7.04,9.33427,-2.2942695236206054,2.2942695236206054
6.22,11.005299,-4.785298614501953,4.785298614501953
27.23,19.35151,7.878490905761719,7.878490905761719
13.95,11.657987,2.2920133590698235,2.2920133590698235
22.3,31.358023,-9.058022689819335,9.058022689819335
12.74,12.7549715,-0.014971504211425568,0.014971504211425568
8.2,8.922571,-0.7225711822509773,0.7225711822509773
26.1,21.177519,4.922481155395509,4.922481155395509
5.75,15.7527075,-10.002707481384277,10.002707481384277
7.63,11.165317,-3.5353165817260743,3.5353165817260743
21.66,20.227701,1.432298812866211,1.432298812866211
21.0,14.861248,6.138751983642578,6.138751983642578
13.96,12.584821,1.3751792526245126,1.3751792526245126
39.52,17.816664,21.703336257934573,21.703336257934573
12.7,12.397278,0.3027221679687493,0.3027221679687493
21.17,15.95906,5.210940284729006,5.210940284729006
39.99,16.643557,23.34644340515137,23.34644340515137
8.52,20.906347,-12.386347274780274,12.386347274780274
3.58,10.32509,-6.745090408325195,6.745090408325195
27.86,28.49344,-0.6334406280517584,0.6334406280517584
34.39,16.591644,17.798355712890626,17.798355712890626
32.3,11.332047,20.96795253753662,20.96795253753662
9.6,13.257417,-3.6574167251586918,3.6574167251586918
25.3,14.04078,11.259219932556153,11.259219932556153
2.2,17.005987,-14.8059871673584,14.8059871673584
15.11,13.557486,1.5525144195556635,1.5525144195556635
12.68,28.6156,-15.9356005859375,15.9356005859375
40.34,26.252975,14.087024536132816,14.087024536132816
19.3,22.384981,-3.084981155395507,3.084981155395507
36.97,23.328653,13.64134666442871,13.64134666442871
2.45,17.756289,-15.306288528442384,15.306288528442384
10.5,18.256037,-7.756036758422852,7.756036758422852
15.44,33.400402,-17.9604020690918,17.9604020690918
40.15,23.747862,16.40213813781738,16.40213813781738
57.7,23.33531,34.3646900177002,34.3646900177002
26.3,23.349327,2.950672912597657,2.950672912597657
11.3,19.654522,-8.354521942138671,8.354521942138671
0.1,12.284919,-12.184918785095215,12.184918785095215
4.3,13.053512,-8.75351161956787,8.75351161956787
26.65,21.440275,5.209724807739256,5.209724807739256
15.89,26.013132,-10.123132095336913,10.123132095336913
5.69,25.80506,-20.115059432983397,20.115059432983397
31.8,19.718754,12.081246185302735,12.081246185302735
10.98,12.858174,-1.878174324035644,1.878174324035644
9.33,24.540615,-15.21061508178711,15.21061508178711
14.91,21.85288,-6.942880477905273,6.942880477905273
4.24,9.619487,-5.379486808776855,5.379486808776855
52.04,26.011793,26.02820686340332,26.02820686340332
30.14,20.65001,9.489990844726563,9.489990844726563
1.85,24.710014,-22.860014343261717,22.860014343261717
4.9,29.628185,-24.7281852722168,24.7281852722168
35.78,19.316114,16.46388557434082,16.46388557434082
14.0,24.467031,-10.467031478881836,10.467031478881836
2.4,18.536087,-16.136087036132814,16.136087036132814
9.65,13.816672,-4.166672325134277,4.166672325134277
30.68,26.48752,4.192479782104492,4.192479782104492
31.8,24.061682,7.738318252563477,7.738318252563477
7.52,20.50937,-12.989370803833008,12.989370803833008
23.8,22.644367,1.1556327819824226,1.1556327819824226
17.16,20.87927,-3.719270553588867,3.719270553588867
42.9,20.28655,22.613449478149413,22.613449478149413
60.3,20.457579,39.84242134094238,39.84242134094238
22.35,27.6863,-5.3363002777099595,5.3363002777099595
17.29,16.989063,0.300936737060546,0.300936737060546
45.26,32.815903,12.44409729003906,12.44409729003906
13.95,18.449633,-4.499632644653321,4.499632644653321
4.22,18.813402,-14.593402175903321,14.593402175903321
13.8,19.685926,-5.885926437377929,5.885926437377929
58.82,24.232857,34.58714324951172,34.58714324951172
42.5,21.077887,21.4221134185791,21.4221134185791
10.19,17.440632,-7.250631866455079,7.250631866455079
20.32,21.441742,-1.1217419433593747,1.1217419433593747
13.53,15.110176,-1.580176086425782,1.580176086425782
25.6,21.528313,4.071687316894533,4.071687316894533
20.51,17.53038,2.979619750976564,2.979619750976564
20.36,19.50721,0.8527902221679682,0.8527902221679682
3.28,18.095541,-14.815541000366212,14.815541000366212
12.6,17.125696,-4.525696182250977,4.525696182250977
20.46,21.685015,-1.2250147247314445,1.2250147247314445
23.53,38.695267,-15.165266723632811,15.165266723632811
44.19,21.10705,23.082950057983396,23.082950057983396
60.01,19.951576,40.05842376708984,40.05842376708984
52.72,24.912178,27.807821960449218,27.807821960449218
48.21,31.504332,16.705668411254884,16.705668411254884
18.46,18.993055,-0.5330553436279288,0.5330553436279288
46.33,31.77359,14.556409912109373,14.556409912109373
47.81,36.214073,11.595926818847659,11.595926818847659
14.7,32.256893,-17.556893157958985,17.556893157958985
12.53,12.522738,0.007261543273925142,0.007261543273925142
46.88,24.755169,22.12483108520508,22.12483108520508
12.5,29.942476,-17.442476272583008,17.442476272583008
36.09,19.2573,16.83270057678223,16.83270057678223
23.21,21.387136,1.822863540649415,1.822863540649415
21.0,20.58005,0.4199504852294922,0.4199504852294922
8.73,13.871831,-5.141830940246582,5.141830940246582
11.2,22.75086,-11.5508602142334,11.5508602142334
8.74,31.371233,-22.631232986450193,22.631232986450193
10.0,12.48525,-2.485250473022461,2.485250473022461
15.3,28.369968,-13.06996841430664,13.06996841430664
37.64,32.038948,5.601051940917969,5.601051940917969
6.12,23.138159,-17.018158798217772,17.018158798217772
18.82,14.822504,3.9974959564208987,3.9974959564208987
15.47,20.969603,-5.4996025848388665,5.4996025848388665
10.8,13.017707,-2.217706871032714,2.217706871032714
15.3,27.81915,-12.519150924682616,12.519150924682616
22.2,21.023937,1.1760627746582024,1.1760627746582024
3.54,24.382725,-20.84272476196289,20.84272476196289
8.8,11.710067,-2.9100667953491204,2.9100667953491204
3.35,16.48493,-13.134930038452149,13.134930038452149
12.06,14.848387,-2.7883867645263667,2.7883867645263667
19.9,19.200947,0.6990531921386705,0.6990531921386705
16.72,18.13299,-1.4129898834228527,1.4129898834228527
10.0,14.113809,-4.113808631896973,4.113808631896973
3.56,8.245841,-4.685841026306152,4.685841026306152
11.7,29.829147,-18.129147338867188,18.129147338867188
11.62,11.423643,0.19635688781738203,0.19635688781738203
13.8,13.033265,0.7667348861694343,0.7667348861694343
21.21,16.926636,4.283364257812501,4.283364257812501
15.41,14.189857,1.2201434707641603,1.2201434707641603
13.68,14.049878,-0.36987812042236357,0.36987812042236357
10.75,21.286997,-10.536996841430664,10.536996841430664
20.55,21.609568,-1.0595676422119134,1.0595676422119134
11.89,17.087542,-5.197541580200195,5.197541580200195
16.11,16.096413,0.013587341308593182,0.013587341308593182
9.5,17.1833,-7.683300018310547,7.683300018310547
5.39,12.970274,-7.5802739715576175,7.5802739715576175
6.7,12.63085,-5.930849838256836,5.930849838256836
48.77,29.19535,19.574649353027347,19.574649353027347
4.9,12.185458,-7.285458183288574,7.285458183288574
24.7,32.88109,-8.181088256835938,8.181088256835938
23.53,15.757939,7.772060661315919,7.772060661315919
6.7,15.223009,-8.523009109497071,8.523009109497071
14.24,24.25059,-10.010589370727539,10.010589370727539
10.87,8.488393,2.3816071701049797,2.3816071701049797
8.35,18.34178,-9.991779708862305,9.991779708862305
13.95,17.313623,-3.3636234283447273,3.3636234283447273
10.01,17.363218,-7.353218307495117,7.353218307495117
30.28,30.194841,0.08515861511230582,0.08515861511230582
10.37,17.654667,-7.284666900634766,7.284666900634766
0.4,17.461594,-17.06159362792969,17.06159362792969
4.7,10.5376425,-5.837642478942871,5.837642478942871
16.08,19.182745,-3.1027449798584,3.1027449798584
19.96,13.676724,6.283275566101075,6.283275566101075
19.2,22.334087,-3.1340873718261726,3.1340873718261726
10.5,16.751677,-6.251676559448242,6.251676559448242
21.15,20.238117,0.9118827819824205,0.9118827819824205
18.2,10.338519,7.861480903625488,7.861480903625488
18.06,17.085184,0.9748159027099597,0.9748159027099597
10.6,14.270718,-3.6707176208496097,3.6707176208496097
10.39,17.259212,-6.869212493896484,6.869212493896484
11.37,13.21885,-1.8488501358032234,1.8488501358032234
22.18,23.254807,-1.0748065185546878,1.0748065185546878
9.8,9.999618,-0.19961757659912038,0.19961757659912038
17.41,26.747635,-9.337634887695312,9.337634887695312
20.76,12.462065,8.29793525695801,8.29793525695801
4.68,6.9502244,-2.2702243995666507,2.2702243995666507
4.59,10.119664,-5.529664192199707,5.529664192199707
9.85,18.437563,-8.587562942504883,8.587562942504883
8.3,6.695264,1.6047361373901374,1.6047361373901374
1.52,11.395963,-9.875962715148926,9.875962715148926
8.0,14.225345,-6.225344657897949,6.225344657897949
17.28,23.254807,-5.974806518554686,5.974806518554686
8.8,8.874381,-0.07438106536865163,0.07438106536865163
1.8,17.655289,-15.855288696289062,15.855288696289062
9.33,6.119726,3.2102738189697266,3.2102738189697266
45.84,15.646819,30.193180885314945,30.193180885314945
11.28,7.5682263,3.711773662567138,3.711773662567138
33.88,14.3993635,19.480636482238772,19.480636482238772
3.25,10.277427,-7.027426719665527,7.027426719665527
9.13,10.390701,-1.2607012939453117,1.2607012939453117
7.4,18.49598,-11.095979309082031,11.095979309082031
20.35,18.100689,2.2493110656738295,2.2493110656738295
10.5,12.971893,-2.471893310546875,2.471893310546875
1.82,19.470444,-17.650443725585937,17.650443725585937
13.45,22.882864,-9.432863998413087,9.432863998413087
64.4,17.35256,47.047439956665045,47.047439956665045
7.58,6.68615,0.8938499259948731,0.8938499259948731
8.63,14.89592,-6.265919799804687,6.265919799804687
2.68,15.189242,-12.509242362976075,12.509242362976075
19.9,16.27272,3.627279663085936,3.627279663085936
4.24,12.18166,-7.941659698486328,7.941659698486328
9.05,15.180561,-6.130561065673827,6.130561065673827
29.32,22.410612,6.909387893676758,6.909387893676758
7.54,10.683935,-3.1439351654052734,3.1439351654052734
10.6,12.750873,-2.150872611999512,2.150872611999512
13.99,11.464784,2.525216331481934,2.525216331481934
19.95,18.481571,1.4684288024902337,1.4684288024902337
4.06,8.222882,-4.162882270812989,4.162882270812989
22.4,8.927403,13.472596549987792,13.472596549987792
11.49,8.874912,2.6150877380371096,2.6150877380371096
23.2,9.294941,13.905059051513671,13.905059051513671
6.1,16.695625,-10.595625305175782,10.595625305175782
9.63,9.8336935,-0.2036935043334953,0.2036935043334953
33.23,11.310771,21.91922901153564,21.91922901153564
13.87,16.78788,-2.917879943847657,2.917879943847657
6.83,10.151708,-3.321707649230957,3.321707649230957
23.97,23.511162,0.4588381958007801,0.4588381958007801
4.1,12.797434,-8.697433853149414,8.697433853149414
6.7,14.380744,-7.680743980407715,7.680743980407715
6.1,12.052364,-5.952364349365235,5.952364349365235
0.3,11.867889,-11.567889404296874,11.567889404296874
38.83,10.804776,28.025223808288573,28.025223808288573
6.0,9.392419,-3.39241886138916,3.39241886138916
13.93,12.405128,1.5248724746704099,1.5248724746704099
7.5,7.291747,0.2082529067993164,0.2082529067993164
18.6,18.026949,0.5730510711669936,0.5730510711669936
11.4,13.274906,-1.8749061584472653,1.8749061584472653
20.1,13.091868,7.008131599426271,7.008131599426271
8.03,12.908756,-4.878756256103516,4.878756256103516
9.29,11.75318,-2.4631795501708993,2.4631795501708993
14.5,17.591887,-3.091886520385742,3.091886520385742
6.23,7.332738,-1.1027379226684566,1.1027379226684566
6.55,24.54351,-17.993510437011718,17.993510437011718
15.27,19.511488,-4.24148796081543,4.24148796081543
5.37,10.918751,-5.548750762939453,5.548750762939453
4.92,10.325303,-5.405303077697754,5.405303077697754
46.89,21.595955,25.29404510498047,25.29404510498047
1.8,15.406388,-13.606388282775878,13.606388282775878
18.3,19.63314,-1.333140563964843,1.333140563964843
35.3,13.407462,21.892537879943845,21.892537879943845
14.76,13.033469,1.7265307998657224,1.7265307998657224
10.0,11.171162,-1.1711616516113281,1.1711616516113281
13.7,13.996931,-0.2969310760498054,0.2969310760498054
58.11,25.419275,32.69072471618652,32.69072471618652
6.1,21.817804,-15.717804336547852,15.717804336547852
30.02,19.911694,10.108306427001953,10.108306427001953
9.3,17.151243,-7.8512432098388665,7.8512432098388665
20.48,21.652618,-1.1726184082031246,1.1726184082031246
5.29,10.387717,-5.097717247009277,5.097717247009277
54.53,32.087917,22.44208267211914,22.44208267211914
6.6,21.255638,-14.655638122558594,14.655638122558594
9.7,13.806059,-4.106058883666993,4.106058883666993
6.82,8.814703,-1.9947029876708982,1.9947029876708982
13.7,16.884792,-3.18479232788086,3.18479232788086
8.3,10.636784,-2.336783599853515,2.336783599853515
4.4,11.547579,-7.1475788116455075,7.1475788116455075
37.4,23.686571,13.713428878784178,13.713428878784178
15.25,14.9984665,0.25153350830078125,0.25153350830078125
33.1,25.572807,7.527192687988283,7.527192687988283
49.5,25.449064,24.050935745239258,24.050935745239258
12.32,8.749904,3.5700963211059573,3.5700963211059573
21.6,20.1681,1.4318996429443374,1.4318996429443374
44.34,16.15098,28.189020004272464,28.189020004272464
10.14,8.263977,1.8760229492187506,1.8760229492187506
18.89,23.253988,-4.36398826599121,4.36398826599121
10.6,9.709128,0.8908716201782223,0.8908716201782223
56.54,15.145358,41.394641914367675,41.394641914367675
11.4,22.76248,-11.362479782104492,11.362479782104492
22.3,15.518971,6.781028556823731,6.781028556823731
22.15,30.776814,-8.62681350708008,8.62681350708008
10.27,9.23064,1.0393595886230464,1.0393595886230464
5.79,21.765362,-15.975361785888673,15.975361785888673
12.0,19.183983,-7.183982849121094,7.183982849121094
33.93,18.212019,15.717981033325195,15.717981033325195
9.12,22.4928,-13.372799758911134,13.372799758911134
11.25,13.008083,-1.7580833435058594,1.7580833435058594
53.67,25.472733,28.19726745605469,28.19726745605469
30.3,21.978733,8.32126693725586,8.32126693725586
7.54,9.783945,-2.243945083618164,2.243945083618164
18.7,19.578344,-0.8783443450927741,0.8783443450927741
15.49,18.872213,-3.3822133636474607,3.3822133636474607
52.01,18.259144,33.750856170654295,33.750856170654295
3.53,14.295952,-10.76595184326172,10.76595184326172
28.07,22.580276,5.489723510742188,5.489723510742188
3.48,27.490076,-24.010076065063476,24.010076065063476
39.27,27.231878,12.038121719360355,12.038121719360355
24.61,17.125,7.484999999999999,7.484999999999999
62.32,31.970774,30.349226303100586,30.349226303100586
23.9,19.99068,3.9093193054199205,3.9093193054199205
15.33,21.284739,-5.954738540649414,5.954738540649414
6.2,17.694128,-11.494128036499024,11.494128036499024
22.3,29.089617,-6.789616775512695,6.789616775512695
12.9,15.9052925,-3.0052925109863278,3.0052925109863278
6.98,19.040192,-12.060191650390625,12.060191650390625
11.63,17.981174,-6.35117446899414,6.35117446899414
47.01,25.55523,21.45477081298828,21.45477081298828
21.7,29.231195,-7.531195449829102,7.531195449829102
45.13,44.217213,0.9127873229980494,0.9127873229980494
6.7,16.543303,-9.843302536010743,9.843302536010743
22.58,17.604326,4.975673751831053,4.975673751831053
0.1,22.962645,-22.862644577026366,22.862644577026366
20.28,24.249222,-3.9692218017578114,3.9692218017578114
13.97,16.367737,-2.3977368164062494,2.3977368164062494
23.81,22.49914,1.3108602142333972,1.3108602142333972
48.03,18.823011,29.20698860168457,29.20698860168457
29.3,24.43742,4.862580108642579,4.862580108642579
9.36,25.543644,-16.183643951416016,16.183643951416016
8.85,26.805792,-17.955791854858397,17.955791854858397
7.61,12.149444,-4.539443626403808,4.539443626403808
0.02,12.238966,-12.21896598815918,12.21896598815918
0.79,12.178037,-11.388036689758302,11.388036689758302
9.3,9.605611,-0.3056108474731438,0.3056108474731438
13.95,18.584991,-4.634991455078126,4.634991455078126
21.97,19.608286,2.361714096069335,2.361714096069335
21.03,21.875051,-0.8450514984130848,0.8450514984130848
26.25,27.763565,-1.5135650634765625,1.5135650634765625
0.49,18.589792,-18.099792251586916,18.099792251586916
9.37,26.254772,-16.8847721862793,16.8847721862793
21.67,20.757303,0.9126967620849626,0.9126967620849626
48.23,31.174198,17.05580184936523,17.05580184936523
5.6,23.241737,-17.641737365722655,17.641737365722655
20.66,33.20555,-12.545551147460937,12.545551147460937
14.7,17.335398,-2.6353977203369148,2.6353977203369148
14.0,20.529259,-6.529258728027344,6.529258728027344
2.92,21.868162,-18.948162155151365,18.948162155151365
7.7,20.63837,-12.938370513916016,12.938370513916016
30.11,17.172285,12.937714920043945,12.937714920043945
10.2,23.648376,-13.44837646484375,13.44837646484375
18.91,18.993055,-0.08305534362792955,0.08305534362792955
42.38,17.590492,24.789507751464846,24.789507751464846
39.45,18.50511,20.944890213012698,20.944890213012698
39.77,35.38061,4.389388580322269,4.389388580322269
52.41,38.695267,13.714733276367184,13.714733276367184
18.7,17.888453,0.8115474700927727,0.8115474700927727
61.4,31.782516,29.61748352050781,29.61748352050781
0.6,23.04613,-22.44612922668457,22.44612922668457
15.3,25.663242,-10.36324234008789,10.36324234008789
46.49,37.199505,9.29049514770508,9.29049514770508
61.2,20.753252,40.44674797058106,40.44674797058106
13.4,18.903185,-5.50318489074707,5.50318489074707
10.4,25.223938,-14.82393798828125,14.82393798828125
14.5,27.96283,-13.46282958984375,13.46282958984375
26.48,23.222738,3.2572617340087895,3.2572617340087895
15.25,27.388594,-12.138593673706055,12.138593673706055
35.51,22.110514,13.399486312866209,13.399486312866209
8.2,26.911331,-18.711331176757813,18.711331176757813
7.1,23.50788,-16.407879257202147,16.407879257202147
7.74,21.95924,-14.219239959716797,14.219239959716797
43.66,30.240156,13.419843826293942,13.419843826293942
14.5,32.91639,-18.41638946533203,18.41638946533203
5.75,21.534012,-15.784011840820312,15.784011840820312
9.3,21.484955,-12.184954833984374,12.184954833984374
17.21,32.546616,-15.336615600585937,15.336615600585937
55.19,19.160847,36.02915328979492,36.02915328979492
33.43,20.319103,13.110896759033203,13.110896759033203
12.08,17.457756,-5.377756042480469,5.377756042480469
36.38,19.006271,17.373728637695315,17.373728637695315
45.1,19.210287,25.88971290588379,25.88971290588379
15.94,17.060654,-1.120653686523438,1.120653686523438
9.7,13.448348,-3.748348045349122,3.748348045349122
4.42,21.794355,-17.374355392456053,17.374355392456053
15.93,21.3063,-5.376299209594727,5.376299209594727
0.3,15.830023,-15.530022811889648,15.530022811889648
48.33,17.74449,30.585510330200194,30.585510330200194
10.8,15.883825,-5.083825302124023,5.083825302124023
19.4,23.628359,-4.228358840942384,4.228358840942384
14.98,14.189857,0.7901434707641606,0.7901434707641606
16.44,29.817442,-13.377441940307616,13.377441940307616
3.3,12.748682,-9.448682022094726,9.448682022094726
4.7,9.480839,-4.7808387756347654,4.7808387756347654
11.11,18.561306,-7.45130599975586,7.45130599975586
5.62,11.938444,-6.318444137573242,6.318444137573242
8.93,12.157601,-3.227601356506348,3.227601356506348
33.88,16.593893,17.28610694885254,17.28610694885254
12.36,32.53566,-20.175659790039063,20.175659790039063
16.32,25.901646,-9.58164566040039,9.58164566040039
24.81,19.446226,5.3637738800048815,5.3637738800048815
2.39,20.261383,-17.871383056640624,17.871383056640624
30.23,32.276653,-2.0466532897949214,2.0466532897949214
11.7,16.454258,-4.754257965087891,4.754257965087891
17.4,13.16151,4.238489532470702,4.238489532470702
19.19,24.378378,-5.18837791442871,5.18837791442871
47.64,28.7191,18.920899047851563,18.920899047851563
7.42,14.918258,-7.498257713317871,7.498257713317871
23.41,29.381649,-5.971649017333984,5.971649017333984
25.34,22.249325,3.0906752014160155,3.0906752014160155
7.0,13.336925,-6.3369245529174805,6.3369245529174805
24.16,23.008307,1.1516934967041017,1.1516934967041017
11.03,11.613477,-0.5834767532348639,0.5834767532348639
8.01,13.61915,-5.609150161743164,5.609150161743164
1.55,11.361555,-9.811555099487304,9.811555099487304
6.9,11.808329,-4.908328628540039,4.908328628540039
8.0,16.638977,-8.63897705078125,8.63897705078125
3.58,11.53581,-7.955810470581055,7.955810470581055
30.46,14.896864,15.563136062622071,15.563136062622071
9.9,9.644783,0.2552169799804691,0.2552169799804691
24.44,16.759258,7.680741729736329,7.680741729736329
3.32,21.523203,-18.203202896118164,18.203202896118164
8.08,18.724892,-10.644891662597656,10.644891662597656
5.16,14.575691,-9.415691223144531,9.415691223144531
13.05,12.509121,0.5408790588378913,0.5408790588378913
4.25,7.301466,-3.0514659881591797,3.0514659881591797
25.87,21.608665,4.261334533691407,4.261334533691407
10.95,10.390301,0.5596992492675774,0.5596992492675774
21.43,25.44938,-4.019380874633789,4.019380874633789
18.5,15.434757,3.0652427673339844,3.0652427673339844
13.43,11.951467,1.4785334396362302,1.4785334396362302
1.29,12.942983,-11.65298267364502,11.65298267364502
9.3,12.182479,-2.8824789047241204,2.8824789047241204
37.17,17.432995,19.737005157470705,19.737005157470705
13.1,7.1978126,5.902187442779541,5.902187442779541
49.85,23.475054,26.374946212768556,26.374946212768556
10.2,10.610583,-0.41058330535888743,0.41058330535888743
14.67,19.026064,-4.356063919067383,4.356063919067383
4.27,17.302036,-13.032036285400391,13.032036285400391
27.1,30.265387,-3.165386581420897,3.165386581420897
41.42,15.130337,26.289663238525392,26.289663238525392
34.23,27.630043,6.599956970214841,6.599956970214841
27.62,17.572191,10.04780876159668,10.04780876159668
8.82,7.979886,0.8401139450073245,0.8401139450073245
4.0,9.786054,-5.786053657531738,5.786053657531738
21.42,24.06117,-2.641170578002928,2.641170578002928
3.19,6.147568,-2.9575682258605958,2.9575682258605958
4.28,6.855158,-2.5751578521728513,2.5751578521728513
7.78,17.061356,-9.281355590820311,9.281355590820311
10.49,15.135864,-4.6458642578125,4.6458642578125
6.3,15.765545,-9.465544891357421,9.465544891357421
10.93,9.241216,1.6887842941284177,1.6887842941284177
27.16,21.608665,5.551334533691406,5.551334533691406
7.2,12.782372,-5.58237247467041,5.58237247467041
12.8,22.686045,-9.886044692993163,9.886044692993163
9.29,7.343857,1.9461431884765616,1.9461431884765616
11.1,16.886238,-5.786238098144532,5.786238098144532
30.0,18.397694,11.602306365966797,11.602306365966797
4.88,8.999751,-4.119751091003418,4.119751091003418
5.77,9.945505,-4.1755051422119145,4.1755051422119145
6.95,6.83841,0.11159009933471697,0.11159009933471697
49.89,20.097368,29.792631759643555,29.792631759643555
23.83,22.533422,1.2965775299072249,1.2965775299072249
11.5,10.659974,0.8400259017944336,0.8400259017944336
22.3,17.41781,4.882189559936524,4.882189559936524
3.3,17.776617,-14.476617050170898,14.476617050170898
45.06,28.665287,16.394712982177737,16.394712982177737
23.1,11.952511,11.147489166259767,11.147489166259767
7.37,6.241724,1.1282759857177735,1.1282759857177735
9.38,21.987339,-12.60733901977539,12.60733901977539
4.8,11.186265,-6.386264991760254,6.386264991760254
22.3,11.352492,10.947507667541505,10.947507667541505
18.69,18.416464,0.27353614807129034,0.27353614807129034
22.3,17.71653,4.5834701538085945,4.5834701538085945
16.3,13.364143,2.9358566284179695,2.9358566284179695
1.84,8.934004,-7.094003829956055,7.094003829956055
3.2,9.537215,-6.337215232849121,6.337215232849121
13.33,14.726295,-1.3962954711914062,1.3962954711914062
38.5,10.937607,27.562393188476562,27.562393188476562
11.33,17.349894,-6.019893569946289,6.019893569946289
49.36,21.930128,27.42987190246582,27.42987190246582
62.17,27.832184,34.33781616210938,34.33781616210938
0.02,19.619093,-19.59909294128418,19.59909294128418
65.66,6.119726,59.54027381896972,59.54027381896972
17.11,20.655384,-3.5453840637207037,3.5453840637207037
16.2,15.287108,0.9128915786743157,0.9128915786743157
26.02,18.67744,7.342559356689453,7.342559356689453
54.38,21.036175,33.34382522583008,33.34382522583008
25.96,17.162346,8.797654113769532,8.797654113769532
18.23,12.804365,5.425634841918946,5.425634841918946
16.47,8.449045,8.020954818725585,8.020954818725585
21.21,21.584055,-0.3740549468994132,0.3740549468994132
3.87,7.2845817,-3.414581661224365,3.414581661224365
37.55,13.617065,23.932934570312497,23.932934570312497
46.83,19.648527,27.181472854614256,27.181472854614256
12.89,20.578365,-7.688365325927734,7.688365325927734
12.95,11.875403,1.0745965957641594,1.0745965957641594
11.0,7.976553,3.023447036743164,3.023447036743164
3.67,9.429133,-5.759133415222168,5.759133415222168
54.89,14.71219,40.17781032562256,40.17781032562256
2.76,8.257387,-5.497387161254883,5.497387161254883
23.12,16.912193,6.207806701660157,6.207806701660157
19.49,22.667429,-3.1774289703369156,3.1774289703369156
8.23,12.002972,-3.7729716491699214,3.7729716491699214
7.42,9.342077,-1.9220772552490235,1.9220772552490235
6.72,10.209743,-3.489742546081543,3.489742546081543
1.65,11.938634,-10.288633918762207,10.288633918762207
23.5,10.301958,13.198041915893555,13.198041915893555
45.47,31.774502,13.69549819946289,13.69549819946289
34.19,22.266386,11.923613967895506,11.923613967895506
12.56,21.08914,-8.529139938354492,8.529139938354492
28.23,22.416742,5.813257675170899,5.813257675170899
25.88,14.020578,11.859421615600585,11.859421615600585
0.78,13.716424,-12.936423988342286,12.936423988342286
15.3,13.01958,2.280420112609864,2.280420112609864
19.61,20.505838,-0.8958383941650396,0.8958383941650396
11.63,14.267141,-2.637141342163085,2.637141342163085
15.38,19.613636,-4.233636016845702,4.233636016845702
16.9,18.674528,-1.7745281219482436,1.7745281219482436
26.24,18.262554,7.977445831298827,7.977445831298827
11.0,12.55004,-1.5500402450561523,1.5500402450561523
26.0,33.623646,-7.623645782470703,7.623645782470703
8.16,16.128605,-7.9686048889160155,7.9686048889160155
12.1,23.27329,-11.173290634155274,11.173290634155274
5.78,10.259641,-4.4796406936645505,4.4796406936645505
8.6,16.807844,-8.207844161987305,8.207844161987305
0.98,16.554537,-15.574536819458007,15.574536819458007
3.25,25.710686,-22.46068572998047,22.46068572998047
7.2,16.852257,-9.652256774902344,9.652256774902344
3.27,14.084463,-10.814463119506836,10.814463119506836
53.21,29.064825,24.145174942016602,24.145174942016602
0.57,16.358091,-15.788091354370117,15.788091354370117
4.89,13.134552,-8.244552001953124,8.244552001953124
59.9,12.572339,47.327660942077635,47.327660942077635
7.54,11.953413,-4.413413009643555,4.413413009643555
20.01,19.835865,0.17413497924804844,0.17413497924804844
4.55,19.384005,-14.834004592895507,14.834004592895507
10.96,10.486749,0.4732513046264657,0.4732513046264657
2.55,8.814703,-6.264702987670899,6.264702987670899
35.19,16.178745,19.011254730224607,19.011254730224607
3.92,23.694593,-19.774593429565428,19.774593429565428
22.3,9.892873,12.407127189636231,12.407127189636231
19.12,18.999268,0.120732421875001,0.120732421875001
14.0,17.603691,-3.6036911010742188,3.6036911010742188
16.77,15.05517,1.714829940795898,1.714829940795898
4.47,13.283392,-8.81339195251465,8.81339195251465
21.9,25.732353,-3.83235321044922,3.83235321044922
13.95,14.853386,-0.9033859252929695,0.9033859252929695
13.26,14.731737,-1.4717371368408205,1.4717371368408205
11.36,17.537766,-6.177765502929688,6.177765502929688
13.96,12.507678,1.4523219680786141,1.4523219680786141
59.16,28.888823,30.271177444458004,30.271177444458004
22.3,23.388634,-1.088633728027343,1.088633728027343
18.01,15.618181,2.3918187713623063,2.3918187713623063
29.61,20.879135,8.730864868164062,8.730864868164062
45.12,14.347197,30.772803421020505,30.772803421020505
5.55,20.245665,-14.695664596557616,14.695664596557616
29.19,24.276543,4.9134573364257825,4.9134573364257825
35.29,27.7181,7.571900405883788,7.571900405883788
3.37,9.565952,-6.1959523010253905,6.1959523010253905
33.41,17.42287,15.987129364013668,15.987129364013668
20.2,20.024338,0.1756622314453118,0.1756622314453118
11.78,20.238457,-8.45845672607422,8.45845672607422
23.79,13.847086,9.94291404724121,9.94291404724121
9.1,19.996944,-10.896944427490235,10.896944427490235
29.59,18.230787,11.35921272277832,11.35921272277832
21.16,11.38556,9.774439964294434,9.774439964294434
52.88,15.962022,36.91797817230225,36.91797817230225
6.72,12.701287,-5.981287269592285,5.981287269592285
10.82,19.759665,-8.93966453552246,8.93966453552246
41.91,23.104692,18.80530754089355,18.80530754089355
37.1,27.321287,9.778712844848634,9.778712844848634
7.74,18.3144,-10.574399719238281,10.574399719238281
25.11,20.025417,5.08458267211914,5.08458267211914
47.56,33.18738,14.372618255615237,14.372618255615237
6.63,19.500395,-12.870394821166993,12.870394821166993
22.3,22.961483,-0.6614830017089837,0.6614830017089837
18.35,18.861538,-0.511537933349608,0.511537933349608
22.3,23.110132,-0.8101322174072259,0.8101322174072259
24.2,29.072697,-4.872696685791016,4.872696685791016
12.86,18.543686,-5.683685913085938,5.683685913085938
6.74,10.770342,-4.030341873168945,4.030341873168945
14.0,19.96146,-5.961460113525391,5.961460113525391
2.7,29.346167,-26.646166610717774,26.646166610717774
6.99,16.038174,-9.04817367553711,9.04817367553711
7.2,13.758369,-6.558369445800781,6.558369445800781
14.0,19.676609,-5.676609039306641,5.676609039306641
8.3,19.375929,-11.075928878784179,11.075928878784179
0.1,20.345823,-20.245823287963866,20.245823287963866
16.78,17.107016,-0.3270156097412098,0.3270156097412098
34.9,18.406473,16.49352684020996,16.49352684020996
24.08,27.957167,-3.8771666717529314,3.8771666717529314
21.62,23.136463,-1.5164631652832021,1.5164631652832021
4.51,20.48525,-15.975250473022461,15.975250473022461
3.0,22.934526,-19.934526443481445,19.934526443481445
10.5,19.157701,-8.65770149230957,8.65770149230957
32.56,39.587437,-7.027436676025388,7.027436676025388
33.45,35.256943,-1.8069427490234347,1.8069427490234347
17.6,24.91083,-7.310829544067381,7.310829544067381
33.8,32.059235,1.7407653808593722,1.7407653808593722
14.0,21.847973,-7.847972869873047,7.847972869873047
14.0,31.51297,-17.512969970703125,17.512969970703125
35.4,19.175262,16.224737548828124,16.224737548828124
27.16,33.225727,-6.065727081298828,6.065727081298828
6.82,24.422117,-17.602117233276367,17.602117233276367
7.24,25.48789,-18.24789024353027,18.24789024353027
45.0,38.28972,6.7102813720703125,6.7102813720703125
37.6,25.96123,11.638770675659181,11.638770675659181
23.86,28.96449,-5.10449089050293,5.10449089050293
19.17,20.00895,-0.8389492797851545,0.8389492797851545
14.25,30.941082,-16.691082000732422,16.691082000732422
7.06,28.670576,-21.610576095581056,21.610576095581056
14.0,25.51332,-11.513320922851562,11.513320922851562
9.4,14.272832,-4.872831916809082,4.872831916809082
10.4,11.994151,-1.5941511154174801,1.5941511154174801
10.1,12.851981,-2.7519811630249027,2.7519811630249027
51.24,17.260706,33.979294052124025,33.979294052124025
14.24,17.047945,-2.8079450225830076,2.8079450225830076
38.98,25.105394,13.874605636596677,13.874605636596677
11.14,15.956357,-4.8163570022583,4.8163570022583
11.18,13.648869,-2.468868560791016,2.468868560791016
20.3,19.438501,0.8614986419677741,0.8614986419677741
22.25,20.124245,2.1257553100585938,2.1257553100585938
13.12,14.107324,-0.9873236465454109,0.9873236465454109
28.17,17.412914,10.757085723876955,10.757085723876955
10.72,8.859066,1.8609339904785163,1.8609339904785163
21.34,17.959503,3.380496826171875,3.380496826171875
10.8,10.576322,0.22367839813232493,0.22367839813232493
10.84,11.60468,-0.7646800613403322,0.7646800613403322
9.2,17.896145,-8.69614486694336,8.69614486694336
0.15,12.345653,-12.19565258026123,12.19565258026123
3.43,10.077877,-6.647877044677735,6.647877044677735
4.9,15.177485,-10.277485466003418,10.277485466003418
7.0,9.505251,-2.505250930786133,2.505250930786133
31.09,18.600864,12.48913558959961,12.48913558959961
16.2,11.364468,4.83553237915039,4.83553237915039
6.15,10.357958,-4.20795783996582,4.20795783996582
9.14,19.564554,-10.424554214477538,10.424554214477538
10.89,8.166067,2.7239328765869146,2.7239328765869146
25.0,20.369663,4.630336761474609,4.630336761474609
1.54,6.6826644,-5.142664394378662,5.142664394378662
16.97,18.787725,-1.8177254486083996,1.8177254486083996
21.68,15.06055,6.6194502639770505,6.6194502639770505
22.14,34.02736,-11.887359008789062,11.887359008789062
16.38,13.319413,3.06058681488037,3.06058681488037
24.33,33.549274,-9.21927444458008,9.21927444458008
0.11,6.866252,-6.756251945495605,6.756251945495605
9.1,16.540958,-7.440958404541016,7.440958404541016
12.58,19.880415,-7.300414962768555,7.300414962768555
1.28,11.177135,-9.897135467529298,9.897135467529298
48.34,12.858018,35.48198207855225,35.48198207855225
8.7,13.542715,-4.842715072631837,4.842715072631837
1.4,11.2693405,-9.869340515136718,9.869340515136718
7.68,16.40416,-8.724159545898438,8.724159545898438
14.68,22.777636,-8.09763557434082,8.09763557434082
30.94,21.393036,9.546964111328126,9.546964111328126
10.31,16.776556,-6.466556015014648,6.466556015014648
0.2,14.064767,-13.864766883850098,13.864766883850098
20.3,12.215024,8.0849760055542,8.0849760055542
7.55,21.195627,-13.645627212524413,13.645627212524413
0.3,12.646823,-12.346822929382324,12.346822929382324
17.33,17.584293,-0.25429336547851733,0.25429336547851733
9.0,14.545045,-5.545044898986816,5.545044898986816
11.53,9.776268,1.7537319946289056,1.7537319946289056
4.75,10.949804,-6.199804306030273,6.199804306030273
15.87,15.80962,0.06038009643554609,0.06038009643554609
28.09,21.162115,6.927884902954101,6.927884902954101
6.81,12.239554,-5.429554405212403,5.429554405212403
28.4,17.438831,10.961168670654295,10.961168670654295
13.4,15.47697,-2.076969718933105,2.076969718933105
14.4,9.801717,4.598283195495606,4.598283195495606
45.6,22.33496,23.2650390625,23.2650390625
5.18,6.83841,-1.6584099006652835,1.6584099006652835
21.38,9.051145,12.328855400085448,12.328855400085448
11.6,8.958981,2.6410194396972653,2.6410194396972653
22.3,19.416302,2.883698272705079,2.883698272705079
31.18,21.621555,9.558444671630859,9.558444671630859
22.3,12.379747,9.92025260925293,9.92025260925293
65.3,14.374989,50.925011444091794,50.925011444091794
3.4,9.057296,-5.657295799255371,5.657295799255371
16.48,14.116524,2.363476257324219,2.363476257324219
19.04,23.727806,-4.687806091308595,4.687806091308595
29.4,9.617153,19.78284683227539,19.78284683227539
38.7,13.018259,25.68174095153809,25.68174095153809
6.37,13.146584,-6.776583557128906,6.776583557128906
5.1,15.952848,-10.852848434448243,10.852848434448243
6.55,8.323193,-1.773192596435547,1.773192596435547
5.1,9.238312,-4.138311767578125,4.138311767578125
7.78,22.100065,-14.320065231323241,14.320065231323241
51.15,18.999487,32.150513076782225,32.150513076782225
21.77,16.835163,4.9348368835449214,4.9348368835449214
6.76,26.307552,-19.547552337646486,19.547552337646486
8.38,24.534706,-16.154706115722654,16.154706115722654
14.34,12.736192,1.603808250427246,1.603808250427246
9.97,8.348792,1.6212079238891608,1.6212079238891608
8.1,13.960082,-5.860082054138184,5.860082054138184
7.04,13.559207,-6.519206962585449,6.519206962585449
10.04,10.155525,-0.1155252075195321,0.1155252075195321
20.67,24.76616,-4.096159057617186,4.096159057617186
13.78,16.681719,-2.901718826293946,2.901718826293946
14.97,17.359362,-2.3893616485595697,2.3893616485595697
17.7,10.86208,6.837920379638671,6.837920379638671
10.15,14.088359,-3.938358879089355,3.938358879089355
30.28,16.931118,13.348881988525392,13.348881988525392
32.03,11.132886,20.897114067077638,20.897114067077638
4.9,7.790572,-2.8905721664428707,2.8905721664428707
5.44,28.115005,-22.67500549316406,22.67500549316406
15.59,19.517515,-3.9275151824951173,3.9275151824951173
5.32,8.391212,-3.071212463378906,3.071212463378906
4.81,6.947086,-2.137085857391358,2.137085857391358
0.07,8.285229,-8.215228729248047,8.215228729248047
5.7,8.08379,-2.383789825439453,2.383789825439453
12.63,10.747799,1.8822010803222664,1.8822010803222664
23.15,18.681992,4.468008422851561,4.468008422851561
14.85,11.862941,2.9870592117309567,2.9870592117309567
1.73,8.843319,-7.113318939208984,7.113318939208984
23.16,28.462809,-5.302808609008789,5.302808609008789
41.31,22.205486,19.10451370239258,19.10451370239258
10.69,18.791145,-8.101145324707032,8.101145324707032
10.98,11.769766,-0.7897658538818355,0.7897658538818355
4.71,13.67583,-8.965829887390136,8.965829887390136
5.22,11.535214,-6.315214424133301,6.315214424133301
24.3,21.033197,3.266802597045899,3.266802597045899
0.3,8.330253,-8.030252647399902,8.030252647399902
59.83,32.07369,27.75631149291992,27.75631149291992
5.99,15.82291,-9.83291030883789,9.83291030883789
0.89,8.185109,-7.29510913848877,7.29510913848877
30.3,19.16991,11.130089569091798,11.130089569091798
3.9,22.759554,-18.85955390930176,18.85955390930176
0.2,17.869228,-17.66922836303711,17.66922836303711
6.6,18.448149,-11.848148727416993,11.848148727416993
20.16,19.699013,0.4609872436523439,0.4609872436523439
19.06,16.681936,2.378063735961913,2.378063735961913
40.72,24.10818,16.611820907592772,16.611820907592772
3.66,12.380341,-8.720340576171875,8.720340576171875
0.67,8.185109,-7.51510913848877,7.51510913848877
13.85,13.327277,0.5227228164672848,0.5227228164672848
18.86,14.004744,4.855256423950195,4.855256423950195
0.5,12.659608,-12.159607887268066,12.159607887268066
41.94,21.933758,20.006242218017576,20.006242218017576
12.04,23.946558,-11.906557998657227,11.906557998657227
3.47,14.902294,-11.432294158935546,11.432294158935546
9.33,13.65666,-4.326660079956055,4.326660079956055
28.51,20.700773,7.809226760864259,7.809226760864259
60.39,16.536938,43.853062286376954,43.853062286376954
14.0,17.131205,-3.131204605102539,3.131204605102539
2.8,16.822199,-14.02219886779785,14.02219886779785
26.92,18.771887,8.148113174438478,8.148113174438478
11.99,21.103394,-9.1133935546875,9.1133935546875
29.5,23.203184,6.296815872192383,6.296815872192383
34.91,17.446613,17.46338668823242,17.46338668823242
37.02,23.354612,13.665387649536136,13.665387649536136
10.76,14.037201,-3.277200927734375,3.277200927734375
40.05,17.321419,22.728581237792966,22.728581237792966
10.54,19.488392,-8.948391876220704,8.948391876220704
0.8,8.528578,-7.72857780456543,7.72857780456543
2.5,17.994568,-15.49456787109375,15.49456787109375
9.98,14.173331,-4.193331260681152,4.193331260681152
26.2,18.27534,7.924660873413085,7.924660873413085
7.52,10.503554,-2.9835543441772465,2.9835543441772465
22.3,23.251108,-0.9511081695556634,0.9511081695556634
9.42,8.528578,0.8914221954345702,0.8914221954345702
10.81,9.7749405,1.0350595092773442,1.0350595092773442
38.4,19.48916,18.910839462280272,18.910839462280272
9.83,19.192238,-9.362237854003906,9.362237854003906
10.4,22.793571,-12.393571472167968,12.393571472167968
30.1,22.698513,7.401486968994142,7.401486968994142
0.1,14.556211,-14.456211471557618,14.456211471557618
39.1,20.118172,18.98182830810547,18.98182830810547
8.9,18.656204,-9.756204223632812,9.756204223632812
3.11,20.931932,-17.82193244934082,17.82193244934082
19.47,21.184244,-1.7142441558837902,1.7142441558837902
36.24,20.464819,15.775181045532229,15.775181045532229
8.86,25.212706,-16.352705612182618,16.352705612182618
22.31,17.356306,4.953693923950194,4.953693923950194
24.04,34.142506,-10.102505645751954,10.102505645751954
45.51,28.120872,17.389127502441404,17.389127502441404
8.84,20.297804,-11.45780387878418,11.45780387878418
11.04,18.742872,-7.7028722381591805,7.7028722381591805
24.1,21.082834,3.0171657562255874,3.0171657562255874
6.5,19.676609,-13.17660903930664,13.17660903930664
28.0,20.10363,7.896369934082031,7.896369934082031
20.82,29.007233,-8.187232666015625,8.187232666015625
33.43,27.379128,6.0508724975585935,6.0508724975585935
9.31,19.630985,-10.320985260009765,10.320985260009765
25.51,20.724707,4.785293350219728,4.785293350219728
5.08,21.167738,-16.08773796081543,16.08773796081543
0.23,17.407866,-17.17786552429199,17.17786552429199
20.0,31.82977,-11.829769134521484,11.829769134521484
20.3,11.961005,8.338994789123536,8.338994789123536
5.4,10.701552,-5.301552391052246,5.301552391052246
18.62,17.188957,1.4310427856445322,1.4310427856445322
19.78,19.08153,0.6984703826904308,0.6984703826904308
8.7,11.05902,-2.3590200424194343,2.3590200424194343
14.0,20.432693,-6.4326934814453125,6.4326934814453125
20.9,20.26349,0.6365093231201158,0.6365093231201158
13.96,26.431965,-12.471964874267577,12.471964874267577
15.98,20.15867,-4.178670425415039,4.178670425415039
53.25,26.708155,26.541845321655273,26.541845321655273
30.15,27.341158,2.8088420867919908,2.8088420867919908
34.0,23.498745,10.50125503540039,10.50125503540039
15.79,29.3895,-13.599499664306641,13.599499664306641
9.3,20.635635,-11.335635375976562,11.335635375976562
33.5,31.498602,2.0013980865478516,2.0013980865478516
22.8,24.900839,-2.1008388519287102,2.1008388519287102
22.3,15.462951,6.837049293518067,6.837049293518067
26.43,22.28547,4.1445309448242185,4.1445309448242185
4.16,22.163717,-18.00371726989746,18.00371726989746
1.47,19.794403,-18.324403076171876,18.324403076171876
39.1,29.998238,9.10176239013672,9.10176239013672
15.88,19.930964,-4.050963516235351,4.050963516235351
13.11,14.1076765,-0.997676506042481,0.997676506042481
20.7,35.008717,-14.308716583251954,14.308716583251954
6.59,12.533575,-5.943575057983399,5.943575057983399
23.1,36.47228,-13.372278594970702,13.372278594970702
3.83,14.915187,-11.085186882019043,11.085186882019043
16.73,29.780563,-13.050563354492187,13.050563354492187
10.85,11.489422,-0.6394218444824222,0.6394218444824222
14.21,16.753757,-2.5437574768066398,2.5437574768066398
15.7,14.068451,1.6315490722656243,1.6315490722656243
21.15,17.257265,3.8927349090576158,3.8927349090576158
22.3,15.5174,6.782600212097169,6.782600212097169
29.15,19.882816,9.267183685302733,9.267183685302733
58.56,50.839237,7.720762786865237,7.720762786865237
16.61,17.445856,-0.8358560943603521,0.8358560943603521
22.48,18.537369,3.942631225585938,3.942631225585938
10.4,17.354149,-6.954148864746093,6.954148864746093
17.81,15.518777,2.291223106384276,2.291223106384276
12.13,14.224131,-2.0941306304931633,2.0941306304931633
5.7,12.893826,-7.193825531005859,7.193825531005859
31.96,33.04418,-1.084181823730468,1.084181823730468
3.12,32.08848,-28.96848190307617,28.96848190307617
23.94,16.023846,7.916154327392579,7.916154327392579
20.0,15.525455,4.474544525146484,4.474544525146484
22.34,31.560047,-9.220047149658203,9.220047149658203
5.2,12.822708,-7.622708129882812,7.622708129882812
24.1,17.295782,6.804217910766603,6.804217910766603
10.73,8.730648,1.999351959228516,1.999351959228516
7.69,8.74121,-1.0512099838256832,1.0512099838256832
16.9,18.108948,-1.2089477539062514,1.2089477539062514
9.16,11.657948,-2.497947540283203,2.497947540283203
48.6,19.654203,28.94579658508301,28.94579658508301
0.09,15.278104,-15.188103828430176,15.188103828430176
31.1,13.391241,17.708758926391603,17.708758926391603
9.54,15.106153,-5.566152534484864,5.566152534484864
14.9,16.905876,-2.0058761596679684,2.0058761596679684
38.7,13.948353,24.7516471862793,24.7516471862793
6.18,14.324451,-8.144451446533203,8.144451446533203
14.36,18.748638,-4.388638153076172,4.388638153076172
9.6,9.89878,-0.2987798690795902,0.2987798690795902
9.1,15.376334,-6.276334190368653,6.276334190368653
39.65,18.895164,20.754835510253905,20.754835510253905
17.84,11.969281,5.870718803405762,5.870718803405762
32.67,8.957899,23.712100906372072,23.712100906372072
21.82,16.43195,5.388050384521485,5.388050384521485
9.05,15.320167,-6.270166587829589,6.270166587829589
22.36,17.549095,4.810904846191406,4.810904846191406
29.7,12.1967325,17.50326747894287,17.50326747894287
13.94,18.790472,-4.850472030639649,4.850472030639649
5.6,11.831952,-6.231952095031739,6.231952095031739
9.05,6.4758058,2.574194240570069,2.574194240570069
10.48,25.535242,-15.055242080688476,15.055242080688476
17.08,10.502,6.578000144958494,6.578000144958494
11.86,7.0823255,4.777674541473388,4.777674541473388
14.0,15.7462435,-1.7462434768676758,1.7462434768676758
34.7,16.77598,17.924020004272464,17.924020004272464
6.3,16.87037,-10.570370864868163,10.570370864868163
13.07,10.445884,2.624116249084473,2.624116249084473
5.09,9.522882,-4.432882461547852,4.432882461547852
14.2,10.8866205,3.313379478454589,3.313379478454589
10.44,19.501904,-9.061903533935547,9.061903533935547
9.3,7.3015914,1.9984086036682136,1.9984086036682136
12.34,13.042467,-0.7024671173095705,0.7024671173095705
12.73,13.509231,-0.7792306137084957,0.7792306137084957
6.26,9.141515,-2.8815147781372072,2.8815147781372072
29.44,13.27224,16.167760314941408,16.167760314941408
19.19,18.513601,0.6763986968994153,0.6763986968994153
1.15,11.921999,-10.771998977661132,10.771998977661132
31.85,13.991113,17.85888729095459,17.85888729095459
29.9,14.823692,15.076307678222655,15.076307678222655
5.57,9.854884,-4.284884147644043,4.284884147644043
9.08,11.934424,-2.8544244003295898,2.8544244003295898
11.59,17.84777,-6.257770690917969,6.257770690917969
41.37,27.569143,13.800856704711912,13.800856704711912
2.95,7.5682983,-4.61829833984375,4.61829833984375
0.1,9.138365,-9.038364791870118,9.038364791870118
33.12,16.294144,16.825856323242185,16.825856323242185
16.35,9.908713,6.441286659240724,6.441286659240724
22.14,18.420637,3.719362869262696,3.719362869262696
3.0,12.6448765,-9.644876480102539,9.644876480102539
16.6,20.87825,-4.278250122070311,4.278250122070311
7.6,16.424952,-8.824951553344727,8.824951553344727
9.47,9.593796,-0.12379577636718686,0.12379577636718686
9.0,6.119726,2.8802738189697266,2.8802738189697266
7.76,8.222882,-0.4628822708129885,0.4628822708129885
8.35,17.54383,-9.193830871582032,9.193830871582032
39.56,24.586084,14.973915634155276,14.973915634155276
36.17,28.254341,7.9156588745117205,7.9156588745117205
12.15,8.116176,4.033824348449707,4.033824348449707
1.5,13.29281,-11.792810440063477,11.792810440063477
15.95,17.532942,-1.5829418182373054,1.5829418182373054
16.7,15.961771,0.7382289886474602,0.7382289886474602
4.84,12.902702,-8.062702331542969,8.062702331542969
20.9,12.343363,8.55663719177246,8.55663719177246
21.71,30.9835,-9.273499526977538,9.273499526977538
23.59,23.02001,0.5699900054931639,0.5699900054931639
19.51,20.679546,-1.1695463562011703,1.1695463562011703
22.36,13.126567,9.233433113098144,9.233433113098144
3.8,8.315049,-4.515049171447754,4.515049171447754
9.68,11.062905,-1.382905311584473,1.382905311584473
6.98,10.46576,-3.485760231018066,3.485760231018066
12.36,11.844341,0.5156587219238276,0.5156587219238276
20.76,11.801715,8.95828510284424,8.95828510284424
28.23,20.645975,7.584024887084961,7.584024887084961
27.65,27.64576,0.004240417480467329,0.004240417480467329
6.28,12.142966,-5.862966270446777,5.862966270446777
9.81,19.324596,-9.514596405029296,9.514596405029296
27.42,23.110216,4.309783859252931,4.309783859252931
2.54,12.753905,-10.213905296325684,10.213905296325684
12.01,7.9039445,4.106055507659912,4.106055507659912
3.65,19.81155,-16.16155014038086,16.16155014038086
40.18,22.764578,17.415422134399414,17.415422134399414
9.4,8.629297,0.7707027435302738,0.7707027435302738
15.76,13.068275,2.6917245483398435,2.6917245483398435
17.6,19.704832,-2.1048320770263658,2.1048320770263658
1.38,12.817047,-11.437047119140626,11.437047119140626
11.7,21.543959,-9.84395866394043,9.84395866394043
35.12,25.123913,9.9960871887207,9.9960871887207
23.2,10.879236,12.320763778686523,12.320763778686523
17.72,17.723545,-0.003545074462891762,0.003545074462891762
14.35,17.088634,-2.7386344909667972,2.7386344909667972
19.69,15.856387,3.833612861633302,3.833612861633302
36.47,18.470713,17.999287338256835,17.999287338256835
5.2,22.654272,-17.454272079467774,17.454272079467774
1.94,13.112833,-11.17283302307129,11.17283302307129
35.3,16.667788,18.632212448120114,18.632212448120114
8.8,17.225431,-8.425431442260741,8.425431442260741
0.3,28.757524,-28.457524490356445,28.457524490356445
27.8,23.253988,4.54601173400879,4.54601173400879
1.17,8.153064,-6.983063774108887,6.983063774108887
33.6,20.663177,12.936822509765626,12.936822509765626
28.25,32.585804,-4.335803985595703,4.335803985595703
11.56,21.3071,-9.747100296020507,9.747100296020507
16.59,9.927556,6.662443962097168,6.662443962097168
18.12,19.912632,-1.7926319885253896,1.7926319885253896
0.79,12.928691,-12.138690910339356,12.138690910339356
29.72,18.380352,11.339647979736327,11.339647979736327
16.43,15.453811,0.9761893081665036,0.9761893081665036
9.65,18.437763,-8.787763214111328,8.787763214111328
13.89,13.712942,0.17705787658691463,0.17705787658691463
1.63,12.738302,-11.108302230834962,11.108302230834962
1.12,10.751772,-9.631771926879882,9.631771926879882
8.8,11.968952,-3.1689521789550774,3.1689521789550774
25.4,14.033319,11.366680526733397,11.366680526733397
12.7,14.751367,-2.051366615295411,2.051366615295411
0.32,18.514221,-18.19422119140625,18.19422119140625
41.04,17.966621,23.073378601074218,23.073378601074218
16.05,15.049209,1.0007913589477546,1.0007913589477546
1.62,13.605743,-11.985743408203124,11.985743408203124
9.9,11.392085,-1.4920850753784176,1.4920850753784176
21.8,19.291502,2.5084980010986335,2.5084980010986335
1.66,10.223117,-8.563116874694824,8.563116874694824
11.59,20.24664,-8.656639251708985,8.656639251708985
4.16,18.502247,-14.342246856689453,14.342246856689453
51.01,27.35782,23.65217948913574,23.65217948913574
6.3,19.093857,-12.793856811523437,12.793856811523437
20.34,18.708403,1.6315973663330077,1.6315973663330077
16.26,14.173331,2.086668739318849,2.086668739318849
0.28,8.593773,-8.313772888183594,8.313772888183594
33.0,11.642401,21.35759925842285,21.35759925842285
25.21,22.667667,2.5423326110839852,2.5423326110839852
3.96,8.701563,-4.741562881469727,4.741562881469727
40.0,27.26246,12.737539291381836,12.737539291381836
29.93,20.726336,9.203664474487304,9.203664474487304
18.7,19.62596,-0.9259593963623054,0.9259593963623054
10.0,16.984186,-6.984186172485352,6.984186172485352
51.79,29.65732,22.13267997741699,22.13267997741699
4.81,20.856754,-16.046754302978517,16.046754302978517
8.85,25.274897,-16.4248966217041,16.4248966217041
26.62,27.764515,-1.1445149230957021,1.1445149230957021
13.8,22.879948,-9.079947662353515,9.079947662353515
7.28,20.59694,-13.316939086914061,13.316939086914061
13.95,26.603973,-12.653973388671876,12.653973388671876
33.26,41.668583,-8.408582916259768,8.408582916259768
32.4,31.695375,0.7046245574951158,0.7046245574951158
23.26,17.246471,6.013528594970705,6.013528594970705
23.73,23.045702,0.6842980194091801,0.6842980194091801
42.86,28.84679,14.013209686279296,14.013209686279296
7.13,24.956215,-17.826214904785157,17.826214904785157
22.3,24.596144,-2.296143722534179,2.296143722534179
28.0,26.101055,1.8989448547363281,1.8989448547363281
21.46,18.322252,3.1377477264404305,3.1377477264404305
11.85,9.672187,2.177813148498535,2.177813148498535
20.61,21.820889,-1.21088851928711,1.21088851928711
12.75,16.710842,-3.9608421325683594,3.9608421325683594
14.0,19.723982,-5.723981857299805,5.723981857299805
32.86,30.21514,2.6448606109619135,2.6448606109619135
43.85,24.232332,19.617667770385744,19.617667770385744
40.63,20.82836,19.801640396118167,19.801640396118167
45.69,11.588912,34.10108798980713,34.10108798980713
22.3,16.92856,5.371439743041993,5.371439743041993
0.58,16.920986,-16.34098617553711,16.34098617553711
22.09,17.303568,4.786432113647461,4.786432113647461
12.4,18.48269,-6.082690811157226,6.082690811157226
41.79,32.766766,9.023234405517577,9.023234405517577
20.74,16.918722,3.8212778472900375,3.8212778472900375
8.8,31.406462,-22.60646171569824,22.60646171569824
12.94,17.252172,-4.312172470092774,4.312172470092774
19.11,18.933874,0.176125869750976,0.176125869750976
6.5,20.89028,-14.390279769897461,14.390279769897461
10.77,22.346025,-11.576025466918946,11.576025466918946
28.54,18.220455,10.319544830322265,10.319544830322265
19.89,21.031055,-1.1410554504394526,1.1410554504394526
10.9,10.701552,0.19844760894775426,0.19844760894775426
22.9,19.327747,3.5722526550292955,3.5722526550292955
11.89,17.875242,-5.985242233276367,5.985242233276367
52.21,34.46541,17.74459167480469,17.74459167480469
10.7,26.676878,-15.976877975463868,15.976877975463868
2.62,16.435823,-13.815823440551757,13.815823440551757
12.64,12.93954,-0.2995399093627924,0.2995399093627924
3.18,25.459476,-22.279476470947266,22.279476470947266
8.75,13.485813,-4.735813140869141,4.735813140869141
42.04,35.65332,6.386679687499999,6.386679687499999
45.22,35.16876,10.051241607666014,10.051241607666014
21.81,19.345663,2.464336929321288,2.464336929321288
22.3,21.230429,1.0695713043212898,1.0695713043212898
4.63,16.246012,-11.61601173400879,11.61601173400879
11.56,18.18596,-6.62596076965332,6.62596076965332
4.4,15.241198,-10.84119758605957,10.84119758605957
12.44,13.085791,-0.6457906341552739,0.6457906341552739
17.61,16.567225,1.0427754974365229,1.0427754974365229
5.44,13.480788,-8.040788230895995,8.040788230895995
18.24,20.23164,-1.9916398620605484,1.9916398620605484
27.76,22.467863,5.292136917114259,5.292136917114259
16.11,14.084458,2.0255416488647455,2.0255416488647455
25.49,19.36572,6.124279251098631,6.124279251098631
4.58,9.646935,-5.06693546295166,5.06693546295166
4.78,14.819569,-10.039568634033202,10.039568634033202
13.18,16.884977,-3.7049773406982425,3.7049773406982425
26.72,18.63304,8.086960525512694,8.086960525512694
10.77,13.288706,-2.5187058258056645,2.5187058258056645
23.87,32.437016,-8.567015533447265,8.567015533447265
7.1,13.194117,-6.094116592407227,6.094116592407227
13.95,17.313623,-3.3636234283447273,3.3636234283447273
15.81,17.139618,-1.3296179199218745,1.3296179199218745
6.89,12.184174,-5.294173583984375,5.294173583984375
22.3,16.81591,5.484089660644532,5.484089660644532
6.1,8.802762,-2.702762031555176,2.702762031555176
22.3,12.404178,9.895822334289551,9.895822334289551
3.4,13.42135,-10.02134952545166,10.02134952545166
14.28,20.9531,-6.673100204467774,6.673100204467774
21.02,17.14097,3.8790297698974605,3.8790297698974605
9.37,14.345872,-4.975871925354005,4.975871925354005
20.63,17.404566,3.2254341888427724,3.2254341888427724
11.31,10.176169,1.1338306045532232,1.1338306045532232
6.3,9.923759,-3.623759460449219,3.623759460449219
9.7,10.105879,-0.4058788299560554,0.4058788299560554
19.2,15.055888,4.144111824035644,4.144111824035644
30.95,11.818913,19.131086540222167,19.131086540222167
6.8,17.00008,-10.200080108642577,10.200080108642577
1.5,14.522118,-13.022117614746094,13.022117614746094
2.83,13.884084,-11.05408374786377,11.05408374786377
10.04,25.66419,-15.6241902923584,15.6241902923584
6.6,16.683674,-10.083673858642578,10.083673858642578
12.93,11.464478,1.4655224609374997,1.4655224609374997
14.28,16.244833,-1.9648329925537116,1.9648329925537116
4.17,7.9996686,-3.829668598175049,3.829668598175049
8.4,14.427961,-6.027961349487304,6.027961349487304
10.1,13.167457,-3.06745662689209,3.06745662689209
18.03,16.373344,1.6566555786132824,1.6566555786132824
6.26,8.130452,-1.8704521560668947,1.8704521560668947
16.29,16.141436,0.14856437683105383,0.14856437683105383
18.54,16.211262,2.328738250732421,2.328738250732421
5.0,9.749356,-4.749356269836426,4.749356269836426
56.22,21.589363,34.63063690185547,34.63063690185547
12.27,10.142947,2.1270528030395504,2.1270528030395504
7.23,11.253289,-4.023289222717285,4.023289222717285
6.51,10.242217,-3.732217063903809,3.732217063903809
6.02,9.078799,-3.0587992477416996,3.0587992477416996
19.32,21.589363,-2.269363098144531,2.269363098144531
12.29,10.093627,2.1963730239868156,2.1963730239868156
7.17,14.892477,-7.722477035522461,7.722477035522461
26.91,23.301428,3.6085721588134767,3.6085721588134767
11.83,9.317443,2.5125571060180665,2.5125571060180665
18.77,18.587389,0.18261100769042926,0.18261100769042926
12.69,9.046205,3.643795433044433,3.643795433044433
48.99,34.01952,14.970480194091799,14.970480194091799
32.78,22.84489,9.93510940551758,9.93510940551758
9.8,16.577805,-6.777804565429687,6.777804565429687
16.07,17.031876,-0.9618756103515622,0.9618756103515622
0.07,9.635704,-9.565704040527343,9.565704040527343
0.04,8.900956,-8.86095615386963,8.86095615386963
6.65,14.599949,-7.94994888305664,7.94994888305664
3.35,7.5682983,-4.21829833984375,4.21829833984375
12.38,14.147942,-1.767941589355468,1.767941589355468
0.24,9.074333,-8.834333190917969,8.834333190917969
4.1,11.993645,-7.893644714355469,7.893644714355469
3.32,11.493799,-8.173799209594726,8.173799209594726
8.08,12.982146,-4.9021462631225585,4.9021462631225585
20.54,15.402699,5.13730052947998,5.13730052947998
14.43,19.813799,-5.383798904418946,5.383798904418946
8.9,8.789295,0.11070480346679723,0.11070480346679723
27.04,13.441895,13.59810546875,13.59810546875
11.54,27.514395,-15.974394760131837,15.974394760131837
9.44,10.678379,-1.2383790588378911,1.2383790588378911
17.3,9.508531,7.791469383239747,7.791469383239747
8.1,12.894446,-4.79444637298584,4.79444637298584
16.2,17.068913,-0.8689125061035163,0.8689125061035163
3.69,23.077345,-19.38734489440918,19.38734489440918
4.04,7.2501364,-3.210136375427246,3.210136375427246
41.0,14.475946,26.5240535736084,26.5240535736084
17.99,16.625065,1.3649351501464828,1.3649351501464828
22.25,14.828146,7.421854019165039,7.421854019165039
19.56,10.294526,9.265473899841307,9.265473899841307
26.67,22.651646,4.018354339599611,4.018354339599611
3.28,12.797434,-9.517433853149415,9.517433853149415
3.59,9.083725,-5.493724975585938,5.493724975585938
9.67,12.140077,-2.4700766372680665,2.4700766372680665
25.0,11.685798,13.314202308654785,13.314202308654785
57.29,18.389826,38.90017417907715,38.90017417907715
14.14,17.319546,-3.179545745849609,3.179545745849609
5.35,12.056114,-6.706114196777344,6.706114196777344
14.3,9.357558,4.942441749572755,4.942441749572755
20.72,16.729122,3.9908778381347645,3.9908778381347645
14.29,24.975727,-10.685727081298829,10.685727081298829
18.07,22.602146,-4.53214614868164,4.53214614868164
0.56,6.8081484,-6.248148384094238,6.248148384094238
19.83,12.589003,7.240997390747069,7.240997390747069
0.58,10.223721,-9.64372055053711,9.64372055053711
11.23,11.652008,-0.4220080566406246,0.4220080566406246
14.99,9.607862,5.3821375274658205,5.3821375274658205
22.58,22.780176,-0.20017616271972827,0.20017616271972827
7.0,20.951864,-13.951864242553711,13.951864242553711
17.5,10.562393,6.9376068115234375,6.9376068115234375
7.57,8.406792,-0.8367916870117185,0.8367916870117185
15.36,12.28603,3.0739701843261713,3.0739701843261713
0.78,51.146584,-50.366583557128905,50.366583557128905
20.82,14.412354,6.407645530700684,6.407645530700684
1.2,14.055289,-12.855289268493653,12.855289268493653
7.61,6.742685,0.8673151588439945,0.8673151588439945
0.87,16.16906,-15.29905975341797,15.29905975341797
11.21,11.736116,-0.526116409301757,0.526116409301757
72.28,49.66893,22.611069946289064,22.611069946289064
2.7,12.317445,-9.617444801330567,9.617444801330567
32.14,20.562714,11.577286376953126,11.577286376953126
50.67,23.210005,27.459995193481447,27.459995193481447
15.09,13.114874,1.9751261138916014,1.9751261138916014
21.41,19.028372,2.381628189086914,2.381628189086914
9.1,10.529726,-1.4297260284423832,1.4297260284423832
9.94,13.428308,-3.4883075332641607,3.4883075332641607
16.75,12.548554,4.201445579528809,4.201445579528809
44.37,25.19402,19.175980682373044,19.175980682373044
3.05,7.756382,-4.706381988525391,4.706381988525391
2.87,13.719789,-10.849788551330565,10.849788551330565
10.95,20.231115,-9.281115341186524,9.281115341186524
2.8,9.864782,-7.064782333374024,7.064782333374024
22.3,8.448246,13.851753997802735,13.851753997802735
0.02,8.209521,-8.189521293640137,8.189521293640137
19.12,16.977686,2.1423140716552744,2.1423140716552744
17.35,17.911007,-0.561006927490233,0.561006927490233
12.0,20.416143,-8.416143417358398,8.416143417358398
8.86,15.089148,-6.229147567749024,6.229147567749024
25.6,19.651781,5.948218917846681,5.948218917846681
3.32,14.779393,-11.459393196105957,11.459393196105957
10.93,12.679317,-1.7493174743652347,1.7493174743652347
46.81,24.295998,22.514002380371096,22.514002380371096
8.6,11.676788,-3.0767883300781254,3.0767883300781254
14.0,15.687682,-1.6876821517944336,1.6876821517944336
24.59,25.503597,-0.9135972595214845,0.9135972595214845
62.32,25.85015,36.469850845336914,36.469850845336914
2.9,16.656487,-13.756486511230468,13.756486511230468
29.9,24.543087,5.356912994384764,5.356912994384764
6.5,11.966232,-5.4662322998046875,5.4662322998046875
9.93,12.036552,-2.106552429199219,2.106552429199219
19.5,13.916005,5.5839948654174805,5.5839948654174805
50.6,65.17518,-14.57517852783203,14.57517852783203
13.95,13.697384,0.2526161193847649,0.2526161193847649
11.5,14.63093,-3.130929946899414,3.130929946899414
23.74,20.215874,3.5241262817382797,3.5241262817382797
56.97,27.819963,29.150036544799804,29.150036544799804
8.71,24.281878,-15.571877517700194,15.571877517700194
8.26,9.91847,-1.65847038269043,1.65847038269043
24.89,18.714108,6.175892486572266,6.175892486572266
6.2,17.75266,-11.552660751342774,11.552660751342774
20.77,14.712435,6.057565231323242,6.057565231323242
37.17,21.848892,15.32110778808594,15.32110778808594
18.31,27.700556,-9.390555801391603,9.390555801391603
10.21,9.350867,0.859132728576661,0.859132728576661
20.76,15.278708,5.481291542053224,5.481291542053224
57.65,25.743786,31.9062141418457,31.9062141418457
9.79,13.150037,-3.360036811828614,3.360036811828614
7.0,19.572844,-12.572843551635742,12.572843551635742
13.72,19.83959,-6.119590072631835,6.119590072631835
22.3,18.421574,3.878426361083985,3.878426361083985
4.07,9.111295,-5.0412947463989255,5.0412947463989255
15.84,21.794706,-5.954706344604492,5.954706344604492
19.39,21.018415,-1.6284154510498041,1.6284154510498041
3.8,17.802006,-14.002005767822265,14.002005767822265
5.04,17.730196,-12.690195999145509,12.690195999145509
17.96,10.983491,6.9765090560913094,6.9765090560913094
0.11,12.505868,-12.395867958068848,12.395867958068848
36.88,28.829483,8.05051696777344,8.05051696777344
20.72,19.79482,0.9251792144775379,0.9251792144775379
10.27,21.858522,-11.588522415161133,11.588522415161133
6.23,16.653742,-10.423741836547851,10.423741836547851
24.59,22.80046,1.7895391845703124,1.7895391845703124
22.3,17.60811,4.691889572143555,4.691889572143555
23.92,23.08718,0.8328208160400408,0.8328208160400408
19.27,27.175713,-7.905712585449219,7.905712585449219
23.3,18.845592,4.454407501220704,4.454407501220704
13.3,27.881067,-14.581067276000976,14.581067276000976
35.0,23.870916,11.129083633422852,11.129083633422852
35.6,22.615093,12.98490676879883,12.98490676879883
30.14,21.60996,8.530039443969727,8.530039443969727
6.21,9.797444,-3.5874443435668946,3.5874443435668946
33.42,36.52073,-3.1007290649414045,3.1007290649414045
23.29,20.224665,3.0653353118896476,3.0653353118896476
21.6,21.870752,-0.27075233459472514,0.27075233459472514
8.67,21.962927,-13.292926864624024,13.292926864624024
30.76,17.1393,13.620700607299806,13.620700607299806
21.15,20.254509,0.8954910278320298,0.8954910278320298
17.85,24.749,-6.899000549316405,6.899000549316405
0.05,12.02555,-11.97554988861084,11.97554988861084
0.71,17.818018,-17.108017959594726,17.108017959594726
54.37,11.8056135,42.56438648223877,42.56438648223877
25.46,19.157309,6.30269142150879,6.30269142150879
13.96,15.98675,-2.0267496490478507,2.0267496490478507
11.74,21.301405,-9.56140495300293,9.56140495300293
16.14,15.232691,0.907309188842774,0.907309188842774
13.96,19.614588,-5.654587783813476,5.654587783813476
38.03,34.051086,3.978913574218751,3.978913574218751
6.98,19.115034,-12.135034103393554,12.135034103393554
15.21,20.380602,-5.1706018829345695,5.1706018829345695
12.69,17.265089,-4.57508903503418,4.57508903503418
23.84,36.91816,-13.078159484863281,13.078159484863281
0.93,21.958897,-21.02889663696289,21.02889663696289
15.5,16.568594,-1.068593978881836,1.068593978881836
63.6,26.825321,36.774678802490236,36.774678802490236
44.52,35.455074,9.064925689697269,9.064925689697269
55.71,29.419401,26.29059883117676,26.29059883117676
0.11,20.757116,-20.647116317749024,20.647116317749024
11.63,19.168276,-7.538275833129882,7.538275833129882
11.03,12.498901,-1.4689013671875006,1.4689013671875006
12.5,20.763304,-8.263303756713867,8.263303756713867
4.07,20.402044,-16.332044296264648,16.332044296264648
13.44,15.601018,-2.1610179519653325,2.1610179519653325
1.0,35.57264,-34.57263946533203,34.57263946533203
16.19,15.52531,0.6646904373168958,0.6646904373168958
5.56,10.889388,-5.3293880844116215,5.3293880844116215
37.3,32.905796,4.3942039489746065,4.3942039489746065
31.75,27.125875,4.624124526977539,4.624124526977539
7.2,15.631469,-8.431468772888184,8.431468772888184
7.62,28.223307,-20.603306655883788,20.603306655883788
15.63,16.016115,-0.38611518859863203,0.38611518859863203
46.51,24.830326,21.679673919677732,21.679673919677732
27.1,35.06471,-7.9647087097167955,7.9647087097167955
10.0,13.217435,-3.217434883117676,3.217434883117676
7.8,27.869198,-20.069197845458984,20.069197845458984
40.0,22.261723,17.738277435302734,17.738277435302734
45.7,38.241566,7.4584342956543,7.4584342956543
21.74,24.296444,-2.556443939208986,2.556443939208986
29.29,20.932594,8.357405700683593,8.357405700683593
61.79,29.61048,32.1795206451416,32.1795206451416
8.54,13.691063,-5.151062927246095,5.151062927246095
2.7,17.786701,-15.086701202392579,15.086701202392579
41.7,30.197548,11.502452087402347,11.502452087402347
2.34,7.778609,-5.438608798980713,5.438608798980713
26.84,18.194698,8.645301666259765,8.645301666259765
7.37,13.372502,-6.002502326965332,6.002502326965332
9.45,14.927255,-5.477254676818848,5.477254676818848
14.34,13.954766,0.3852337265014647,0.3852337265014647
8.33,8.456686,-0.12668601989746087,0.12668601989746087
26.1,12.284543,13.81545696258545,13.81545696258545
29.59,32.258663,-2.6686631774902345,2.6686631774902345
13.96,16.584337,-2.6243372344970695,2.6243372344970695
22.82,16.827965,5.9920352172851565,5.9920352172851565
25.0,18.696602,6.303398132324219,6.303398132324219
8.8,14.954686,-6.154686164855956,6.154686164855956
27.26,15.513437,11.746562728881838,11.746562728881838
3.81,14.05304,-10.24303955078125,10.24303955078125
20.37,17.254225,3.1157752227783213,3.1157752227783213
8.33,15.023882,-6.693881912231445,6.693881912231445
8.75,17.63636,-8.886360168457031,8.886360168457031
58.49,21.510845,36.97915481567383,36.97915481567383
15.5,21.114264,-5.614263534545898,5.614263534545898
19.86,19.318962,0.5410379028320307,0.5410379028320307
17.3,14.624795,2.675205039978028,2.675205039978028
10.31,12.9868355,-2.6768354797363276,2.6768354797363276
15.03,12.625961,2.404038696289062,2.404038696289062
10.98,10.110391,0.8696093368530278,0.8696093368530278
5.6,9.729361,-4.129360580444336,4.129360580444336
20.76,12.654467,8.105533370971681,8.105533370971681
3.8,13.6673765,-9.867376518249511,9.867376518249511
9.7,14.172231,-4.47223072052002,4.47223072052002
3.03,12.781977,-9.751976699829102,9.751976699829102
2.8,9.308172,-6.508172225952149,6.508172225952149
17.92,14.710126,3.2098740768432634,3.2098740768432634
20.8,7.8524036,12.94759635925293,12.94759635925293
18.43,17.567812,0.8621880340576169,0.8621880340576169
8.03,13.605581,-5.575581283569337,5.575581283569337
6.01,7.979886,-1.969886054992676,1.969886054992676
9.35,10.509062,-1.1590618133544925,1.1590618133544925
5.85,10.915255,-5.065254592895508,5.065254592895508
3.82,17.107416,-13.287416152954101,13.287416152954101
23.72,21.446396,2.2736041259765614,2.2736041259765614
6.84,11.991906,-5.15190616607666,5.15190616607666
12.28,18.587389,-6.307388992309571,6.307388992309571
29.41,33.569412,-4.159412231445312,4.159412231445312
10.24,10.147734,0.09226631164550803,0.09226631164550803
3.75,8.999751,-5.249751091003418,5.249751091003418
25.22,29.416504,-4.196503906250001,4.196503906250001
19.56,17.354294,2.205706176757811,2.205706176757811
6.19,12.122699,-5.932698783874511,5.932698783874511
3.36,9.051145,-5.691144599914551,5.691144599914551
14.99,14.088218,0.9017822647094729,0.9017822647094729
3.27,7.5682983,-4.29829833984375,4.29829833984375
6.69,10.751012,-4.061011848449707,4.061011848449707
3.56,17.363504,-13.803504409790039,13.803504409790039
5.59,8.999751,-3.409751091003418,3.409751091003418
8.1,11.830418,-3.730417633056641,3.730417633056641
27.1,14.461711,12.638289070129396,12.638289070129396
10.2,9.771058,0.4289419174194329,0.4289419174194329
7.2,12.883847,-5.683847236633301,5.683847236633301
7.54,7.075814,0.4641862297058106,0.4641862297058106
41.39,23.27248,18.117519989013672,18.117519989013672
7.7,7.829976,-0.12997608184814435,0.12997608184814435
9.15,9.8892765,-0.7392765045166012,0.7392765045166012
3.07,8.339649,-5.269649200439453,5.269649200439453
5.4,8.5137205,-3.1137205123901364,3.1137205123901364
13.18,15.267555,-2.0875552368164065,2.0875552368164065
17.74,20.420748,-2.6807477569580094,2.6807477569580094
0.38,12.073935,-11.69393455505371,11.69393455505371
0.5,6.5313883,-6.031388282775879,6.031388282775879
7.79,20.810087,-13.020087203979493,13.020087203979493
7.2,8.999751,-1.7997510910034178,1.7997510910034178
12.92,10.781232,2.1387681198120116,2.1387681198120116
14.73,11.55947,3.170529823303223,3.170529823303223
11.95,18.257067,-6.307066726684571,6.307066726684571
1.56,6.68615,-5.1261500740051265,5.1261500740051265
4.42,7.8293166,-3.4093166160583497,3.4093166160583497
1.74,6.160334,-4.4203341102600096,4.4203341102600096
17.46,13.634087,3.825913391113282,3.825913391113282
14.97,18.048113,-3.0781128692626947,3.0781128692626947
3.87,12.104546,-8.234545593261718,8.234545593261718
8.82,20.392729,-11.572728805541992,11.572728805541992
16.12,16.98471,-0.864710693359374,0.864710693359374
8.73,22.67265,-13.942649383544921,13.942649383544921
5.9,13.899633,-7.999633407592773,7.999633407592773
11.75,6.5033216,5.246678352355957,5.246678352355957
42.9,22.49581,20.404190444946288,20.404190444946288
24.96,15.779318,9.18068214416504,9.18068214416504
22.3,17.752106,4.547894287109376,4.547894287109376
18.93,19.737892,-0.8078921508789065,0.8078921508789065
54.5,11.127921,43.37207889556885,43.37207889556885
23.93,20.212162,3.717837982177734,3.717837982177734
9.37,39.990177,-30.620177154541018,30.620177154541018
38.8,13.950214,24.84978561401367,24.84978561401367
9.74,13.600109,-3.8601091003417967,3.8601091003417967
9.25,13.329188,-4.079188346862793,4.079188346862793
22.3,18.854052,3.4459484100341804,3.4459484100341804
13.95,10.973467,2.976533126831054,2.976533126831054
25.01,17.742016,7.267984161376955,7.267984161376955
11.88,18.0514,-6.1713992309570305,6.1713992309570305
43.5,14.174013,29.325986862182617,29.325986862182617
11.46,7.211974,4.248025856018067,4.248025856018067
12.9,12.582853,0.31714668273925817,0.31714668273925817
20.76,13.249891,7.510108718872072,7.510108718872072
10.6,8.653709,1.946290588378906,1.946290588378906
8.46,13.22334,-4.763340034484862,4.763340034484862
40.18,23.414093,16.765906982421875,16.765906982421875
25.3,22.330883,2.969116973876954,2.969116973876954
0.12,27.341873,-27.22187316894531,27.22187316894531
10.95,13.776542,-2.826541709899903,2.826541709899903
13.95,12.421603,1.528396797180175,1.528396797180175
6.98,13.676547,-6.696547050476074,6.696547050476074
26.35,13.589464,12.760535812377931,12.760535812377931
49.12,33.25681,15.863190765380857,15.863190765380857
43.04,13.716254,29.323745765686034,29.323745765686034
21.08,26.547491,-5.4674910736084,5.4674910736084
4.59,11.467075,-6.877075347900391,6.877075347900391
4.26,24.518948,-20.25894760131836,20.25894760131836
9.47,11.728552,-2.258551864624023,2.258551864624023
37.21,18.615265,18.594735107421876,18.594735107421876
26.35,25.503597,0.846402740478517,0.846402740478517
15.99,16.609566,-0.619565734863281,0.619565734863281
18.07,17.69724,0.37275917053222685,0.37275917053222685
13.95,13.623309,0.32669086456298757,0.32669086456298757
1.16,9.84937,-8.689370002746582,8.689370002746582
22.2,17.212706,4.987294387817382,4.987294387817382
13.19,13.90135,-0.7113500213623052,0.7113500213623052
2.74,13.664768,-10.92476821899414,10.92476821899414
3.3,21.600983,-18.300982666015624,18.300982666015624
12.9,15.094388,-2.1943880081176754,2.1943880081176754
26.16,20.39748,5.762519989013672,5.762519989013672
4.09,11.867768,-7.7777682876586915,7.7777682876586915
2.64,19.07422,-16.434220657348632,16.434220657348632
26.87,12.034221,14.835779304504396,14.835779304504396
13.6,9.815961,3.7840391159057614,3.7840391159057614
18.25,18.587608,-0.33760833740234375,0.33760833740234375
2.3,17.490314,-15.190314483642577,15.190314483642577
14.09,21.823988,-7.73398796081543,7.73398796081543
11.0,13.157413,-2.157412528991699,2.157412528991699
26.17,26.904066,-0.734066085815428,0.734066085815428
3.11,10.625894,-7.515893592834473,7.515893592834473
51.9,33.33328,18.56672134399414,18.56672134399414
60.96,15.901776,45.05822368621826,45.05822368621826
43.53,22.667667,20.862332611083986,20.862332611083986
8.1,17.73782,-9.63781967163086,9.63781967163086
13.95,19.838781,-5.888781356811524,5.888781356811524
9.37,26.025986,-16.65598571777344,16.65598571777344
19.2,18.74181,0.45819015502929616,0.45819015502929616
62.51,15.648643,46.86135746002197,46.86135746002197
22.15,22.028526,0.12147369384765483,0.12147369384765483
37.83,9.572723,28.257276611328123,28.257276611328123
22.3,24.144531,-1.8445312499999993,1.8445312499999993
17.61,17.732815,-0.12281478881835994,0.12281478881835994
13.42,14.455551,-1.0355511474609376,1.0355511474609376
14.24,19.99102,-5.7510202026367185,5.7510202026367185
7.81,13.004749,-5.1947492980957035,5.1947492980957035
46.89,19.572844,27.31715644836426,27.31715644836426
3.46,26.242588,-22.78258804321289,22.78258804321289
13.95,11.542868,2.4071323394775384,2.4071323394775384
58.4,19.51692,38.88307991027832,38.88307991027832
0.15,18.884565,-18.734565353393556,18.734565353393556
22.3,20.216284,2.0837162017822273,2.0837162017822273
12.29,11.793016,0.49698356628417883,0.49698356628417883
23.26,17.154,6.10600067138672,6.10600067138672
17.59,21.149475,-3.55947509765625,3.55947509765625
36.58,41.58111,-5.0011080932617205,5.0011080932617205
11.52,16.385462,-4.865461807250977,4.865461807250977
10.28,26.58115,-16.30115005493164,16.30115005493164
14.97,12.668544,2.3014561843872077,2.3014561843872077
22.86,28.157845,-5.297844543457032,5.297844543457032
47.08,36.269367,10.81063278198242,10.81063278198242
26.28,22.687836,3.592164306640626,3.592164306640626
7.52,20.667046,-13.14704559326172,13.14704559326172
17.93,25.14199,-7.211990661621094,7.211990661621094
32.97,19.565554,13.404446334838866,13.404446334838866
19.0,20.617052,-1.6170520782470703,1.6170520782470703
2.0,21.203869,-19.203868865966797,19.203868865966797
34.2,22.76391,11.436089706420901,11.436089706420901
41.85,29.429207,12.42079315185547,12.42079315185547
10.17,9.797444,0.3725556564331054,0.3725556564331054
23.26,20.037994,3.2220056152343766,3.2220056152343766
22.3,18.263437,4.036562728881837,4.036562728881837
23.3,23.782152,-0.4821521759033196,0.4821521759033196
14.95,28.178995,-13.22899513244629,13.22899513244629
39.63,21.66931,17.960690383911135,17.960690383911135
22.3,16.25488,6.0451190948486335,6.0451190948486335
31.69,24.978004,6.711995544433595,6.711995544433595
9.43,24.945572,-15.515571899414063,15.515571899414063
31.34,19.772053,11.567947235107422,11.567947235107422
0.44,25.888784,-25.448784408569335,25.448784408569335
46.17,27.23642,18.933580322265627,18.933580322265627
8.94,19.429823,-10.48982292175293,10.48982292175293
41.41,32.039936,9.370063934326168,9.370063934326168
11.36,35.243088,-23.883087768554688,23.883087768554688
12.16,17.280945,-5.12094482421875,5.12094482421875
0.97,23.856731,-22.886731414794923,22.886731414794923
0.01,10.701552,-10.691552391052246,10.691552391052246
32.79,19.21156,13.578440704345702,13.578440704345702
33.36,18.907665,14.452334747314453,14.452334747314453
19.0,33.048477,-14.048477172851562,14.048477172851562
9.03,19.85612,-10.82611915588379,10.82611915588379
7.31,10.196545,-2.8865446472167973,2.8865446472167973
20.6,19.720133,0.8798671722412124,0.8798671722412124
35.71,22.292885,13.417115173339845,13.417115173339845
23.2,19.80905,3.390950393676757,3.390950393676757
29.03,13.840837,15.189163475036622,15.189163475036622
34.84,21.100027,13.739972915649417,13.739972915649417
1.15,35.24128,-34.09127960205078,34.09127960205078
39.54,19.115034,20.424965896606444,20.424965896606444
52.42,29.157555,23.262445373535158,23.262445373535158
47.82,21.64827,26.171730346679688,26.171730346679688
12.27,18.429106,-6.159105758666993,6.159105758666993
30.58,23.618689,6.961311416625975,6.961311416625975
0.1,24.215597,-24.11559715270996,24.11559715270996
21.8,22.424665,-0.624665451049804,0.624665451049804
53.83,32.0425,21.78750045776367,21.78750045776367
5.7,22.884045,-17.184044647216798,17.184044647216798
14.19,21.023237,-6.833237228393555,6.833237228393555
1.42,14.9208355,-13.500835494995117,13.500835494995117
45.13,19.131023,25.99897659301758,25.99897659301758
21.01,28.977682,-7.967682113647459,7.967682113647459
20.2,26.602257,-6.4022567749023445,6.4022567749023445
39.5,23.118414,16.3815860748291,16.3815860748291
5.05,23.741125,-18.691125106811523,18.691125106811523
21.6,26.770695,-5.170694732666014,5.170694732666014
36.79,17.878405,18.91159538269043,18.91159538269043
15.6,14.4969,1.1031003952026364,1.1031003952026364
3.89,16.44533,-12.555329666137695,12.555329666137695
4.4,14.123788,-9.723787879943847,9.723787879943847
16.57,13.041752,3.5282481384277347,3.5282481384277347
17.34,18.651829,-1.3118287658691408,1.3118287658691408
1.82,7.8284907,-6.0084907341003415,6.0084907341003415
36.42,21.290638,15.129362030029299,15.129362030029299
11.02,14.230209,-3.210209350585938,3.210209350585938
21.17,29.701994,-8.53199394226074,8.53199394226074
22.8,14.573505,8.226494598388673,8.226494598388673
28.77,22.544748,6.2252516937255855,6.2252516937255855
11.63,14.75121,-3.1212102127075187,3.1212102127075187
4.2,14.228735,-10.028734970092774,10.028734970092774
6.8,7.7064943,-0.9064943313598635,0.9064943313598635
14.25,14.068603,0.1813974380493164,0.1813974380493164
39.92,22.400064,17.519935531616213,17.519935531616213
24.82,20.078304,4.741695709228516,4.741695709228516
11.29,14.723421,-3.4334210968017587,3.4334210968017587
17.09,9.003359,8.086641159057617,8.086641159057617
9.11,8.456686,0.6533139801025385,0.6533139801025385
6.24,12.969003,-6.729002723693847,6.729002723693847
14.43,14.921092,-0.49109203338623075,0.49109203338623075
55.29,20.15064,35.1393595123291,35.1393595123291
4.4,12.502474,-8.102473831176757,8.102473831176757
9.4,15.106153,-5.706152534484863,5.706152534484863
43.99,12.871055,31.118945350646975,31.118945350646975
51.72,24.892263,26.827736587524413,26.827736587524413
14.98,18.138645,-3.15864517211914,3.15864517211914
41.1,30.187132,10.912868118286134,10.912868118286134
5.7,10.454324,-4.7543237686157225,4.7543237686157225
15.66,12.014881,3.645118865966797,3.645118865966797
3.53,16.128649,-12.598648757934571,12.598648757934571
9.04,12.461422,-3.4214219665527352,3.4214219665527352
9.8,14.172231,-4.372230720520019,4.372230720520019
2.9,8.408736,-5.508736228942871,5.508736228942871
11.09,10.213742,0.8762577438354491,0.8762577438354491
13.9,15.196225,-1.2962251663208004,1.2962251663208004
37.34,33.18619,4.153808441162113,4.153808441162113
10.8,12.336114,-1.5361139297485344,1.5361139297485344
12.48,23.22802,-10.748019714355468,10.748019714355468
0.9,7.2610264,-6.361026382446289,6.361026382446289
31.72,17.593382,14.126618118286132,14.126618118286132
11.2,12.87911,-1.6791103363037116,1.6791103363037116
10.5,7.996495,2.503505229949951,2.503505229949951
16.02,19.87542,-3.855419616699219,3.855419616699219
10.94,10.283136,0.6568636322021479,0.6568636322021479
9.03,16.012754,-6.982754440307618,6.982754440307618
8.94,15.645902,-6.705901679992676,6.705901679992676
10.95,11.904204,-0.9542043685913093,0.9542043685913093
8.6,7.596068,1.0039320945739743,1.0039320945739743
3.6,7.5643544,-3.964354419708252,3.964354419708252
7.77,17.362827,-9.592827301025391,9.592827301025391
15.65,20.360338,-4.71033821105957,4.71033821105957
6.96,10.043469,-3.0834694290161133,3.0834694290161133
2.25,15.475103,-13.225103378295898,13.225103378295898
22.3,16.864134,5.4358661651611335,5.4358661651611335
7.89,7.360066,0.5299340629577634,0.5299340629577634
60.49,21.697336,38.79266380310059,38.79266380310059
1.18,8.092374,-6.912373847961426,6.912373847961426
10.55,12.797434,-2.2474338531494134,2.2474338531494134
15.64,12.362137,3.277863159179688,3.277863159179688
12.33,18.154118,-5.8241175842285156,5.8241175842285156
2.26,23.825865,-21.56586479187012,21.56586479187012
17.43,16.528597,0.9014031219482419,0.9014031219482419
15.2,14.691513,0.5084869384765618,0.5084869384765618
13.83,19.685307,-5.8553065490722656,5.8553065490722656
30.76,18.542276,12.217723617553713,12.217723617553713
5.06,15.196407,-10.136407318115236,10.136407318115236
13.06,9.264213,3.795787391662598,3.795787391662598
6.12,8.999751,-2.879751091003418,2.879751091003418
3.06,7.5682983,-4.5082983398437495,4.5082983398437495
6.34,11.514112,-5.17411247253418,5.17411247253418
22.93,22.651646,0.2783543395996091,0.2783543395996091
11.49,22.001816,-10.511815795898437,10.511815795898437
5.3,8.317179,-3.0171787261962892,3.0171787261962892
7.9,10.521723,-2.621722793579101,2.621722793579101
18.7,16.596476,2.1035243988037102,2.1035243988037102
16.41,11.462422,4.947577629089356,4.947577629089356
2.09,9.611555,-7.521555099487305,7.521555099487305
9.13,8.351616,0.778384094238282,0.778384094238282
54.85,20.051022,34.79897842407227,34.79897842407227
9.51,9.889349,-0.37934898376464865,0.37934898376464865
30.42,22.410612,8.00938789367676,8.00938789367676
1.42,11.979335,-10.559334831237793,10.559334831237793
26.37,23.076702,3.293297882080079,3.293297882080079
11.48,7.9256115,3.5543885040283207,3.5543885040283207
9.98,8.461046,1.5189537811279301,1.5189537811279301
33.4,16.012486,17.387514495849608,17.387514495849608
28.19,12.175199,16.014801445007325,16.014801445007325
57.63,15.783391,41.84660900115967,41.84660900115967
13.84,21.450115,-7.610115203857422,7.610115203857422
12.1,16.529316,-4.4293159484863285,4.4293159484863285
8.0,8.197413,-0.19741344451904297,0.19741344451904297
12.4,16.637596,-4.237596130371093,4.237596130371093
51.82,21.356972,30.463028259277344,30.463028259277344
2.99,17.336813,-14.34681297302246,14.34681297302246
9.26,23.076702,-13.816702117919922,13.816702117919922
13.2,14.847754,-1.6477535247802741,1.6477535247802741
5.7,8.519062,-2.819062042236328,2.819062042236328
9.49,14.643263,-5.1532628631591795,5.1532628631591795
40.73,23.908653,16.821346740722653,16.821346740722653
1.1,6.2140546,-5.114054584503174,5.114054584503174
11.46,9.200957,2.2590427017211923,2.2590427017211923
8.67,9.042939,-0.3729391860961915,0.3729391860961915
7.4,8.736073,-1.3360725402832028,1.3360725402832028
15.35,10.7524395,4.5975605010986325,4.5975605010986325
13.96,9.903224,4.056776008605958,4.056776008605958
4.46,11.81931,-7.359310188293457,7.359310188293457
7.87,19.45069,-11.580689315795897,11.580689315795897
18.3,11.403313,6.896687316894532,6.896687316894532
18.07,13.219204,4.850796051025391,4.850796051025391
18.85,7.190152,11.659847831726076,11.659847831726076
3.9,8.238302,-4.338302230834961,4.338302230834961
7.5,12.32448,-4.824480056762695,4.824480056762695
1.18,6.8502116,-5.670211620330811,5.670211620330811
8.75,11.613094,-2.8630943298339844,2.8630943298339844
27.57,17.664488,9.905512161254883,9.905512161254883
10.81,10.501022,0.308977661132813,0.308977661132813
5.1,6.2140546,-1.1140545845031742,1.1140545845031742
12.15,15.4307375,-3.280737495422363,3.280737495422363
0.1,10.112063,-10.01206340789795,10.01206340789795
29.57,19.942558,9.627441711425782,9.627441711425782
12.34,12.757548,-0.4175483322143556,0.4175483322143556
22.76,12.06331,10.696690330505373,10.696690330505373
5.91,21.585793,-15.675792541503906,15.675792541503906
15.14,18.337643,-3.197642669677734,3.197642669677734
4.64,12.863012,-8.223012313842773,8.223012313842773
15.2,12.148301,3.0516988754272454,3.0516988754272454
9.04,10.861232,-1.8212318038940438,1.8212318038940438
6.1,9.112081,-3.012080574035645,3.012080574035645
11.15,10.30145,0.8485502243041996,0.8485502243041996
12.3,23.868965,-11.56896514892578,11.56896514892578
22.26,17.53786,4.722139129638673,4.722139129638673
5.1,21.583431,-16.483431243896483,16.483431243896483
28.76,19.297535,9.462465057373048,9.462465057373048
12.04,16.606352,-4.566351852416993,4.566351852416993
4.6,12.316753,-7.716753387451172,7.716753387451172
1.32,12.316753,-10.996753387451172,10.996753387451172
42.64,25.19402,17.445980682373047,17.445980682373047
1.37,7.9113536,-6.541353588104248,6.541353588104248
12.66,16.955435,-4.295434799194336,4.295434799194336
35.91,13.1972,22.71280017852783,22.71280017852783
29.93,16.57587,13.354129486083984,13.354129486083984
10.98,11.299423,-0.3194232177734371,0.3194232177734371
0.01,12.84907,-12.839069595336914,12.839069595336914
5.08,18.145626,-13.065626068115234,13.065626068115234
29.39,17.8472,11.542799606323243,11.542799606323243
11.23,15.787974,-4.55797435760498,4.55797435760498
16.2,16.69257,-0.49256973266601634,0.49256973266601634
50.2,25.503597,24.69640274047852,24.69640274047852
39.28,26.713305,12.56669548034668,12.56669548034668
2.1,18.004545,-15.904545211791993,15.904545211791993
10.72,14.787199,-4.0671990203857415,4.0671990203857415
4.18,8.446002,-4.266002006530762,4.266002006530762
26.6,15.917693,10.682306861877443,10.682306861877443
1.58,32.56043,-30.980428619384767,30.980428619384767
26.6,20.457531,6.1424690246582045,6.1424690246582045
22.31,17.491045,4.818955001831053,4.818955001831053
1.3,10.764485,-9.464485359191894,9.464485359191894
43.78,26.258703,17.521296768188478,17.521296768188478
39.23,27.768042,11.461958389282223,11.461958389282223
23.2,22.164106,1.0358936309814446,1.0358936309814446
18.2,18.396374,-0.19637374877929759,0.19637374877929759
43.5,25.965204,17.5347957611084,17.5347957611084
35.47,28.88687,6.583130569458007,6.583130569458007
51.67,25.876675,25.793325347900392,25.793325347900392
29.97,22.472818,7.49718162536621,7.49718162536621
52.83,18.824793,34.00520713806152,34.00520713806152
3.84,15.308862,-11.46886173248291,11.46886173248291
19.19,18.602674,0.5873255157470716,0.5873255157470716
40.95,30.339449,10.610551071166995,10.610551071166995
16.64,19.01751,-2.377509460449218,2.377509460449218
25.15,16.403893,8.746107482910155,8.746107482910155
16.06,12.082123,3.9778771972656237,3.9778771972656237
7.75,17.03467,-9.284669876098633,9.284669876098633
26.52,24.194635,2.325364608764648,2.325364608764648
6.1,9.055127,-2.9551271438598636,2.9551271438598636
4.16,24.149548,-19.989547576904297,19.989547576904297
13.94,15.558228,-1.6182275390625005,1.6182275390625005
9.56,12.883242,-3.3232416534423823,3.3232416534423823
22.1,31.57568,-9.475679779052733,9.475679779052733
22.3,15.959027,6.340972709655762,6.340972709655762
8.1,19.69194,-11.591940307617188,11.591940307617188
0.01,17.930632,-17.92063163757324,17.92063163757324
11.96,13.206821,-1.2468214416503898,1.2468214416503898
5.25,18.92582,-13.675819396972656,13.675819396972656
8.0,18.57035,-10.570350646972656,10.570350646972656
9.49,21.13842,-11.648420104980469,11.648420104980469
48.68,21.889921,26.790078811645508,26.790078811645508
42.01,29.002316,13.007684478759764,13.007684478759764
26.1,16.279366,9.82063446044922,9.82063446044922
3.48,10.965491,-7.485491294860839,7.485491294860839
31.44,29.064224,2.375775756835939,2.375775756835939
24.2,20.596972,3.603028488159179,3.603028488159179
19.0,21.149475,-2.14947509765625,2.14947509765625
41.29,20.856754,20.433245697021484,20.433245697021484
27.73,25.14199,2.5880093383789067,2.5880093383789067
14.0,16.543303,-2.543302536010742,2.543302536010742
22.3,22.823135,-0.5231353759765618,0.5231353759765618
13.89,21.016264,-7.126263961791992,7.126263961791992
33.16,24.457762,8.70223823547363,8.70223823547363
13.6,18.743828,-5.143827819824219,5.143827819824219
17.42,16.563665,0.8563346099853533,0.8563346099853533
3.07,15.704882,-12.63488166809082,12.63488166809082
31.2,20.304878,10.895121765136718,10.895121765136718
32.87,19.577316,13.29268371582031,13.29268371582031
7.07,9.815514,-2.7455136108398435,2.7455136108398435
41.7,21.171297,20.528702926635745,20.528702926635745
11.33,19.028572,-7.698572082519531,7.698572082519531
33.33,24.502558,8.827442245483397,8.827442245483397
42.75,24.667397,18.082603454589844,18.082603454589844
23.7,28.619387,-4.9193866729736335,4.9193866729736335
13.95,20.841764,-6.891764450073243,6.891764450073243
2.17,22.517914,-20.347913818359373,20.347913818359373
43.0,24.520023,18.479976654052734,18.479976654052734
22.8,20.5738,2.2262008666992195,2.2262008666992195
7.4,12.776635,-5.37663516998291,5.37663516998291
6.2,18.547874,-12.347874450683594,12.347874450683594
17.18,24.833462,-7.65346176147461,7.65346176147461
13.95,18.382957,-4.4329574584960945,4.4329574584960945
9.88,17.283762,-7.403761978149413,7.403761978149413
23.2,18.68452,4.515479278564452,4.515479278564452
45.71,33.773342,11.936657867431641,11.936657867431641
12.36,17.059021,-4.699020996093751,4.699020996093751
21.58,23.481613,-1.9016131591796892,1.9016131591796892
60.12,17.08435,43.0356494140625,43.0356494140625
17.05,19.062752,-2.0127517700195305,2.0127517700195305
36.3,20.989773,15.310227203369138,15.310227203369138
22.35,25.491194,-3.1411937713623033,3.1411937713623033
12.35,19.867044,-7.517044448852539,7.517044448852539
12.12,12.521336,-0.4013356018066414,0.4013356018066414
22.47,18.821117,3.648882598876952,3.648882598876952
0.03,22.714148,-22.684147567749022,22.684147567749022
3.78,10.810821,-7.030820579528809,7.030820579528809
25.23,35.120213,-9.89021255493164,9.89021255493164
33.21,23.83629,9.37370964050293,9.37370964050293
9.12,19.654663,-10.5346630859375,10.5346630859375
22.18,19.632065,2.547935180664062,2.547935180664062
14.8,18.091564,-3.291564178466796,3.291564178466796
8.54,18.589449,-10.049448928833009,10.049448928833009
40.3,36.67312,3.6268814086914034,3.6268814086914034
22.3,17.822962,4.477038192749024,4.477038192749024
0.86,21.465977,-20.60597671508789,20.60597671508789
36.6,24.641167,11.958833312988283,11.958833312988283
14.0,17.930145,-3.930145263671875,3.930145263671875
10.85,14.377789,-3.5277885437011722,3.5277885437011722
0.26,21.877613,-21.61761306762695,21.61761306762695
36.36,27.74517,8.61482940673828,8.61482940673828
34.47,18.043793,16.426207275390624,16.426207275390624
1.28,8.908508,-7.62850830078125,7.62850830078125
6.3,12.76949,-6.469490242004395,6.469490242004395
43.21,25.751896,17.458104095458985,17.458104095458985
4.7,9.136591,-4.436590957641601,4.436590957641601
12.4,13.985577,-1.5855766296386715,1.5855766296386715
9.1,11.993213,-2.893212699890137,2.893212699890137
20.85,17.588778,3.2612224578857436,3.2612224578857436
7.4,13.651661,-6.251660919189453,6.251660919189453
13.95,14.404134,-0.45413379669189524,0.45413379669189524
25.23,13.999582,11.230417709350586,11.230417709350586
19.61,20.086065,-0.476065292358399,0.476065292358399
21.09,21.978249,-0.8882485961914064,0.8882485961914064
19.39,17.88915,1.5008493804931646,1.5008493804931646
12.58,15.87533,-3.2953299713134765,3.2953299713134765
19.77,16.05756,3.712440032958984,3.712440032958984
20.08,21.773731,-1.6937312316894548,1.6937312316894548
10.25,13.901145,-3.6511449813842773,3.6511449813842773
7.6,19.798426,-12.198425674438477,12.198425674438477
46.54,29.707476,16.832524337768554,16.832524337768554
50.6,51.302605,-0.7026046752929673,0.7026046752929673
13.24,16.1251,-2.885099182128906,2.885099182128906
0.04,12.285823,-12.245822868347169,12.245822868347169
10.8,8.360441,2.4395587921142585,2.4395587921142585
7.97,15.094764,-7.12476375579834,7.12476375579834
18.58,18.646225,-0.0662249755859392,0.0662249755859392
5.74,17.869753,-12.129752883911133,12.129752883911133
19.63,17.348976,2.2810238647460928,2.2810238647460928
51.57,42.29176,9.278240509033203,9.278240509033203
5.2,8.445624,-3.2456243515014647,3.2456243515014647
23.2,20.129097,3.070903015136718,3.070903015136718
16.62,11.949102,4.670897598266603,4.670897598266603
12.97,21.104929,-8.134928970336913,8.134928970336913
14.96,32.040974,-17.080973663330077,17.080973663330077
13.27,14.598518,-1.3285183715820317,1.3285183715820317
9.9,13.934978,-4.034977531433105,4.034977531433105
32.11,33.764347,-1.6543470764160162,1.6543470764160162
6.07,10.2210865,-4.151086502075195,4.151086502075195
11.7,8.184342,3.5156576156616204,3.5156576156616204
7.87,13.706891,-5.836891059875488,5.836891059875488
2.1,8.62244,-6.522440338134766,6.522440338134766
9.86,14.023852,-4.163852348327637,4.163852348327637
8.52,12.5035715,-3.983571510314942,3.983571510314942
17.6,17.742903,-0.14290275573730327,0.14290275573730327
9.28,7.4173803,1.862619667053222,1.862619667053222
7.2,9.251921,-2.051920700073242,2.051920700073242
21.58,11.488645,10.091355400085448,10.091355400085448
7.84,10.332132,-2.492132339477539,2.492132339477539
7.1,23.870396,-16.77039566040039,16.77039566040039
3.48,6.4532447,-2.973244686126709,2.973244686126709
10.33,10.338719,-0.00871936798095696,0.00871936798095696
11.4,12.245203,-0.8452030181884762,0.8452030181884762
19.32,22.38706,-3.067060165405273,3.067060165405273
34.11,23.726883,10.383117065429687,10.383117065429687
18.1,14.786519,3.313480949401857,3.313480949401857
16.03,17.126728,-1.096728057861327,1.096728057861327
16.85,18.20147,-1.3514694213867173,1.3514694213867173
9.04,7.878747,1.161253013610839,1.161253013610839
23.96,22.704773,1.2552270507812509,1.2552270507812509
42.79,31.07169,11.718310394287109,11.718310394287109
2.61,17.315105,-14.705105438232422,14.705105438232422
9.47,14.076103,-4.606103210449218,4.606103210449218
5.07,20.432629,-15.362628631591797,15.362628631591797
10.95,26.307552,-15.357552337646485,15.357552337646485
4.84,11.634909,-6.794908676147461,6.794908676147461
21.9,17.563013,4.336986923217772,4.336986923217772
10.26,15.776661,-5.516660919189453,5.516660919189453
27.78,18.95545,8.824549942016603,8.824549942016603
0.91,22.232405,-21.322404708862305,21.322404708862305
4.16,18.098164,-13.938163604736328,13.938163604736328
7.48,7.831254,-0.3512540054321285,0.3512540054321285
5.7,8.946855,-3.2468545913696287,3.2468545913696287
3.99,7.5682983,-3.57829833984375,3.57829833984375
7.17,32.8368,-25.66679962158203,25.66679962158203
23.81,19.705065,4.104935226440428,4.104935226440428
9.36,10.099968,-0.7399679565429693,0.7399679565429693
18.12,18.916998,-0.7969979095458974,0.7969979095458974
20.78,15.048341,5.731659202575685,5.731659202575685
10.84,10.632362,0.2076376342773436,0.2076376342773436
4.92,8.835382,-3.9153824615478516,3.9153824615478516
30.76,22.442692,8.317308197021486,8.317308197021486
27.49,14.636177,12.853822937011717,12.853822937011717
7.98,16.581314,-8.601314086914062,8.601314086914062
1.26,9.746134,-8.48613380432129,8.48613380432129
10.48,12.554538,-2.074537773132324,2.074537773132324
18.88,14.957754,3.922245864868163,3.922245864868163
2.17,6.806394,-4.636394100189209,4.636394100189209
4.5,12.519455,-8.019454956054688,8.019454956054688
3.03,7.983567,-4.9535672378540045,4.9535672378540045
18.36,14.113457,4.246543273925781,4.246543273925781
5.89,12.989344,-7.099343643188477,7.099343643188477
7.84,15.296939,-7.456938896179199,7.456938896179199
3.59,16.854288,-13.26428810119629,13.26428810119629
1.1,6.119726,-5.019726181030274,5.019726181030274
5.72,15.888608,-10.168607978820802,10.168607978820802
31.26,16.662416,14.597583541870119,14.597583541870119
4.8,10.366683,-5.566683006286621,5.566683006286621
42.38,28.711933,13.668066864013674,13.668066864013674
1.8,7.794496,-5.994496059417725,5.994496059417725
13.01,9.246375,3.76362491607666,3.76362491607666
5.3,14.806419,-9.506419372558593,9.506419372558593
20.86,22.035423,-1.1754232788085943,1.1754232788085943
18.8,7.3402343,11.459765720367432,11.459765720367432
12.25,27.668474,-15.418474197387695,15.418474197387695
1.31,7.0708156,-5.760815563201904,5.760815563201904
20.6,17.701782,2.8982177734375014,2.8982177734375014
21.29,15.525047,5.764952697753905,5.764952697753905
0.72,16.265484,-15.545483856201171,15.545483856201171
10.4,8.130201,2.2697986602783207,2.2697986602783207
25.48,22.514679,2.9653210449218754,2.9653210449218754
11.58,10.532436,1.0475636291503907,1.0475636291503907
2.33,10.98004,-8.650039596557617,8.650039596557617
29.75,22.647509,7.10249137878418,7.10249137878418
17.7,15.703018,1.9969818115234368,1.9969818115234368
13.4,14.474182,-1.0741821289062496,1.0741821289062496
25.85,20.840658,5.0093418121337905,5.0093418121337905
9.8,7.0980883,2.7019117355346687,2.7019117355346687
35.87,22.13523,13.734770889282224,13.734770889282224
6.36,25.568832,-19.208832397460938,19.208832397460938
16.19,22.847511,-6.657511291503905,6.657511291503905
8.2,10.947431,-2.747430610656739,2.747430610656739
34.89,17.802908,17.087092056274415,17.087092056274415
32.0,21.271576,10.728424072265625,10.728424072265625
11.1,22.647509,-11.54750862121582,11.54750862121582
11.57,10.728544,0.8414557647705081,0.8414557647705081
16.21,12.987038,3.2229623413085946,3.2229623413085946
1.37,7.76224,-6.392239933013916,6.392239933013916
12.91,17.480341,-4.570340957641601,4.570340957641601
5.0,12.28994,-7.289939880371094,7.289939880371094
17.22,16.29042,0.9295794677734364,0.9295794677734364
20.77,13.408157,7.361842651367187,7.361842651367187
9.3,13.872293,-4.572293472290038,4.572293472290038
10.26,13.913083,-3.653083076477051,3.653083076477051
19.05,26.372082,-7.322081756591796,7.322081756591796
2.08,9.356283,-7.276283187866211,7.276283187866211
38.29,23.253988,15.036011734008788,15.036011734008788
56.05,10.451534,45.59846572875976,45.59846572875976
61.27,33.96211,27.307891387939456,27.307891387939456
25.84,16.325697,9.51430305480957,9.51430305480957
18.58,27.407562,-8.827562255859377,8.827562255859377
22.38,19.700588,2.6794117736816396,2.6794117736816396
22.3,20.832584,1.467415618896485,1.467415618896485
31.63,33.492565,-1.8625651550292979,1.8625651550292979
4.75,18.272495,-13.52249526977539,13.52249526977539
9.1,10.8090515,-1.7090515136718754,1.7090515136718754
14.52,19.446169,-4.926168899536133,4.926168899536133
4.3,18.256037,-13.95603675842285,13.95603675842285
17.5,18.752005,-1.252004623413086,1.252004623413086
3.15,11.071106,-7.92110595703125,7.92110595703125
45.9,12.23147,33.66852989196777,33.66852989196777
11.75,12.412345,-0.6623449325561523,0.6623449325561523
64.12,26.025986,38.09401428222657,38.09401428222657
46.4,29.300617,17.09938278198242,17.09938278198242
6.04,14.848978,-8.80897804260254,8.80897804260254
12.4,16.058939,-3.6589389801025387,3.6589389801025387
10.1,19.037329,-8.937328720092774,8.937328720092774
21.62,13.306115,8.31388484954834,8.31388484954834
19.8,23.33531,-3.535309982299804,3.535309982299804
22.91,24.954779,-2.0447786712646483,2.0447786712646483
3.99,27.838081,-23.84808135986328,23.84808135986328
5.39,20.664238,-15.274237976074218,15.274237976074218
2.21,8.528578,-6.31857780456543,6.31857780456543
2.9,13.594246,-10.694245910644531,10.694245910644531
45.13,18.075537,27.05446327209473,27.05446327209473
9.19,12.570749,-3.3807492828369146,3.3807492828369146
22.3,17.68144,4.618559646606446,4.618559646606446
15.62,23.696604,-8.076603775024415,8.076603775024415
22.3,17.408604,4.89139633178711,4.89139633178711
32.46,21.924873,10.53512664794922,10.53512664794922
0.02,14.315303,-14.295302848815918,14.295302848815918
17.51,17.264296,0.24570442199707188,0.24570442199707188
9.19,12.459274,-3.269274291992188,3.269274291992188
31.32,23.737411,7.582588500976563,7.582588500976563
14.47,22.662636,-8.192635803222656,8.192635803222656
51.03,36.50401,14.52599075317383,14.52599075317383
23.2,17.7192,5.4807998657226555,5.4807998657226555
25.2,19.99068,5.209319305419921,5.209319305419921
11.29,9.810153,1.479846992492675,1.479846992492675
18.08,13.127532,4.95246799468994,4.95246799468994
9.73,21.432316,-11.702315826416015,11.702315826416015
32.8,19.0747,13.725300598144528,13.725300598144528
36.47,24.244608,12.22539207458496,12.22539207458496
20.49,22.615093,-2.1250932312011734,2.1250932312011734
4.6,18.073917,-13.473917388916016,13.473917388916016
0.7,23.014652,-22.314652252197266,22.314652252197266
11.37,9.815514,1.5544863891601555,1.5544863891601555
12.09,17.760876,-5.670875701904297,5.670875701904297
0.12,28.423243,-28.303242568969726,28.303242568969726
33.34,32.68906,0.6509397888183628,0.6509397888183628
22.31,18.896187,3.4138131713867175,3.4138131713867175
49.85,27.033113,22.816886520385744,22.816886520385744
55.42,24.6727,30.747299118041994,30.747299118041994
20.91,16.960146,3.9498540496826173,3.9498540496826173
6.02,21.820889,-15.80088851928711,15.80088851928711
10.3,12.853502,-2.5535022735595696,2.5535022735595696
10.73,12.426731,-1.6967311096191402,1.6967311096191402
6.09,10.322099,-4.232098731994629,4.232098731994629
11.0,11.765484,-0.7654838562011719,0.7654838562011719
11.3,17.201874,-5.901873779296874,5.901873779296874
23.14,21.158752,1.9812475585937506,1.9812475585937506
24.19,25.05897,-0.8689694976806628,0.8689694976806628
59.3,14.871112,44.428888130187985,44.428888130187985
36.33,13.575646,22.754353599548338,22.754353599548338
21.32,38.695267,-17.375266723632812,17.375266723632812
33.0,29.795471,3.20452880859375,3.20452880859375
7.42,27.784288,-20.36428840637207,20.36428840637207
31.62,32.939987,-1.3199871826171865,1.3199871826171865
52.04,34.968517,17.071482696533202,17.071482696533202
13.74,19.255245,-5.515245208740234,5.515245208740234
25.83,21.62217,4.207830505371092,4.207830505371092
24.1,21.58165,2.518350219726564,2.518350219726564
62.79,37.185005,25.604994812011718,25.604994812011718
18.44,22.92807,-4.488070068359374,4.488070068359374
0.28,26.989183,-26.70918342590332,26.70918342590332
31.74,26.261663,5.47833656311035,5.47833656311035
1.4,22.527664,-21.127664184570314,21.127664184570314
30.0,29.981647,0.018352508544921875,0.018352508544921875
7.62,26.890835,-19.27083480834961,19.27083480834961
11.13,13.551592,-2.4215918731689445,2.4215918731689445
33.14,20.95922,12.180779113769532,12.180779113769532
2.42,18.371954,-15.951953964233399,15.951953964233399
45.0,35.13269,9.8673095703125,9.8673095703125
18.6,17.893375,0.7066246032714858,0.7066246032714858
6.1,34.153534,-28.053533935546874,28.053533935546874
7.25,17.123642,-9.873641967773438,9.873641967773438
3.61,16.964937,-13.354937210083008,13.354937210083008
14.25,23.792152,-9.542152404785156,9.542152404785156
26.91,21.767912,5.142088088989258,5.142088088989258
9.78,17.546865,-7.766865463256837,7.766865463256837
17.29,29.823265,-12.533265075683595,12.533265075683595
18.81,16.210562,2.599438247680663,2.599438247680663
58.4,10.926059,47.473941230773924,47.473941230773924
4.31,13.983678,-9.673677864074708,9.673677864074708
14.0,15.195541,-1.1955413818359375,1.1955413818359375
4.6,13.234627,-8.634626770019532,8.634626770019532
6.9,10.52895,-3.6289497375488278,3.6289497375488278
5.86,14.876976,-9.016976013183594,9.016976013183594
8.55,10.755606,-2.2056056976318352,2.2056056976318352
24.84,27.664497,-2.8244973754882814,2.8244973754882814
18.61,20.200825,-1.5908247375488287,1.5908247375488287
1.51,15.29191,-13.78191017150879,13.78191017150879
2.27,14.53426,-12.264259796142579,12.264259796142579
22.06,20.934578,1.1254220581054675,1.1254220581054675
48.67,26.672935,21.997064514160158,21.997064514160158
0.5,13.559586,-13.059585571289062,13.059585571289062
14.0,16.594595,-2.594594955444336,2.594594955444336
8.3,13.26545,-4.9654495239257805,4.9654495239257805
18.2,15.514676,2.6853239059448235,2.6853239059448235
8.97,22.13516,-13.165160446166992,13.165160446166992
12.3,17.054174,-4.754174423217773,4.754174423217773
9.25,14.53426,-5.284259796142578,5.284259796142578
42.19,14.662683,27.527317466735838,27.527317466735838
46.77,23.953518,22.816482086181644,22.816482086181644
4.79,12.883675,-8.093674621582032,8.093674621582032
3.48,18.963093,-15.483092803955078,15.483092803955078
22.59,25.745306,-3.1553060150146486,3.1553060150146486
18.01,25.451717,-7.441717376708983,7.441717376708983
7.14,15.843726,-8.70372615814209,8.70372615814209
22.3,11.4898405,10.810159492492676,10.810159492492676
9.8,14.00631,-4.2063104629516594,4.2063104629516594
31.15,19.379387,11.77061309814453,11.77061309814453
12.31,17.5727,-5.262700500488281,5.262700500488281
0.14,17.508549,-17.368548736572265,17.368548736572265
0.12,13.364976,-13.244975929260255,13.244975929260255
10.4,13.65662,-3.2566200256347653,3.2566200256347653
0.12,13.190738,-13.0707377243042,13.0707377243042
17.6,11.558908,6.041091537475587,6.041091537475587
8.5,9.179141,-0.6791410446166992,0.6791410446166992
13.35,21.256731,-7.906731033325196,7.906731033325196
11.66,9.831824,1.8281756973266603,1.8281756973266603
9.65,13.801398,-4.1513982772827145,4.1513982772827145
23.83,15.699151,8.130848960876463,8.130848960876463
5.9,14.427445,-8.527445411682129,8.527445411682129
14.0,14.993983,-0.993983268737793,0.993983268737793
6.52,16.022926,-9.502926330566407,9.502926330566407
4.22,9.037105,-4.817104606628418,4.817104606628418
0.24,9.749163,-9.509162673950195,9.509162673950195
22.61,22.944729,-0.33472885131835994,0.33472885131835994
2.0,16.08092,-14.08091926574707,14.08091926574707
9.51,9.585778,-0.07577823638916037,0.07577823638916037
27.4,15.089216,12.310783767700194,12.310783767700194
22.25,18.974752,3.275247573852539,3.275247573852539
7.6,9.042939,-1.4429391860961918,1.4429391860961918
15.8,16.14373,-0.34373016357421804,0.34373016357421804
35.59,17.341679,18.248321380615238,18.248321380615238
3.02,9.442936,-6.422935943603516,6.422935943603516
33.27,15.32007,17.94992973327637,17.94992973327637
4.7,9.80391,-5.103910255432129,5.103910255432129
42.49,18.048742,24.44125770568848,24.44125770568848
9.35,16.615784,-7.26578369140625,7.26578369140625
5.86,10.343071,-4.483070983886718,4.483070983886718
18.0,10.326182,7.6738176345825195,7.6738176345825195
4.5,9.21588,-4.715880393981934,4.715880393981934
8.1,13.120602,-5.020601654052735,5.020601654052735
8.0,12.123386,-4.123386383056641,4.123386383056641
16.38,14.65096,1.7290400314331045,1.7290400314331045
3.05,8.825343,-5.775343132019043,5.775343132019043
5.2,10.784282,-5.584281730651855,5.584281730651855
9.9,10.689054,-0.7890535354614254,0.7890535354614254
12.33,12.328899,0.001100616455078196,0.001100616455078196
36.2,19.21231,16.987689208984378,16.987689208984378
8.15,23.818886,-15.668885803222656,15.668885803222656
8.64,24.315622,-15.675622329711913,15.675622329711913
15.89,15.943112,-0.05311237335205021,0.05311237335205021
5.68,24.291046,-18.611046142578125,18.611046142578125
2.2,12.816736,-10.616736221313477,10.616736221313477
9.75,8.050398,1.6996021270751953,1.6996021270751953
8.97,15.441792,-6.4717915344238275,6.4717915344238275
20.95,31.294699,-10.344698715209962,10.344698715209962
0.66,27.190386,-26.530385818481445,26.530385818481445
17.36,16.410173,0.9498265838623041,0.9498265838623041
18.02,14.468533,3.55146743774414,3.55146743774414
21.48,21.393036,0.08696411132812543,0.08696411132812543
0.27,11.548314,-11.278314094543457,11.278314094543457
6.86,14.838553,-7.978553428649902,7.978553428649902
14.14,17.118225,-2.9782250976562494,2.9782250976562494
28.16,10.993185,17.16681495666504,17.16681495666504
18.4,15.69225,2.707749748229979,2.707749748229979
5.2,11.493657,-6.293657112121582,6.293657112121582
4.41,7.219817,-2.8098171615600585,2.8098171615600585
6.58,12.816736,-6.2367362213134765,6.2367362213134765
11.83,17.127348,-5.297347946166992,5.297347946166992
18.5,15.728455,2.77154541015625,2.77154541015625
4.4,10.27647,-5.8764701843261715,5.8764701843261715
8.7,12.268177,-3.568177032470704,3.568177032470704
20.22,16.886904,3.333096237182616,3.333096237182616
20.55,17.396925,3.153075027465821,3.153075027465821
27.1,12.427681,14.67231903076172,14.67231903076172
42.79,14.075531,28.714468994140624,28.714468994140624
19.5,25.811756,-6.311756134033203,6.311756134033203
3.67,16.365957,-12.695957260131836,12.695957260131836
25.04,9.539162,15.500838317871093,15.500838317871093
14.04,19.943195,-5.903195343017579,5.903195343017579
61.34,20.624252,40.715747680664066,40.715747680664066
8.17,9.619459,-1.4494591522216798,1.4494591522216798
22.72,18.257189,4.4628112030029286,4.4628112030029286
1.97,7.689883,-5.7198832321166995,5.7198832321166995
19.92,14.888444,5.031556053161623,5.031556053161623
6.9,8.66464,-1.7646404266357418,1.7646404266357418
14.0,11.925514,2.0744857788085938,2.0744857788085938
11.15,12.355154,-1.2051540374755856,1.2051540374755856
11.2,7.568458,3.6315419197082512,3.6315419197082512
1.98,11.917594,-9.937593955993652,9.937593955993652
10.7,15.20261,-4.502610015869141,4.502610015869141
22.2,19.321606,2.8783943176269524,2.8783943176269524
13.69,17.745548,-4.055548248291016,4.055548248291016
13.6,13.763756,-0.1637557983398441,0.1637557983398441
3.33,9.706228,-6.376228256225586,6.376228256225586
12.8,18.149363,-5.349362564086913,5.349362564086913
22.9,18.634092,4.265907669067381,4.265907669067381
5.23,7.4205093,-2.190509338378906,2.190509338378906
7.38,9.873379,-2.4933787536621095,2.4933787536621095
22.88,12.591861,10.2881392288208,10.2881392288208
13.0,19.816254,-6.816253662109375,6.816253662109375
7.71,10.002246,-2.2922459030151368,2.2922459030151368
23.71,21.710905,1.9990949249267587,1.9990949249267587
20.6,31.146652,-10.546652221679686,10.546652221679686
11.07,12.2648325,-1.1948324966430661,1.1948324966430661
24.32,18.394133,5.925867385864258,5.925867385864258
7.77,13.728446,-5.958446006774903,5.958446006774903
41.4,24.365005,17.034994506835936,17.034994506835936
31.5,27.33446,4.16554069519043,4.16554069519043
12.36,16.856796,-4.496796264648438,4.496796264648438
21.71,13.650229,8.059770545959474,8.059770545959474
13.2,16.537008,-3.3370082855224616,3.3370082855224616
0.27,12.100799,-11.830798606872559,11.830798606872559
4.37,12.584821,-8.214820747375487,8.214820747375487
24.2,21.043587,3.156413269042968,3.156413269042968
0.01,10.259641,-10.249640693664551,10.249640693664551
17.18,11.369252,5.81074779510498,5.81074779510498
7.42,25.390009,-17.9700089263916,17.9700089263916
7.22,9.917423,-2.697423248291016,2.697423248291016
9.97,12.869904,-2.8999035644531244,2.8999035644531244
58.29,8.996007,49.29399303436279,49.29399303436279
14.0,23.030094,-9.030094146728516,9.030094146728516
0.03,22.748898,-22.718897552490233,22.718897552490233
26.66,22.181324,4.478675994873047,4.478675994873047
0.05,19.315907,-19.265906524658202,19.265906524658202
23.2,17.603691,5.5963088989257805,5.5963088989257805
0.02,18.639389,-18.619389038085938,18.619389038085938
20.97,22.968119,-1.9981186676025402,1.9981186676025402
51.31,21.548264,29.761736450195315,29.761736450195315
8.44,8.528578,-0.08857780456543018,0.08857780456543018
15.16,12.877419,2.2825805282592775,2.2825805282592775
10.7,15.948051,-5.2480514526367195,5.2480514526367195
17.6,19.318525,-1.7185253143310533,1.7185253143310533
19.31,17.692217,1.6177831268310534,1.6177831268310534
16.42,22.858732,-6.4387322235107405,6.4387322235107405
23.47,16.460138,7.009861679077147,7.009861679077147
10.2,10.356878,-0.15687828063964915,0.15687828063964915
9.62,19.475754,-9.855753784179688,9.855753784179688
9.2,19.801775,-10.601774978637696,10.601774978637696
13.95,17.500935,-3.550934600830079,3.550934600830079
16.22,24.65296,-8.4329598236084,8.4329598236084
0.59,32.338524,-31.748523864746094,31.748523864746094
37.88,32.275417,5.604582672119143,5.604582672119143
20.77,16.194706,4.575294036865234,4.575294036865234
44.05,10.710054,33.33994560241699,33.33994560241699
7.2,10.136862,-2.9368618011474608,2.9368618011474608
1.12,12.612038,-11.492037658691405,11.492037658691405
23.6,22.54548,1.0545192718505874,1.0545192718505874
10.29,20.813559,-10.523558578491212,10.523558578491212
4.5,17.112206,-12.612205505371094,12.612205505371094
13.95,18.459135,-4.509135055541993,4.509135055541993
13.95,32.790226,-18.840225982666016,18.840225982666016
14.33,31.415634,-17.08563415527344,17.08563415527344
54.43,33.85461,20.575389556884765,20.575389556884765
4.99,22.578423,-17.588422546386717,17.588422546386717
19.68,23.609022,-3.92902214050293,3.92902214050293
9.44,15.21043,-5.770430145263672,5.770430145263672
13.95,16.909658,-2.9596584320068366,2.9596584320068366
13.5,22.192984,-8.692983627319336,8.692983627319336
24.33,21.784315,2.5456848907470686,2.5456848907470686
47.95,21.905603,26.044396591186526,26.044396591186526
13.95,18.980656,-5.030655670166016,5.030655670166016
26.36,20.569696,5.790303573608398,5.790303573608398
6.16,19.06852,-12.908519592285156,12.908519592285156
37.61,21.545012,16.064988479614257,16.064988479614257
34.2,29.44587,4.754130554199222,4.754130554199222
7.25,11.079537,-3.8295373916625977,3.8295373916625977
23.85,19.018679,4.831321334838869,4.831321334838869
8.06,26.476797,-18.416797103881834,18.416797103881834
21.7,17.127184,4.572816085815429,4.572816085815429
22.68,18.453106,4.226894073486328,4.226894073486328
13.95,19.983927,-6.03392677307129,6.03392677307129
4.9,10.729394,-5.82939395904541,5.82939395904541
9.7,26.554724,-16.854723739624024,16.854723739624024
47.09,34.33125,12.758750762939457,12.758750762939457
9.85,12.236971,-2.386970901489258,2.386970901489258
14.27,18.101007,-3.831007461547852,3.831007461547852
37.45,35.594727,1.8552734375000028,1.8552734375000028
47.29,25.122766,22.167233505249023,22.167233505249023
8.31,19.500261,-11.190261306762695,11.190261306762695
44.6,32.69986,11.900140380859376,11.900140380859376
29.49,22.464834,7.0251657867431625,7.0251657867431625
7.33,22.70267,-15.372669143676758,15.372669143676758
16.4,26.334295,-9.93429527282715,9.93429527282715
9.95,24.051308,-14.101307678222657,14.101307678222657
36.81,25.429722,11.380278167724612,11.380278167724612
29.36,20.98566,8.374339447021484,8.374339447021484
54.76,27.588778,27.17122245788574,27.17122245788574
0.23,24.359327,-24.12932731628418,24.12932731628418
31.63,23.171663,8.458336715698241,8.458336715698241
41.21,30.930897,10.279103240966798,10.279103240966798
13.7,13.524047,0.1759531021118157,0.1759531021118157
2.74,14.032388,-11.292387733459472,11.292387733459472
11.84,17.003065,-5.16306510925293,5.16306510925293
21.11,12.321523,8.78847728729248,8.78847728729248
15.01,17.48682,-2.476820220947266,2.476820220947266
26.85,14.940934,11.909065818786623,11.909065818786623
0.01,16.732275,-16.722275009155272,16.722275009155272
20.34,25.558998,-5.218998107910156,5.218998107910156
14.88,14.337811,0.5421885299682625,0.5421885299682625
0.87,19.554325,-18.684325103759765,18.684325103759765
22.43,20.949947,1.4800526428222653,1.4800526428222653
26.45,19.319717,7.130282592773437,7.130282592773437
17.08,19.41279,-2.3327902984619158,2.3327902984619158
11.42,17.507624,-6.087623672485352,6.087623672485352
22.19,15.083759,7.106240692138673,7.106240692138673
13.45,12.971075,0.47892494201660085,0.47892494201660085
18.71,16.730719,1.9792813873291024,1.9792813873291024
13.48,14.551163,-1.071162719726562,1.071162719726562
17.57,13.328457,4.241543121337891,4.241543121337891
6.93,14.816937,-7.886937446594239,7.886937446594239
22.3,16.831825,5.4681747436523445,5.4681747436523445
17.2,11.629739,5.570261192321777,5.570261192321777
8.0,9.805251,-1.805251121520996,1.805251121520996
23.16,23.083954,0.07604614257812514,0.07604614257812514
18.2,18.917513,-0.7175128936767585,0.7175128936767585
16.84,14.063897,2.7761028671264647,2.7761028671264647
20.12,15.950981,4.169018859863282,4.169018859863282
16.04,18.595211,-2.5552110290527352,2.5552110290527352
25.43,20.129675,5.300325088500976,5.300325088500976
8.97,7.9302616,1.039738388061524,1.039738388061524
15.14,20.925838,-5.785838470458984,5.785838470458984
0.1,14.846465,-14.746465110778809,14.746465110778809
3.58,9.686102,-6.106101913452148,6.106101913452148
7.24,21.256731,-14.016731033325195,14.016731033325195
8.42,10.362244,-1.94224365234375,1.94224365234375
22.3,12.359544,9.940456199645997,9.940456199645997
13.19,27.723675,-14.533674774169922,14.533674774169922
3.9,18.562647,-14.662646865844726,14.662646865844726
17.14,23.408484,-6.268483505249023,6.268483505249023
1.41,6.5023494,-5.092349376678467,5.092349376678467
5.36,8.049534,-2.6895338439941403,2.6895338439941403
5.99,10.405009,-4.415009269714355,4.415009269714355
35.5,12.66383,22.836170196533203,22.836170196533203
7.43,13.737995,-6.307995147705078,6.307995147705078
10.36,12.913749,-2.553748741149903,2.553748741149903
11.1,8.146716,2.953283882141113,2.953283882141113
12.24,6.83841,5.401590099334717,5.401590099334717
43.46,8.836538,34.623461685180665,34.623461685180665
6.4,15.630363,-9.230363464355468,9.230363464355468
7.35,17.930387,-10.580387496948243,10.580387496948243
7.26,13.743715,-6.483715286254883,6.483715286254883
9.01,11.071344,-2.0613443756103518,2.0613443756103518
3.29,12.784957,-9.494956932067872,9.494956932067872
17.7,8.383916,9.316084098815917,9.316084098815917
12.5,10.255611,2.2443885803222656,2.2443885803222656
7.67,10.711469,-3.0414686965942384,3.0414686965942384
21.34,21.608665,-0.2686654663085939,0.2686654663085939
0.68,19.409164,-18.729164428710938,18.729164428710938
1.71,18.166155,-16.456154861450194,16.456154861450194
33.57,18.910812,14.659187622070313,14.659187622070313
35.34,21.594679,13.745321121215824,13.745321121215824
16.44,15.98728,0.45272010803222784,0.45272010803222784
22.58,11.511522,11.068477706909178,11.068477706909178
6.8,8.480093,-1.6800930023193361,1.6800930023193361
9.9,9.179985,0.7200149536132816,0.7200149536132816
2.53,9.656156,-7.126155586242676,7.126155586242676
27.04,24.715721,2.3242788696289054,2.3242788696289054
4.1,13.7973385,-9.697338485717774,9.697338485717774
10.97,9.903224,1.0667760086059577,1.0667760086059577
9.71,10.231738,-0.5217380905151359,0.5217380905151359
8.0,11.857799,-3.8577985763549805,3.8577985763549805
7.0,14.814493,-7.814493179321289,7.814493179321289
14.21,14.833538,-0.623538055419921,0.623538055419921
9.4,9.776268,-0.3762680053710934,0.3762680053710934
35.38,26.028069,9.351931457519534,9.351931457519534
5.22,8.999751,-3.779751091003418,3.779751091003418
31.14,28.680897,2.4591032409667974,2.4591032409667974
5.83,6.160334,-0.3303341102600097,0.3303341102600097
10.15,12.913749,-2.763748741149902,2.763748741149902
48.3,16.81968,31.48032073974609,31.48032073974609
5.45,12.245203,-6.795203018188476,6.795203018188476
19.32,15.139105,4.180895156860352,4.180895156860352
0.19,7.222295,-7.032294807434082,7.032294807434082
16.7,6.2140546,10.485945415496825,10.485945415496825
7.71,12.006442,-4.296442070007324,4.296442070007324
16.23,10.678657,5.551343421936036,5.551343421936036
8.6,9.138365,-0.5383647918701175,0.5383647918701175
47.18,21.500835,25.679164581298828,25.679164581298828
10.87,20.256622,-9.386622314453126,9.386622314453126
38.23,17.457985,20.77201507568359,20.77201507568359
28.34,18.189274,10.150726165771484,10.150726165771484
9.2,8.078239,1.1217605590820305,1.1217605590820305
3.86,6.670732,-2.8107320213317872,2.8107320213317872
12.59,10.71601,1.873989906311035,1.873989906311035
3.47,7.1893735,-3.71937349319458,3.71937349319458
18.62,13.870009,4.749990577697755,4.749990577697755
28.01,14.422461,13.587539443969728,13.587539443969728
6.68,17.463295,-10.783294982910157,10.783294982910157
8.63,14.318255,-5.688255424499511,5.688255424499511
17.22,17.962288,-0.7422879028320324,0.7422879028320324
59.5,14.241677,45.25832271575928,45.25832271575928
1.78,15.518323,-13.738322944641114,13.738322944641114
14.73,12.573529,2.156470756530762,2.156470756530762
14.6,21.380476,-6.780475997924805,6.780475997924805
12.45,16.140491,-3.690491485595704,3.690491485595704
14.87,26.976954,-12.106953506469727,12.106953506469727
2.6,13.87129,-11.27129020690918,11.27129020690918
17.2,8.23208,8.967919540405273,8.967919540405273
9.3,7.9175553,1.3824446678161628,1.3824446678161628
1.78,6.384146,-4.604146213531494,4.604146213531494
4.16,7.360473,-3.2004731559753417,3.2004731559753417
18.4,15.691017,2.7089828491210923,2.7089828491210923
0.03,9.90122,-9.871220321655274,9.871220321655274
13.51,12.808062,0.7019384002685545,0.7019384002685545
14.19,24.511726,-10.321726379394532,10.321726379394532
1.96,10.62542,-8.665419616699218,8.665419616699218
18.97,17.391792,1.5782077026367176,1.5782077026367176
55.76,18.80186,36.958139190673826,36.958139190673826
49.8,9.701444,40.09855632781982,40.09855632781982
44.18,22.908905,21.271094970703125,21.271094970703125
4.56,7.756382,-3.196381988525391,3.196381988525391
13.2,11.552324,1.647675704956054,1.647675704956054
21.18,13.183994,7.996005706787109,7.996005706787109
31.9,21.25501,10.6449893951416,10.6449893951416
9.1,16.578325,-7.478325271606446,7.478325271606446
15.05,35.497055,-20.447055053710937,20.447055053710937
7.4,13.295867,-5.895866966247558,5.895866966247558
27.02,27.273827,-0.2538265991210942,0.2538265991210942
4.29,17.130812,-12.84081169128418,12.84081169128418
43.4,14.763215,28.636784934997557,28.636784934997557
33.12,23.419073,9.700926895141599,9.700926895141599
12.8,16.31287,-3.512870025634765,3.512870025634765
15.44,18.74745,-3.30744987487793,3.30744987487793
16.4,30.647116,-14.247115707397462,14.247115707397462
19.19,25.349112,-6.159111557006835,6.159111557006835
12.3,10.226871,2.0731294631958015,2.0731294631958015
4.2,8.556419,-4.356419372558594,4.356419372558594
4.68,24.276094,-19.596094436645508,19.596094436645508
23.2,17.603691,5.5963088989257805,5.5963088989257805
2.46,14.408118,-11.948118247985839,11.948118247985839
18.27,18.904554,-0.6345543670654301,0.6345543670654301
22.3,13.759264,8.54073600769043,8.54073600769043
23.9,19.48916,4.410839462280272,4.410839462280272
36.2,31.988565,4.211434555053714,4.211434555053714
22.3,18.56687,3.7331302642822273,3.7331302642822273
28.1,16.838865,11.261134719848634,11.261134719848634
67.81,31.307938,36.50206237792969,36.50206237792969
12.0,25.547554,-13.547554016113281,13.547554016113281
24.5,17.005789,7.494211196899414,7.494211196899414
5.61,10.1278925,-4.51789249420166,4.51789249420166
3.23,18.484842,-15.254842300415039,15.254842300415039
33.81,18.46995,15.340050277709963,15.340050277709963
57.92,24.900684,33.01931564331055,33.01931564331055
20.72,23.23838,-2.5183804321289074,2.5183804321289074
22.44,23.065004,-0.6250043487548815,0.6250043487548815
22.3,17.518438,4.781561660766602,4.781561660766602
9.7,10.356878,-0.6568782806396491,0.6568782806396491
45.52,27.103464,18.41653587341309,18.41653587341309
8.1,12.82815,-4.728149795532227,4.728149795532227
8.64,18.375805,-9.735804901123046,9.735804901123046
49.54,44.167885,5.372115173339843,5.372115173339843
28.77,28.718779,0.051221389770507386,0.051221389770507386
8.5,11.444505,-2.944504737854004,2.944504737854004
34.57,27.801348,6.768652267456055,6.768652267456055
54.64,33.15179,21.488209381103516,21.488209381103516
37.13,30.234442,6.895558242797854,6.895558242797854
11.08,20.085228,-9.005227966308594,9.005227966308594
11.39,10.303317,1.0866829299926763,1.0866829299926763
19.53,21.960161,-2.430161209106444,2.430161209106444
1.25,22.54548,-21.295480728149414,21.295480728149414
11.9,14.693713,-2.7937131881713864,2.7937131881713864
6.99,21.874012,-14.884011993408203,14.884011993408203
0.58,19.331423,-18.751422805786135,18.751422805786135
19.79,26.82214,-7.032139739990235,7.032139739990235
7.41,10.322099,-2.9120987319946288,2.9120987319946288
15.5,16.97708,-1.4770793914794922,1.4770793914794922
13.96,19.206661,-5.2466612243652335,5.2466612243652335
42.33,31.224615,11.1053849029541,11.1053849029541
0.6,20.421793,-19.821792984008788,19.821792984008788
15.99,26.400415,-10.410415420532226,10.410415420532226
13.95,19.983927,-6.03392677307129,6.03392677307129
20.05,25.146145,-5.096144866943359,5.096144866943359
31.67,22.110937,9.559062881469728,9.559062881469728
1.45,19.145498,-17.695498275756837,17.695498275756837
15.4,36.80483,-21.40482864379883,21.40482864379883
60.02,22.501226,37.518773574829105,37.518773574829105
27.23,18.86569,8.364309768676758,8.364309768676758
34.97,29.791615,5.178385467529296,5.178385467529296
21.13,22.186256,-1.0562564086914072,1.0562564086914072
8.4,15.079989,-6.679989433288574,6.679989433288574
26.02,27.709795,-1.6897949981689457,1.6897949981689457
50.0,38.054836,11.94516372680664,11.94516372680664
4.6,24.694414,-20.094414138793944,20.094414138793944
22.33,26.61144,-4.281440658569338,4.281440658569338
48.38,36.19261,12.187388305664065,12.187388305664065
0.13,30.392242,-30.262242431640626,30.262242431640626
21.85,26.62343,-4.773430252075194,4.773430252075194
58.4,20.933176,37.466823959350585,37.466823959350585
16.5,18.197702,-1.697702407836914,1.697702407836914
9.79,15.675086,-5.885086021423341,5.885086021423341
5.04,15.907049,-10.86704917907715,10.86704917907715
13.17,18.08518,-4.9151802825927735,4.9151802825927735
14.25,30.238033,-15.988033294677734,15.988033294677734
3.7,11.036556,-7.336556243896484,7.336556243896484
1.9,7.7402544,-5.840254402160644,5.840254402160644
7.5,15.241198,-7.74119758605957,7.74119758605957
23.19,21.73674,1.4532598876953138,1.4532598876953138
25.75,21.286997,4.463003158569336,4.463003158569336
31.45,23.748877,7.701123428344726,7.701123428344726
23.61,19.45795,4.152049407958984,4.152049407958984
9.29,8.490446,0.799553909301757,0.799553909301757
5.7,7.7402544,-2.0402544021606444,2.0402544021606444
30.12,23.48939,6.630610580444337,6.630610580444337
7.99,22.142412,-14.152412185668945,14.152412185668945
46.3,32.4515,13.848500061035153,13.848500061035153
16.27,17.158548,-0.8885483551025395,0.8885483551025395
15.5,17.443033,-1.943033218383789,1.943033218383789
14.65,15.036729,-0.38672885894775355,0.38672885894775355
24.6,23.666632,0.933368301391603,0.933368301391603
22.41,31.492064,-9.082063522338867,9.082063522338867
13.66,13.689354,-0.029353942871093608,0.029353942871093608
31.37,30.264948,1.1050521087646494,1.1050521087646494
23.3,16.478874,6.821125793457032,6.821125793457032
5.45,13.999166,-8.549165534973145,8.549165534973145
12.89,21.43784,-8.54783950805664,8.54783950805664
2.38,9.620609,-7.240609283447266,7.240609283447266
7.91,11.402621,-3.492621269226074,3.492621269226074
20.51,15.579279,4.93072105407715,4.93072105407715
21.01,20.264277,0.7457234954834,0.7457234954834
23.0,13.834631,9.165369033813477,9.165369033813477
14.01,14.462927,-0.45292686462402365,0.45292686462402365
7.15,12.147822,-4.997822380065918,4.997822380065918
6.2,6.616697,-0.4166968345642088,0.4166968345642088
4.48,14.376113,-9.896112937927246,9.896112937927246
46.86,10.299894,36.56010566711426,36.56010566711426
9.7,14.172231,-4.47223072052002,4.47223072052002
17.4,19.160732,-1.7607322692871108,1.7607322692871108
8.82,16.651802,-7.831802062988281,7.831802062988281
25.81,18.867975,6.942024765014647,6.942024765014647
7.0,9.839819,-2.8398189544677734,2.8398189544677734
24.69,15.14548,9.544519844055177,9.544519844055177
17.8,14.918868,2.8811319351196296,2.8811319351196296
10.25,10.612734,-0.3627338409423828,0.3627338409423828
11.3,10.154346,1.1456535339355476,1.1456535339355476
17.04,21.278524,-4.238524398803712,4.238524398803712
22.3,8.5024805,13.797519493103028,13.797519493103028
9.1,13.102551,-4.002551460266114,4.002551460266114
16.29,12.699479,3.5905208969116202,3.5905208969116202
7.74,10.890503,-3.1505029296875,3.1505029296875
26.77,21.15097,5.619029541015625,5.619029541015625
6.39,10.439156,-4.049155578613282,4.049155578613282
12.34,11.821077,0.518922653198242,0.518922653198242
18.6,11.06553,7.534470176696779,7.534470176696779
16.13,23.415705,-7.285704727172853,7.285704727172853
4.1,10.528584,-6.4285835266113285,6.4285835266113285
5.36,15.224647,-9.86464656829834,9.86464656829834
12.92,25.242332,-12.322332458496094,12.322332458496094
8.37,12.708851,-4.338850860595704,4.338850860595704
44.13,17.508009,26.621991043090823,26.621991043090823
15.53,11.639743,3.890257148742675,3.890257148742675
4.0,7.5682263,-3.5682263374328613,3.5682263374328613
7.98,9.172515,-1.1925149154663082,1.1925149154663082
15.11,18.212448,-3.102448120117188,3.102448120117188
10.9,15.166116,-4.266115760803222,4.266115760803222
5.3,10.036562,-4.736561965942383,4.736561965942383
11.6,8.168354,3.4316459655761715,3.4316459655761715
18.7,13.450074,5.249925804138183,5.249925804138183
7.15,16.494946,-9.344945526123047,9.344945526123047
2.52,7.602059,-5.08205888748169,5.08205888748169
22.3,15.952683,6.347316551208497,6.347316551208497
15.96,34.385014,-18.425013580322265,18.425013580322265
4.65,8.382552,-3.7325521469116207,3.7325521469116207
5.32,9.842038,-4.5220381546020505,4.5220381546020505
37.57,25.20966,12.360340423583985,12.360340423583985
17.8,17.617262,0.18273811340332102,0.18273811340332102
23.1,11.56441,11.53558979034424,11.53558979034424
31.04,22.546593,8.493407287597655,8.493407287597655
11.13,16.089659,-4.959658737182616,4.959658737182616
8.77,10.520948,-1.7509484100341801,1.7509484100341801
3.68,6.1534863,-2.4734862518310545,2.4734862518310545
15.91,14.240451,1.669549140930176,1.669549140930176
18.27,22.543816,-4.273815612792969,4.273815612792969
5.29,6.617427,-1.327426872253418,1.327426872253418
9.27,9.4529,-0.18289993286132855,0.18289993286132855
13.03,9.636447,3.393553047180175,3.393553047180175
25.42,17.738583,7.681417388916017,7.681417388916017
26.06,28.9406,-2.8805994415283216,2.8805994415283216
18.6,9.895979,8.704021072387697,8.704021072387697
21.52,19.676163,1.843837280273437,1.843837280273437
1.45,15.7307415,-14.280741500854493,14.280741500854493
10.76,18.74661,-7.986610641479492,7.986610641479492
14.7,11.840072,2.859928321838378,2.859928321838378
23.9,9.444243,14.45575656890869,14.45575656890869
14.79,11.374333,3.415666618347167,3.415666618347167
35.33,24.085947,11.244052963256834,11.244052963256834
39.2,16.126808,23.073191833496097,23.073191833496097
28.43,21.499622,6.930377655029297,6.930377655029297
24.25,15.656453,8.593546867370605,8.593546867370605
9.55,9.790767,-0.24076671600341726,0.24076671600341726
3.09,11.600136,-8.510135803222656,8.510135803222656
6.03,7.8498554,-1.8198554229736326,1.8198554229736326
19.91,11.49422,8.415780220031738,8.415780220031738
18.01,12.004736,6.005264053344728,6.005264053344728
19.82,15.508419,4.311580963134766,4.311580963134766
7.68,15.1139145,-7.433914489746094,7.433914489746094
4.92,13.184936,-8.264935569763184,8.264935569763184
46.28,12.115827,34.16417339324951,34.16417339324951
26.31,12.426857,13.883143005371092,13.883143005371092
18.97,15.209632,3.760368080139159,3.760368080139159
6.66,11.241023,-4.581023063659668,4.581023063659668
47.21,30.261612,16.94838806152344,16.94838806152344
7.66,24.088877,-16.428876724243164,16.428876724243164
14.0,20.422522,-6.422521591186523,6.422521591186523
3.04,25.19402,-22.154019317626954,22.154019317626954
49.39,13.4351845,35.954815521240235,35.954815521240235
5.6,10.225949,-4.625949287414551,4.625949287414551
9.43,11.93814,-2.508139915466309,2.508139915466309
2.1,14.940824,-12.840823554992676,12.840823554992676
38.45,14.763601,23.686398696899417,23.686398696899417
13.95,10.5238,3.426200103759765,3.426200103759765
10.8,10.682204,0.11779575347900462,0.11779575347900462
25.46,10.687298,14.772702178955079,14.772702178955079
39.2,13.744453,25.45554656982422,25.45554656982422
9.18,7.245734,1.9342657852172849,1.9342657852172849
16.7,18.304314,-1.6043136596679695,1.6043136596679695
15.54,13.914661,1.625338592529296,1.625338592529296
32.0,24.345703,7.654296875,7.654296875
9.7,12.289559,-2.5895593643188484,2.5895593643188484
40.63,31.401741,9.228258972167971,9.228258972167971
16.43,18.43731,-2.007309265136719,2.007309265136719
12.76,14.828629,-2.0686285400390627,2.0686285400390627
8.7,13.363137,-4.663137245178223,4.663137245178223
3.1,16.882093,-13.78209342956543,13.78209342956543
5.1,16.395212,-11.295212173461914,11.295212173461914
20.6,19.612629,0.9873710632324233,0.9873710632324233
5.63,13.817971,-8.187971229553224,8.187971229553224
42.22,27.58107,14.638930053710936,14.638930053710936
61.5,33.55955,27.940448760986328,27.940448760986328
3.39,23.11467,-19.724669799804687,19.724669799804687
1.3,9.506668,-8.206668090820312,8.206668090820312
29.01,12.359358,16.650642166137697,16.650642166137697
9.61,21.978994,-12.368994369506837,12.368994369506837
50.67,20.68147,29.988529129028322,29.988529129028322
24.9,20.509703,4.390297317504881,4.390297317504881
5.0,12.171216,-7.171216011047363,7.171216011047363
13.48,13.103643,0.376356582641602,0.376356582641602
20.6,20.725126,-0.12512626647949077,0.12512626647949077
7.67,15.180445,-7.510444717407227,7.510444717407227
10.6,10.848904,-0.24890365600585973,0.24890365600585973
48.49,19.328556,29.161443939208986,29.161443939208986
5.38,18.935532,-13.555531616210938,13.555531616210938
8.36,20.812038,-12.45203842163086,12.45203842163086
29.95,21.108948,8.84105224609375,8.84105224609375
3.2,18.383335,-15.183335113525391,15.183335113525391
11.25,11.769963,-0.519963264465332,0.519963264465332
11.91,21.724897,-9.814897384643555,9.814897384643555
28.6,14.821285,13.778714752197267,13.778714752197267
3.83,18.770195,-14.940195007324219,14.940195007324219
20.77,14.50752,6.262480278015136,6.262480278015136
6.78,9.681425,-2.901425094604492,2.901425094604492
9.43,12.7941,-3.364099807739258,3.364099807739258
22.3,14.324874,7.97512607574463,7.97512607574463
40.0,24.200855,15.799144744873047,15.799144744873047
23.24,12.981186,10.258814086914061,10.258814086914061
0.8,23.818401,-23.01840133666992,23.01840133666992
52.42,29.847668,22.572332305908205,22.572332305908205
13.23,19.456451,-6.226451416015625,6.226451416015625
3.03,18.708193,-15.678192825317383,15.678192825317383
35.9,25.054832,10.845167541503905,10.845167541503905
1.29,19.273699,-17.983698806762696,17.983698806762696
2.61,11.085255,-8.475254669189454,8.475254669189454
50.89,33.164978,17.72502197265625,17.72502197265625
38.88,27.764515,11.1154850769043,11.1154850769043
8.93,18.142721,-9.212721176147461,9.212721176147461
22.68,27.957636,-5.277635879516602,5.277635879516602
18.84,21.765013,-2.9250127410888673,2.9250127410888673
26.55,21.301405,5.248595046997071,5.248595046997071
47.41,31.635818,15.774181518554684,15.774181518554684
5.2,21.935541,-16.735541152954102,16.735541152954102
21.46,27.202938,-5.7429380798339835,5.7429380798339835
11.41,21.595827,-10.185827102661133,10.185827102661133
10.06,27.094229,-17.034228744506834,17.034228744506834
11.74,9.876932,1.8630678558349612,1.8630678558349612
14.0,20.855984,-6.855983734130859,6.855983734130859
12.28,16.952925,-4.672924728393555,4.672924728393555
36.92,27.803074,9.116926116943361,9.116926116943361
16.4,21.199116,-4.7991157531738295,4.7991157531738295
15.7,20.57244,-4.872439193725587,4.872439193725587
23.63,27.30068,-3.670680160522462,3.670680160522462
0.59,12.41774,-11.827739868164063,11.827739868164063
2.7,18.450708,-15.750708389282227,15.750708389282227
4.01,11.060647,-7.050647010803223,7.050647010803223
11.33,17.230976,-5.900976104736328,5.900976104736328
12.91,27.363533,-14.453533020019531,14.453533020019531
46.11,31.10415,15.005849227905273,15.005849227905273
9.1,19.163149,-10.063148880004883,10.063148880004883
7.0,20.779802,-13.779802322387695,13.779802322387695
7.39,10.4482765,-3.058276519775391,3.058276519775391
28.75,19.774065,8.975934982299805,8.975934982299805
53.14,25.488186,27.65181411743164,27.65181411743164
27.04,35.780586,-8.740586242675782,8.740586242675782
0.57,19.073072,-18.50307243347168,18.50307243347168
20.62,18.694044,1.9259558868408213,1.9259558868408213
13.8,21.347855,-7.547854614257812,7.547854614257812
28.6,18.826056,9.773944473266603,9.773944473266603
37.45,26.683027,10.766972732543948,10.766972732543948
68.47,33.278133,35.191866607666014,35.191866607666014
23.33,27.115707,-3.785707397460939,3.785707397460939
27.36,34.2737,-6.913700714111329,6.913700714111329
52.2,25.852606,26.347394180297854,26.347394180297854
9.55,16.915945,-7.365945053100585,7.365945053100585
8.62,26.674107,-18.054106597900393,18.054106597900393
6.0,30.480747,-24.48074722290039,24.48074722290039
32.14,21.231478,10.908522262573243,10.908522262573243
46.84,36.60324,10.236759033203128,10.236759033203128
31.48,23.531782,7.948217849731446,7.948217849731446
38.37,34.78129,3.588711853027341,3.588711853027341
38.19,23.989538,14.200461807250974,14.200461807250974
5.47,20.2998,-14.829800872802736,14.829800872802736
13.3,14.062264,-0.762264442443847,0.762264442443847
14.3,18.23084,-3.9308406829833977,3.9308406829833977
42.23,17.53449,24.69550941467285,24.69550941467285
6.8,9.303271,-2.503271293640137,2.503271293640137
13.1,13.938038,-0.8380378723144535,0.8380378723144535
19.12,17.243637,1.8763629150390635,1.8763629150390635
4.59,8.879111,-4.2891112899780275,4.2891112899780275
13.49,14.035686,-0.5456855392456053,0.5456855392456053
25.29,22.857363,2.4326372528076163,2.4326372528076163
20.39,17.832869,2.557131423950196,2.557131423950196
19.62,21.60797,-1.9879692840576162,1.9879692840576162
10.6,13.20591,-2.6059097290039066,2.6059097290039066
18.07,19.274576,-1.2045761871337888,1.2045761871337888
6.61,16.030739,-9.420738830566407,9.420738830566407
24.43,16.994738,7.435262374877929,7.435262374877929
28.56,16.315693,12.24430709838867,12.24430709838867
2.5,13.181078,-10.68107795715332,10.68107795715332
11.3,15.456458,-4.156458091735839,4.156458091735839
4.0,11.036556,-7.036556243896484,7.036556243896484
20.4,15.652096,4.747904205322264,4.747904205322264
9.3,14.169612,-4.869611930847167,4.869611930847167
42.16,15.606728,26.55327239990234,26.55327239990234
7.55,17.61811,-10.06811065673828,10.06811065673828
25.01,20.375643,4.634357223510744,4.634357223510744
3.09,15.8064995,-12.716499481201172,12.716499481201172
14.92,17.517876,-2.597875671386719,2.597875671386719
4.98,14.363576,-9.383575935363769,9.383575935363769
15.38,11.963575,3.416424636840821,3.416424636840821
60.38,17.461594,42.918406372070315,42.918406372070315
11.15,16.157843,-5.007842636108398,5.007842636108398
6.2,8.490446,-2.290446090698242,2.290446090698242
29.31,22.61029,6.699709472656249,6.699709472656249
14.4,12.856468,1.5435317993164066,1.5435317993164066
26.19,12.244834,13.945166053771974,13.945166053771974
5.88,13.299903,-7.41990291595459,7.41990291595459
5.97,9.446422,-3.4764216232299807,3.4764216232299807
15.47,12.546576,2.923424453735352,2.923424453735352
18.35,14.306119,4.043881034851076,4.043881034851076
39.86,34.491257,5.368743286132812,5.368743286132812
11.62,10.599638,1.020362014770507,1.020362014770507
12.34,19.199903,-6.85990348815918,6.85990348815918
13.25,12.542881,0.7071189880371094,0.7071189880371094
0.8,9.033511,-8.233511161804199,8.233511161804199
3.32,7.3538632,-4.03386323928833,4.03386323928833
9.02,10.111531,-1.091531257629395,1.091531257629395
21.71,21.86848,-0.15848068237304602,0.15848068237304602
9.47,16.721956,-7.251956253051757,7.251956253051757
3.7,7.3213043,-3.6213043212890623,3.6213043212890623
17.59,20.55286,-2.9628602600097658,2.9628602600097658
5.7,13.485757,-7.7857568740844725,7.7857568740844725
4.61,9.963942,-5.353941574096679,5.353941574096679
9.01,16.89164,-7.8816397094726565,7.8816397094726565
4.5,8.263378,-3.763378143310547,3.763378143310547
10.3,10.230124,0.06987552642822337,0.06987552642822337
6.39,16.389969,-9.999968872070312,9.999968872070312
5.31,7.336112,-2.0261120223999027,2.0261120223999027
2.73,6.1813283,-3.451328296661377,3.451328296661377
27.83,21.352339,6.477661209106444,6.477661209106444
5.43,11.253942,-5.823941535949707,5.823941535949707
14.72,18.067003,-3.3470032501220697,3.3470032501220697
6.0,14.628278,-8.628277778625488,8.628277778625488
6.54,12.081997,-5.541996917724609,5.541996917724609
2.95,7.602059,-4.652058887481689,4.652058887481689
22.61,27.049118,-4.439118041992188,4.439118041992188
4.17,7.8928556,-3.7228556442260743,3.7228556442260743
7.4,6.1534863,1.2465137481689457,1.2465137481689457
6.36,16.740322,-10.38032211303711,10.38032211303711
0.2,21.065872,-20.865872192382813,20.865872192382813
0.24,14.733223,-14.493222961425781,14.493222961425781
3.94,14.961868,-11.021868286132813,11.021868286132813
22.32,17.90238,4.417620010375977,4.417620010375977
3.5,8.303985,-4.803984642028809,4.803984642028809
8.2,17.385685,-9.185684967041016,9.185684967041016
7.3,6.1534863,1.1465137481689451,1.1465137481689451
15.97,11.209313,4.7606866073608405,4.7606866073608405
43.3,10.04174,33.25825958251953,33.25825958251953
1.01,10.335314,-9.32531379699707,9.32531379699707
4.74,15.189627,-10.449626693725586,10.449626693725586
4.41,8.530859,-4.120858993530273,4.120858993530273
17.87,12.495486,5.374513740539552,5.374513740539552
6.9,8.903055,-2.0030551910400387,2.0030551910400387
8.7,6.2418966,2.458103370666503,2.458103370666503
9.14,9.374756,-0.23475585937499943,0.23475585937499943
8.6,8.368243,0.23175678253173793,0.23175678253173793
52.47,24.629534,27.840466232299804,27.840466232299804
1.83,11.547873,-9.71787254333496,9.71787254333496
0.01,11.683358,-11.673358192443848,11.673358192443848
6.6,8.826318,-2.2263177871704105,2.2263177871704105
6.9,8.769094,-1.8690944671630856,1.8690944671630856
12.5,17.508009,-5.00800895690918,5.00800895690918
3.36,18.866396,-15.506395950317383,15.506395950317383
19.67,14.031222,5.6387776565551775,5.6387776565551775
4.0,18.286392,-14.286392211914062,14.286392211914062
20.97,16.554003,4.4159972381591786,4.4159972381591786
18.38,10.739171,7.640828971862792,7.640828971862792
8.53,17.21813,-8.688130111694337,8.688130111694337
4.01,7.2185864,-3.2085864448547365,3.2085864448547365
13.06,12.312506,0.7474942779541021,0.7474942779541021
14.8,16.768473,-1.9684726715087884,1.9684726715087884
5.68,11.556334,-5.8763335418701175,5.8763335418701175
5.8,6.5245757,-0.724575710296631,0.724575710296631
10.47,14.477509,-4.007508544921874,4.007508544921874
12.8,15.134505,-2.3345052719116204,2.3345052719116204
6.93,9.474024,-2.544023818969727,2.544023818969727
16.83,28.547277,-11.717277450561525,11.717277450561525
1.25,7.3942337,-6.144233703613281,6.144233703613281
4.99,20.778795,-15.78879524230957,15.78879524230957
10.56,14.002353,-3.4423527145385737,3.4423527145385737
25.55,20.39853,5.151470947265626,5.151470947265626
26.78,13.098423,13.68157699584961,13.68157699584961
14.9,19.821749,-4.9217487335205075,4.9217487335205075
23.24,11.219849,12.020151367187498,12.020151367187498
15.07,20.024603,-4.954602890014648,4.954602890014648
11.85,14.560888,-2.710888290405274,2.710888290405274
16.83,22.202194,-5.372194213867189,5.372194213867189
52.7,14.615442,38.084557723999026,38.084557723999026
35.02,26.034433,8.985566635131839,8.985566635131839
5.47,14.270759,-8.800758628845216,8.800758628845216
8.0,16.104576,-8.104576110839844,8.104576110839844
12.82,11.845049,0.974951095581055,0.974951095581055
9.4,14.0712385,-4.67123851776123,4.67123851776123
48.74,14.448978,34.291021575927736,34.291021575927736
7.7,11.735259,-4.035259056091308,4.035259056091308
9.94,13.249891,-3.30989128112793,3.30989128112793
9.4,9.025575,0.37442531585693395,0.37442531585693395
0.17,13.012341,-12.842340545654297,12.842340545654297
51.36,14.120808,37.23919235229492,37.23919235229492
15.8,13.313656,2.4863441467285163,2.4863441467285163
26.43,17.734198,8.695802383422851,8.695802383422851
17.39,27.306839,-9.916838989257812,9.916838989257812
43.16,22.84225,20.317749176025387,20.317749176025387
6.29,13.539371,-7.249370536804199,7.249370536804199
2.87,9.413048,-6.543047790527344,6.543047790527344
47.62,35.5444,12.075600738525388,12.075600738525388
7.56,23.90043,-16.34043067932129,16.34043067932129
5.4,22.76173,-17.3617301940918,17.3617301940918
22.3,24.41581,-2.1158096313476555,2.1158096313476555
19.42,23.558628,-4.138628082275389,4.138628082275389
20.68,16.884125,3.7958752441406247,3.7958752441406247
16.65,13.858166,2.7918342590332017,2.7918342590332017
36.17,13.836905,22.333095474243166,22.333095474243166
22.3,13.126323,9.173677253723145,9.173677253723145
6.49,8.410553,-1.9205529785156248,1.9205529785156248
5.33,12.637216,-7.307215614318848,7.307215614318848
10.56,9.810894,0.7491059875488286,0.7491059875488286
36.75,24.59533,12.154670715332031,12.154670715332031
27.66,17.775955,9.884044799804688,9.884044799804688
13.18,16.297827,-3.1178267669677737,3.1178267669677737
7.0,18.705425,-11.705425262451172,11.705425262451172
15.52,27.081823,-11.561823348999024,11.561823348999024
66.02,35.409508,30.610492248535152,30.610492248535152
50.11,15.951957,34.1580432510376,34.1580432510376
7.33,29.749916,-22.419916076660158,22.419916076660158
0.1,20.823034,-20.723034286499022,20.723034286499022
19.14,19.253763,-0.1137631988525385,0.1137631988525385
25.95,25.724348,0.2256519317626946,0.2256519317626946
19.23,10.510038,8.719961624145508,8.719961624145508
25.9,12.534764,13.365235710144042,13.365235710144042
4.42,15.0322075,-10.612207489013672,10.612207489013672
11.85,25.102224,-13.252224349975586,13.252224349975586
36.39,20.769394,15.620606079101563,15.620606079101563
22.5,18.383335,4.116664886474609,4.116664886474609
10.79,21.100609,-10.310608825683595,10.310608825683595
4.81,19.083239,-14.273238601684572,14.273238601684572
30.0,31.934975,-1.9349746704101562,1.9349746704101562
6.2,12.030844,-5.830843734741211,5.830843734741211
3.1,19.69334,-16.59334030151367,16.59334030151367
12.45,20.4817,-8.031700897216798,8.031700897216798
3.9,17.982447,-14.082446670532226,14.082446670532226
9.61,23.23087,-13.620869293212891,13.620869293212891
6.44,19.83959,-13.399590072631835,13.399590072631835
49.18,25.853212,23.326787643432617,23.326787643432617
8.73,14.397809,-5.667809028625488,5.667809028625488
0.6,14.626817,-14.026816749572754,14.026816749572754
29.9,12.284254,17.61574592590332,17.61574592590332
1.08,9.981353,-8.901352806091309,8.901352806091309
12.65,15.479396,-2.8293958663940426,2.8293958663940426
36.55,14.231175,22.31882457733154,22.31882457733154
8.33,24.502314,-16.172313613891603,16.172313613891603
0.04,20.565205,-20.52520462036133,20.52520462036133
19.83,15.172319,4.657680587768553,4.657680587768553
42.49,27.522535,14.967464675903322,14.967464675903322
30.68,30.432468,0.2475315856933591,0.2475315856933591
5.95,11.873019,-5.923019218444824,5.923019218444824
23.2,19.273699,3.926301193237304,3.926301193237304
16.3,19.215036,-2.9150363922119134,2.9150363922119134
16.06,15.681153,0.3788467025756823,0.3788467025756823
21.82,27.70867,-5.888669662475586,5.888669662475586
65.6,42.390743,23.20925674438476,23.20925674438476
7.41,9.695328,-2.2853277587890624,2.2853277587890624
19.6,23.15943,-3.559429550170897,3.559429550170897
21.71,16.86962,4.840380630493165,4.840380630493165
30.89,14.48796,16.40204013824463,16.40204013824463
30.19,22.162228,8.027772369384767,8.027772369384767
52.52,33.441273,19.0787272644043,19.0787272644043
55.68,18.048872,37.631128005981445,37.631128005981445
14.0,19.603743,-5.603742599487305,5.603742599487305
10.9,14.226093,-3.3260932922363278,3.3260932922363278
29.2,22.610828,6.589171600341796,6.589171600341796
25.32,36.628468,-11.308467559814453,11.308467559814453
33.25,23.247284,10.002716064453125,10.002716064453125
13.04,17.392988,-4.3529882049560555,4.3529882049560555
26.6,15.033741,11.566259002685548,11.566259002685548
14.0,18.828953,-4.828952789306641,4.828952789306641
13.32,15.570884,-2.250883750915527,2.250883750915527
5.62,21.224512,-15.604512100219726,15.604512100219726
27.87,23.80604,4.063960189819337,4.063960189819337
24.48,22.566826,1.9131741333007817,1.9131741333007817
45.28,22.052677,23.227322845458986,23.227322845458986
18.2,33.26405,-15.064049530029298,15.064049530029298
5.35,21.687246,-16.337246322631835,16.337246322631835
14.0,25.63709,-11.637090682983398,11.637090682983398
13.6,20.79994,-7.19994010925293,7.19994010925293
11.99,12.52195,-0.531949768066406,0.531949768066406
7.24,15.814629,-8.574628601074219,8.574628601074219
57.79,28.99737,28.792630233764648,28.792630233764648
53.09,21.591848,31.498151626586917,31.498151626586917
22.46,24.914303,-2.4543028259277335,2.4543028259277335
20.55,20.305878,0.2441223144531257,0.2441223144531257
4.13,10.936998,-6.80699836730957,6.80699836730957
53.31,26.231743,27.078257141113284,27.078257141113284
19.03,24.388746,-5.3587462615966786,5.3587462615966786
35.77,24.989052,10.780948181152347,10.780948181152347
7.88,19.087376,-11.207375640869142,11.207375640869142
64.0,13.29758,50.702420234680176,50.702420234680176
62.91,36.0048,26.90520111083984,26.90520111083984
10.0,19.696901,-9.696901321411133,9.696901321411133
44.19,15.913817,28.276182594299314,28.276182594299314
8.91,25.676435,-16.766435470581055,16.766435470581055
51.66,40.738804,10.921196136474606,10.921196136474606
30.2,22.09402,8.10597915649414,8.10597915649414
10.9,12.63927,-1.7392698287963864,1.7392698287963864
19.22,21.721117,-2.5011170196533214,2.5011170196533214
33.02,21.687761,11.332238693237308,11.332238693237308
7.4,25.7248,-18.324800109863283,18.324800109863283
32.44,24.427824,8.012175979614256,8.012175979614256
38.83,34.819614,4.010385589599608,4.010385589599608
6.1,21.845383,-15.745382690429688,15.745382690429688
37.71,23.743217,13.966782531738282,13.966782531738282
42.8,36.537704,6.26229553222656,6.26229553222656
33.39,25.405144,7.984856262207032,7.984856262207032
9.66,35.111946,-25.45194610595703,25.45194610595703
3.9,27.147894,-23.24789390563965,23.24789390563965
12.83,25.925024,-13.095024032592773,13.095024032592773
5.48,13.434726,-7.954725761413574,7.954725761413574
14.15,16.646463,-2.4964633941650387,2.4964633941650387
11.0,11.488569,-0.4885692596435547,0.4885692596435547
24.93,24.859846,0.07015388488769503,0.07015388488769503
9.64,19.950052,-10.310052261352538,10.310052261352538
13.02,25.512054,-12.492054443359375,12.492054443359375
14.17,14.102363,0.06763736724853509,0.06763736724853509
5.6,7.7402544,-2.140254402160645,2.140254402160645
23.25,28.77418,-5.524179458618164,5.524179458618164
10.74,13.065671,-2.3256709671020506,2.3256709671020506
5.79,12.650284,-6.8602838134765625,6.8602838134765625
35.22,33.105953,2.1140467834472645,2.1140467834472645
7.8,8.473466,-0.6734659194946291,0.6734659194946291
17.3,17.830276,-0.5302764892578118,0.5302764892578118
22.0,13.971942,8.028058052062988,8.028058052062988
12.52,18.322884,-5.802883605957032,5.802883605957032
4.81,16.992016,-12.182015838623048,12.182015838623048
3.79,13.121396,-9.331396064758302,9.331396064758302
6.05,24.962954,-18.912953567504882,18.912953567504882
21.21,17.878956,3.3310441589355477,3.3310441589355477
39.76,36.348896,3.41110397338867,3.41110397338867
13.95,17.313623,-3.3636234283447273,3.3636234283447273
18.22,14.4774685,3.742531509399413,3.742531509399413
16.36,18.92821,-2.568209304809571,2.568209304809571
19.39,19.952728,-0.5627282714843744,0.5627282714843744
20.36,23.377266,-3.017265930175782,3.017265930175782
6.31,11.402621,-5.092621269226075,5.092621269226075
28.0,17.467476,10.532524108886719,10.532524108886719
7.5,12.809728,-5.309727668762207,5.309727668762207
23.12,18.585264,4.534735794067384,4.534735794067384
20.97,11.036556,9.933443756103514,9.933443756103514
7.49,16.800747,-9.31074691772461,9.31074691772461
19.4,15.055888,4.344111824035643,4.344111824035643
4.57,14.303411,-9.733410530090332,9.733410530090332
8.6,9.997206,-1.39720573425293,1.39720573425293
1.03,14.9337,-13.903699607849122,13.903699607849122
11.53,10.313281,1.2167189407348626,1.2167189407348626
13.32,10.843224,2.4767764282226565,2.4767764282226565
12.17,12.479488,-0.30948837280273445,0.30948837280273445
11.0,9.528347,1.4716529846191406,1.4716529846191406
11.15,9.68897,1.4610303878784183,1.4610303878784183
11.22,11.127752,0.0922476959228522,0.0922476959228522
2.33,14.099321,-11.769321365356445,11.769321365356445
9.66,10.284758,-0.624757614135742,0.624757614135742
12.15,12.287035,-0.13703498840331996,0.13703498840331996
2.97,12.992311,-10.022310523986816,10.022310523986816
31.29,17.576174,13.713826217651366,13.713826217651366
13.6,12.610365,0.98963508605957,0.98963508605957
10.5,12.797434,-2.297433853149414,2.297433853149414
5.52,6.1534863,-0.6334862518310551,0.6334862518310551
46.07,22.783747,23.28625328063965,23.28625328063965
5.53,10.2652025,-4.735202522277832,4.735202522277832
1.0,10.588641,-9.588641166687012,9.588641166687012
22.35,21.589363,0.7606369018554702,0.7606369018554702
11.54,12.517167,-0.9771670913696298,0.9771670913696298
51.3,22.638288,28.661711502075192,28.661711502075192
37.14,16.528597,20.611403121948243,20.611403121948243
6.32,10.265456,-3.945456199645996,3.945456199645996
3.68,7.602059,-3.9220588874816893,3.9220588874816893
1.98,13.901996,-11.921995658874511,11.921995658874511
19.58,18.737408,0.8425923156738264,0.8425923156738264
30.35,16.581314,13.768685913085939,13.768685913085939
35.01,26.16709,8.842910537719725,8.842910537719725
20.46,18.301441,2.1585588073730477,2.1585588073730477
2.6,9.033511,-6.4335111618042,6.4335111618042
8.45,7.336112,1.113887977600097,1.113887977600097
11.61,19.847134,-8.23713363647461,8.23713363647461
2.5,9.143775,-6.64377498626709,6.64377498626709
26.7,13.409895,13.290105056762695,13.290105056762695
27.76,14.790059,12.969940910339357,12.969940910339357
3.12,16.310324,-13.19032371520996,13.19032371520996
22.3,18.179914,4.120085525512696,4.120085525512696
10.0,11.802499,-1.8024988174438477,1.8024988174438477
9.17,9.518679,-0.3486786651611329,0.3486786651611329
11.7,11.734834,-0.03483371734619212,0.03483371734619212
11.1,8.999132,2.1008678436279293,2.1008678436279293
6.98,17.917614,-10.937613983154296,10.937613983154296
10.92,17.646141,-6.726141052246094,6.726141052246094
31.26,26.544939,4.715060958862306,4.715060958862306
4.39,7.256055,-2.8660548782348636,2.8660548782348636
7.63,8.528135,-0.8981352996826173,0.8981352996826173
7.99,14.649464,-6.659463653564453,6.659463653564453
8.25,12.435302,-4.185301780700684,4.185301780700684
0.8,6.1534863,-5.353486251831055,5.353486251831055
32.65,27.66578,4.984220886230467,4.984220886230467
12.6,12.356348,0.24365196228027308,0.24365196228027308
3.46,8.017329,-4.557329216003418,4.557329216003418
6.05,7.32575,-1.2757498741149904,1.2757498741149904
1.55,8.074191,-6.524191093444824,6.524191093444824
20.78,19.073818,1.7061817932128918,1.7061817932128918
12.09,9.042939,3.0470608139038085,3.0470608139038085
13.59,8.973416,4.616583671569824,4.616583671569824
5.5,13.683263,-8.183262825012207,8.183262825012207
10.2,15.459193,-5.259193229675294,5.259193229675294
23.88,15.81697,8.063030128479003,8.063030128479003
13.96,16.364277,-2.4042768859863273,2.4042768859863273
6.6,9.615532,-3.015531921386719,3.015531921386719
27.8,12.153572,15.64642791748047,15.64642791748047
7.33,12.604694,-5.274694366455078,5.274694366455078
15.1,17.676954,-2.57695426940918,2.57695426940918
8.75,8.968022,-0.21802234649658203,0.21802234649658203
39.83,23.292332,16.537668304443358,16.537668304443358
14.86,14.272913,0.5870870208740229,0.5870870208740229
10.86,12.405128,-1.5451275253295904,1.5451275253295904
2.05,6.4179063,-4.367906284332276,4.367906284332276
1.2,13.067143,-11.867143440246583,11.867143440246583
2.1,21.582329,-19.482328796386717,19.482328796386717
39.5,17.411907,22.088092803955078,22.088092803955078
7.8,8.241689,-0.4416887283325197,0.4416887283325197
9.41,16.690481,-7.280481185913086,7.280481185913086
6.73,18.731647,-12.001647491455078,12.001647491455078
7.43,11.814866,-4.384866065979004,4.384866065979004
46.85,18.447865,28.4021354675293,28.4021354675293
21.37,13.145913,8.224086875915528,8.224086875915528
3.68,11.912371,-8.232370681762696,8.232370681762696
10.76,21.614946,-10.854946365356446,10.854946365356446
34.65,22.497164,12.15283622741699,12.15283622741699
42.05,33.229317,8.820683288574216,8.820683288574216
26.48,14.07771,12.402289848327637,12.402289848327637
38.4,19.714872,18.685127639770506,18.685127639770506
15.1,11.085108,4.014892196655273,4.014892196655273
9.0,16.951176,-7.951175689697266,7.951175689697266
4.31,16.309118,-11.999118270874025,11.999118270874025
22.54,19.274452,3.265547790527343,3.265547790527343
1.66,20.771471,-19.11147102355957,19.11147102355957
10.55,18.222569,-7.67256851196289,7.67256851196289
24.69,22.555475,2.1345247650146497,2.1345247650146497
0.98,19.758144,-18.77814437866211,18.77814437866211
11.44,13.464451,-2.024450836181641,2.024450836181641
20.79,20.626255,0.16374496459960852,0.16374496459960852
12.4,26.951664,-14.551663970947265,14.551663970947265
21.14,27.123463,-5.983462677001953,5.983462677001953
14.04,14.754373,-0.7143725967407235,0.7143725967407235
12.26,14.063363,-1.8033630752563479,1.8033630752563479
5.3,13.852686,-8.552685928344726,8.552685928344726
0.01,26.39818,-26.38818000793457,26.38818000793457
36.3,23.112404,13.187596130371091,13.187596130371091
8.19,13.050662,-4.86066204071045,4.86066204071045
2.83,9.506668,-6.676668090820312,6.676668090820312
9.27,12.671715,-3.401714782714844,3.401714782714844
0.01,26.330404,-26.32040428161621,26.32040428161621
0.14,18.910587,-18.770587310791015,18.770587310791015
18.79,14.061596,4.728404083251952,4.728404083251952
30.86,23.496294,7.363705978393554,7.363705978393554
4.8,20.999454,-16.199454498291015,16.199454498291015
22.02,27.700556,-5.680555801391602,5.680555801391602
8.7,13.783107,-5.083106803894044,5.083106803894044
14.57,27.210825,-12.640824966430664,12.640824966430664
2.6,26.025986,-23.425985717773436,23.425985717773436
18.61,23.747862,-5.137861862182618,5.137861862182618
5.7,19.101927,-13.401926803588868,13.401926803588868
17.23,13.321705,3.9082951354980473,3.9082951354980473
13.73,16.007053,-2.27705337524414,2.27705337524414
7.5,17.832556,-10.332555770874023,10.332555770874023
6.21,14.170677,-7.960677185058594,7.960677185058594
8.12,18.764732,-10.644732360839845,10.644732360839845
36.25,32.70155,3.548450469970703,3.548450469970703
28.67,25.647966,3.0220336151123064,3.0220336151123064
14.0,17.602629,-3.602628707885742,3.602628707885742
19.08,18.840925,0.2390747833251936,0.2390747833251936
0.4,13.615372,-13.215371704101562,13.215371704101562
25.1,19.539965,5.560035324096681,5.560035324096681
32.86,20.883574,11.976426467895507,11.976426467895507
9.44,23.160763,-13.720762786865235,13.720762786865235
6.9,9.901118,-3.0011182785034176,3.0011182785034176
26.61,22.832312,3.777688369750976,3.777688369750976
14.58,14.358956,0.22104366302490241,0.22104366302490241
18.9,26.88449,-7.984489059448244,7.984489059448244
14.46,26.891075,-12.431075134277343,12.431075134277343
19.49,14.000592,5.48940776824951,5.48940776824951
28.8,20.096027,8.703972625732423,8.703972625732423
10.41,20.331207,-9.921207275390625,9.921207275390625
22.6,21.149475,1.4505249023437514,1.4505249023437514
35.55,19.205376,16.34462432861328,16.34462432861328
25.69,15.868834,9.821166458129884,9.821166458129884
48.9,19.706295,29.193704986572264,29.193704986572264
12.46,11.258307,1.201692543029786,1.201692543029786
29.92,16.441246,13.478753967285158,13.478753967285158
12.31,22.886591,-10.576590957641601,10.576590957641601
6.45,20.20626,-13.756260681152344,13.756260681152344
47.27,42.390743,4.879256744384769,4.879256744384769
4.6,9.613966,-5.01396598815918,5.01396598815918
31.33,13.877926,17.452074127197264,17.452074127197264
19.36,19.044174,0.31582580566406193,0.31582580566406193
3.94,20.192898,-16.252897796630858,16.252897796630858
28.12,21.937038,6.182961578369142,6.182961578369142
14.0,19.38626,-5.386259078979492,5.386259078979492
51.2,21.005054,30.19494552612305,30.19494552612305
18.82,27.417295,-8.597295455932617,8.597295455932617
34.9,20.033785,14.86621513366699,14.86621513366699
8.46,24.162352,-15.702351608276366,15.702351608276366
51.33,17.60158,33.7284203338623,33.7284203338623
43.93,33.322136,10.607864074707031,10.607864074707031
6.81,18.578465,-11.768464508056642,11.768464508056642
33.11,27.94857,5.161429748535156,5.161429748535156
31.04,24.732786,6.307213821411132,6.307213821411132
21.54,20.172638,1.3673620605468741,1.3673620605468741
12.95,17.210978,-4.26097755432129,4.26097755432129
0.81,19.385948,-18.575948181152345,18.575948181152345
6.99,19.180487,-12.190486679077148,12.190486679077148
0.14,35.67451,-35.534510955810546,35.534510955810546
8.34,14.069865,-5.729865226745606,5.729865226745606
10.77,26.348053,-15.578052978515625,15.578052978515625
11.46,23.361776,-11.90177635192871,11.90177635192871
16.36,21.42418,-5.064179077148438,5.064179077148438
15.98,19.888447,-3.9084468078613277,3.9084468078613277
9.29,20.448887,-11.158886871337891,11.158886871337891
9.42,21.208189,-11.788189010620117,11.788189010620117
48.2,36.690918,11.509082031250003,11.509082031250003
23.69,27.146496,-3.4564958190917956,3.4564958190917956
52.16,34.625156,17.534843597412106,17.534843597412106
40.88,25.177116,15.702883605957034,15.702883605957034
11.11,12.737689,-1.6276890182495123,1.6276890182495123
21.41,25.457933,-4.04793342590332,4.04793342590332
12.3,16.559927,-4.259926986694335,4.259926986694335
42.24,20.369684,21.87031578063965,21.87031578063965
11.8,25.209627,-13.409627151489257,13.409627151489257
21.1,21.912104,-0.8121036529541001,0.8121036529541001
4.42,29.702147,-25.282146530151365,25.282146530151365
19.71,16.609474,3.1005258178710946,3.1005258178710946
12.09,19.701874,-7.611873779296875,7.611873779296875
34.74,35.445213,-0.7052133178710918,0.7052133178710918
12.76,26.474005,-13.714004745483399,13.714004745483399
20.7,27.086187,-6.386187362670899,6.386187362670899
37.17,34.727646,2.442354125976564,2.442354125976564
6.49,19.848919,-13.358918914794922,13.358918914794922
22.3,17.412746,4.887253570556641,4.887253570556641
9.57,26.692793,-17.122792892456054,17.122792892456054
22.3,15.156279,7.1437213897705085,7.1437213897705085
2.22,8.490446,-6.2704460906982415,6.2704460906982415
12.8,15.241198,-2.4411975860595696,2.4411975860595696
13.8,13.580186,0.2198141098022468,0.2198141098022468
30.68,17.462183,13.217817001342773,13.217817001342773
5.3,16.043152,-10.74315185546875,10.74315185546875
7.7,12.077074,-4.37707405090332,4.37707405090332
9.03,15.648131,-6.618131370544434,6.618131370544434
17.23,15.774672,1.4553284454345707,1.4553284454345707
9.81,13.8052025,-3.995202484130859,3.995202484130859
7.83,8.490446,-0.6604460906982421,0.6604460906982421
57.92,49.94856,7.971441192626955,7.971441192626955
14.63,17.279955,-2.6499549102783195,2.6499549102783195
2.31,12.227954,-9.917953910827636,9.917953910827636
13.95,11.964056,1.9859439849853509,1.9859439849853509
18.8,15.8978,2.90219955444336,2.90219955444336
10.29,12.809728,-2.519727668762208,2.519727668762208
21.24,16.808533,4.431467285156248,4.431467285156248
41.58,30.117025,11.462974624633787,11.462974624633787
47.66,17.400335,30.259664688110348,30.259664688110348
12.74,22.27638,-9.53638053894043,9.53638053894043
17.48,14.322528,3.1574721145629887,3.1574721145629887
18.5,24.50396,-6.003959655761719,6.003959655761719
19.46,17.20864,2.25136085510254,2.25136085510254
9.4,14.470959,-5.0709587097167965,5.0709587097167965
4.18,11.685301,-7.5053008270263675,7.5053008270263675
23.95,23.469736,0.4802639007568352,0.4802639007568352
24.43,18.156128,6.2738720703125,6.2738720703125
17.62,14.376113,3.243887062072755,3.243887062072755
17.98,14.879887,3.100113372802735,3.100113372802735
9.7,9.896065,-0.19606475830078196,0.19606475830078196
12.51,12.524613,-0.01461338043212912,0.01461338043212912
15.72,10.7374525,4.982547492980958,4.982547492980958
15.0,15.196225,-0.19622516632080078,0.19622516632080078
14.28,18.429794,-4.149794311523438,4.149794311523438
26.2,17.160086,9.039914321899413,9.039914321899413
0.61,10.574017,-9.964016571044922,9.964016571044922
31.06,15.024985,16.03501468658447,16.03501468658447
4.11,9.431973,-5.3219734573364255,5.3219734573364255
15.47,11.717727,3.7522732925415045,3.7522732925415045
10.06,17.049484,-6.989484252929687,6.989484252929687
4.92,12.157918,-7.237917976379395,7.237917976379395
35.9,9.6630535,26.236946487426756,26.236946487426756
19.37,20.975458,-1.6054581451416006,1.6054581451416006
4.68,7.4289846,-2.748984642028809,2.748984642028809
10.38,19.501904,-9.121903533935546,9.121903533935546
48.42,22.325405,26.094594879150392,26.094594879150392
9.77,10.340341,-0.5703406143188481,0.5703406143188481
9.2,8.15712,1.0428802490234368,1.0428802490234368
9.49,18.559034,-9.06903434753418,9.06903434753418
1.3,17.466028,-16.166028213500976,16.166028213500976
31.82,16.581314,15.238685913085938,15.238685913085938
3.49,15.017883,-11.52788330078125,11.52788330078125
31.19,15.463791,15.726209106445314,15.726209106445314
11.81,9.728683,2.081316528320313,2.081316528320313
7.02,8.7355385,-1.715538482666016,1.715538482666016
11.38,9.620017,1.7599829483032234,1.7599829483032234
15.39,18.743607,-3.353606567382812,3.353606567382812
9.5,8.590827,0.9091730117797852,0.9091730117797852
15.1,10.850465,4.249535179138183,4.249535179138183
13.6,7.130331,6.469668960571289,6.469668960571289
15.83,15.762658,0.06734188079833991,0.06734188079833991
3.78,12.229912,-8.44991180419922,8.44991180419922
3.06,7.602059,-4.542058887481689,4.542058887481689
3.5,8.729819,-5.229819297790527,5.229819297790527
26.5,8.603144,17.8968563079834,17.8968563079834
17.98,20.062311,-2.082311172485351,2.082311172485351
22.3,14.445115,7.854884910583497,7.854884910583497
8.92,11.652702,-2.732702331542969,2.732702331542969
5.5,9.784245,-4.284244537353516,4.284244537353516
22.65,8.373712,14.276288414001463,14.276288414001463
19.33,17.279873,2.050127105712889,2.050127105712889
21.72,15.56705,6.152950019836425,6.152950019836425
25.21,21.589363,3.6206369018554696,3.6206369018554696
5.1,15.063655,-9.963654899597168,9.963654899597168
3.51,9.191416,-5.681415786743164,5.681415786743164
8.03,9.2611475,-1.2311474990844733,1.2311474990844733
33.31,24.512497,8.797503051757815,8.797503051757815
3.88,17.639315,-13.759314651489259,13.759314651489259
43.3,27.17034,16.12966041564941,16.12966041564941
31.19,22.304731,8.885268630981447,8.885268630981447
12.11,9.688026,2.421973571777343,2.421973571777343
18.31,14.561316,3.7486844635009753,3.7486844635009753
22.3,11.909693,10.390307235717774,10.390307235717774
5.73,7.458111,-1.7281108093261714,1.7281108093261714
8.26,12.883847,-4.623847236633301,4.623847236633301
23.84,23.402466,0.43753417968749986,0.43753417968749986
16.4,8.570192,7.829807662963866,7.829807662963866
13.64,18.577068,-4.937068328857421,4.937068328857421
11.5,8.5289135,2.9710865020751953,2.9710865020751953
5.92,17.426874,-11.506874160766602,11.506874160766602
19.39,14.347023,5.042976989746094,5.042976989746094
26.03,16.74765,9.282349853515626,9.282349853515626
4.68,10.829592,-6.149591751098633,6.149591751098633
52.12,11.236812,40.88318836212158,40.88318836212158
9.7,9.046393,0.6536066055297844,0.6536066055297844
4.12,12.29935,-8.179349784851073,8.179349784851073
12.74,11.636319,1.1036808395385744,1.1036808395385744
17.55,9.567582,7.982417869567872,7.982417869567872
1.53,10.090418,-8.560417861938477,8.560417861938477
35.3,22.525333,12.774666595458982,12.774666595458982
6.2,16.510447,-10.310446548461915,10.310446548461915
15.72,12.24824,3.47175952911377,3.47175952911377
9.57,16.188131,-6.618131332397461,6.618131332397461
33.25,16.630333,16.619667053222656,16.619667053222656
35.54,19.478031,16.061968841552734,16.061968841552734
8.85,10.692203,-1.8422025680541996,1.8422025680541996
7.27,13.889192,-6.619191627502442,6.619191627502442
2.79,14.008509,-11.218508682250977,11.218508682250977
10.69,16.327547,-5.637547073364258,5.637547073364258
2.7,8.663057,-5.963057327270508,5.963057327270508
11.05,11.550262,-0.5002624511718743,0.5002624511718743
9.45,11.191636,-1.7416360855102546,1.7416360855102546
26.86,21.638548,5.221452102661132,5.221452102661132
51.59,15.481015,36.1089847946167,36.1089847946167
22.27,12.344171,9.925829429626464,9.925829429626464
4.37,8.71438,-4.3443802642822265,4.3443802642822265
0.16,14.726645,-14.566645469665527,14.566645469665527
16.42,19.880476,-3.460475997924803,3.460475997924803
38.2,23.24028,14.959719848632815,14.959719848632815
20.5,27.315157,-6.815156936645508,6.815156936645508
6.2,16.808125,-10.608124542236329,10.608124542236329
8.59,32.856407,-24.266407165527344,24.266407165527344
11.98,18.981668,-7.001668472290039,7.001668472290039
12.62,10.123921,2.4960786056518547,2.4960786056518547
53.76,34.634132,19.12586761474609,19.12586761474609
9.24,12.768453,-3.5284526443481443,3.5284526443481443
20.0,26.62428,-6.62428092956543,6.62428092956543
0.69,19.657654,-18.96765380859375,18.96765380859375
54.25,22.392998,31.85700225830078,31.85700225830078
7.98,13.652268,-5.6722684097290035,5.6722684097290035
1.43,9.4558325,-8.025832481384278,8.025832481384278
19.37,23.740799,-4.3707989501953115,4.3707989501953115
2.9,22.383572,-19.48357162475586,19.48357162475586
0.21,17.564417,-17.354416885375976,17.354416885375976
29.04,27.015404,2.0245962524414054,2.0245962524414054
7.06,18.363138,-11.30313819885254,11.30313819885254
13.26,19.43769,-6.1776907348632815,6.1776907348632815
15.72,18.197336,-2.4773361968994134,2.4773361968994134
10.4,19.741224,-9.34122428894043,9.34122428894043
6.6,9.841204,-3.2412036895751957,3.2412036895751957
19.65,20.423342,-0.7733417510986342,0.7733417510986342
10.7,18.48094,-7.780939865112305,7.780939865112305
14.42,29.345331,-14.925331192016602,14.925331192016602
43.6,27.21764,16.3823600769043,16.3823600769043
14.47,15.940379,-1.4703791427612298,1.4703791427612298
1.29,17.42731,-16.137310943603516,16.137310943603516
27.63,17.430056,10.199944381713866,10.199944381713866
37.09,33.48321,3.606788482666019,3.606788482666019
49.6,23.305056,26.29494438171387,26.29494438171387
14.22,25.724348,-11.504348068237304,11.504348068237304
37.65,14.618712,23.031287574768065,23.031287574768065
7.75,15.732967,-7.982967376708984,7.982967376708984
7.86,24.118254,-16.258253707885743,16.258253707885743
21.41,17.567648,3.842352066040039,3.842352066040039
15.79,26.922504,-11.132504425048829,11.132504425048829
7.45,13.777809,-6.327809143066406,6.327809143066406
30.03,29.005856,1.0241444396972668,1.0241444396972668
9.13,20.45921,-11.329209442138671,11.329209442138671
26.14,19.801113,6.338886871337891,6.338886871337891
8.23,20.511868,-12.281867523193359,12.281867523193359
4.93,21.227669,-16.29766876220703,16.29766876220703
7.4,15.426624,-8.026624298095703,8.026624298095703
10.8,10.759243,0.040756988525391336,0.040756988525391336
19.05,21.286077,-2.2360774993896477,2.2360774993896477
12.44,11.192529,1.2474712753295893,1.2474712753295893
19.75,16.562605,3.1873950958251953,3.1873950958251953
2.9,19.977642,-17.077642059326173,17.077642059326173
19.2,22.94218,-3.7421806335449226,3.7421806335449226
9.35,9.416146,-0.06614627838134801,0.06614627838134801
9.2,17.656878,-8.456877517700196,8.456877517700196
11.8,21.191639,-9.391638946533202,9.391638946533202
22.3,30.818474,-8.518473815917968,8.518473815917968
22.1,19.719742,2.380258178710939,2.380258178710939
21.62,21.180105,0.43989479064941506,0.43989479064941506
31.94,20.856754,11.083245697021486,11.083245697021486
14.0,18.777012,-4.777011871337891,4.777011871337891
20.12,16.692492,3.4275084686279307,3.4275084686279307
69.79,18.122837,51.667162933349616,51.667162933349616
58.31,29.99813,28.31186920166016,28.31186920166016
13.16,31.951345,-18.791345443725586,18.791345443725586
49.6,20.641212,28.958787536621095,28.958787536621095
33.45,23.69232,9.757680130004886,9.757680130004886
14.96,19.847466,-4.887465515136718,4.887465515136718
12.3,19.07338,-6.773379516601562,6.773379516601562
3.81,17.766857,-13.956857147216796,13.956857147216796
6.54,25.264563,-18.724562606811524,18.724562606811524
0.82,24.392048,-23.572047882080078,23.572047882080078
37.3,19.956512,17.343487548828122,17.343487548828122
29.84,21.940859,7.899141159057617,7.899141159057617
20.8,17.015697,3.784302520751954,3.784302520751954
14.97,24.645159,-9.675158767700195,9.675158767700195
28.92,23.88896,5.031040115356447,5.031040115356447
21.77,22.311583,-0.5415825653076176,0.5415825653076176
23.7,25.32335,-1.623350906372071,1.623350906372071
12.58,22.719383,-10.139383239746094,10.139383239746094
12.78,17.195122,-4.415121765136719,4.415121765136719
10.21,11.513881,-1.3038807296752921,1.3038807296752921
12.64,17.230976,-4.590976104736328,4.590976104736328
7.45,10.514853,-3.0648525238037108,3.0648525238037108
18.05,19.153921,-1.1039211273193352,1.1039211273193352
15.29,22.077751,-6.78775115966797,6.78775115966797
4.7,20.000805,-15.300804901123048,15.300804901123048
11.0,18.62164,-7.621639251708984,7.621639251708984
6.8,18.80524,-12.005240631103515,12.005240631103515
10.95,34.750988,-23.800988006591798,23.800988006591798
44.9,21.021757,23.878242874145506,23.878242874145506
44.53,36.472336,8.057664184570314,8.057664184570314
41.13,23.39712,17.732880477905276,17.732880477905276
23.06,23.233908,-0.17390769958496222,0.17390769958496222
23.31,18.681284,4.628716049194335,4.628716049194335
13.89,18.304914,-4.414914474487304,4.414914474487304
29.8,25.108591,4.691408920288087,4.691408920288087
14.92,34.076435,-19.156435089111326,19.156435089111326
14.92,20.49755,-5.577549057006836,5.577549057006836
24.77,22.635845,2.1341548156738277,2.1341548156738277
37.62,22.922306,14.697693939208982,14.697693939208982
48.21,23.505178,24.704821548461915,24.704821548461915
27.9,21.084448,6.815552139282225,6.815552139282225
10.07,21.23885,-11.168849639892578,11.168849639892578
30.11,27.690493,2.4195073699951166,2.4195073699951166
4.03,18.516954,-14.48695442199707,14.48695442199707
5.4,19.526285,-14.126285171508789,14.126285171508789
55.62,31.439713,24.180287475585935,24.180287475585935
33.19,26.005419,7.184581222534177,7.184581222534177
16.48,19.863829,-3.3838286590576168,3.3838286590576168
26.87,29.421776,-2.5517758178710928,2.5517758178710928
51.45,35.286636,16.16336364746094,16.16336364746094
2.53,12.601504,-10.0715043258667,10.0715043258667
16.08,14.02065,2.0593500900268538,2.0593500900268538
11.82,22.498951,-10.678950958251953,10.678950958251953
42.93,31.130257,11.799743347167968,11.799743347167968
11.5,11.83368,-0.3336801528930664,0.3336801528930664
53.71,16.426167,37.28383346557617,37.28383346557617
18.05,21.165922,-3.1159221649169915,3.1159221649169915
20.94,17.492838,3.447162094116212,3.447162094116212
13.5,19.252077,-5.752077102661133,5.752077102661133
9.61,15.587701,-5.977700843811036,5.977700843811036
8.99,8.612444,0.3775560760498049,0.3775560760498049
13.95,13.951128,-0.001128005981446023,0.001128005981446023
11.94,17.168978,-5.228977737426758,5.228977737426758
18.12,17.847078,0.2729216766357432,0.2729216766357432
6.0,12.497623,-6.497623443603516,6.497623443603516
24.38,21.773731,2.606268768310546,2.606268768310546
10.62,13.302921,-2.6829212951660164,2.6829212951660164
32.76,30.179081,2.5809190368652324,2.5809190368652324
7.6,15.263053,-7.663052940368653,7.663052940368653
31.39,16.9431,14.446900024414063,14.446900024414063
4.36,14.447539,-10.08753932952881,10.08753932952881
19.42,16.315693,3.1043070983886736,3.1043070983886736
13.94,15.951875,-2.011874732971192,2.011874732971192
16.0,14.484558,1.51544189453125,1.51544189453125
5.69,16.7244,-11.03439956665039,11.03439956665039
20.8,14.13455,6.6654499053955085,6.6654499053955085
41.88,30.545206,11.334793930053713,11.334793930053713
20.73,21.658926,-0.9289260101318355,0.9289260101318355
7.28,26.39588,-19.115879745483397,19.115879745483397
15.5,14.054475,1.4455251693725586,1.4455251693725586
22.3,15.14288,7.1571195602417,7.1571195602417
21.21,21.047157,0.1628427124023446,0.1628427124023446
12.74,15.661063,-2.921063194274902,2.921063194274902
4.26,11.998309,-7.738309135437012,7.738309135437012
38.94,30.452087,8.487912597656248,8.487912597656248
21.71,17.394846,4.315154037475587,4.315154037475587
5.83,14.41377,-8.583769721984863,8.583769721984863
0.02,11.374371,-11.354370574951172,11.354370574951172
15.36,15.246969,0.1130307769775385,0.1130307769775385
5.8,9.697343,-3.897342872619629,3.897342872619629
5.6,9.152501,-3.5525011062622074,3.5525011062622074
11.06,10.39667,0.6633296585083013,0.6633296585083013
36.27,22.57244,13.697560806274417,13.697560806274417
10.5,14.892079,-4.3920793533325195,4.3920793533325195
9.3,10.02528,-0.7252799987792962,0.7252799987792962
2.94,10.765804,-7.825804290771485,7.825804290771485
1.88,7.698149,-5.8181492042541505,5.8181492042541505
10.0,9.627442,0.3725576400756836,0.3725576400756836
6.97,9.691912,-2.7219116973876956,2.7219116973876956
24.94,12.558717,12.381283226013185,12.381283226013185
14.49,17.930666,-3.4406659698486326,3.4406659698486326
33.28,17.489246,15.790753631591798,15.790753631591798
23.23,16.931791,6.298208694458008,6.298208694458008
7.33,16.514952,-9.184951705932617,9.184951705932617
13.18,13.9272175,-0.7472174835205081,0.7472174835205081
4.0,11.541142,-7.541142463684082,7.541142463684082
7.28,17.10496,-9.824959487915038,9.824959487915038
1.29,10.869517,-9.579517326354981,9.579517326354981
0.13,9.033511,-8.903511161804198,8.903511161804198
0.87,9.640171,-8.770171051025391,8.770171051025391
13.95,12.169572,1.7804281234741204,1.7804281234741204
17.11,10.394898,6.715101585388183,6.715101585388183
7.4,9.434727,-2.0347267150878903,2.0347267150878903
1.7,9.657471,-7.957470703125,7.957470703125
20.01,12.270806,7.739193687438966,7.739193687438966
28.7,11.192297,17.507703018188476,17.507703018188476
14.86,16.166365,-1.3063646697998053,1.3063646697998053
33.9,8.142532,25.757467651367186,25.757467651367186
6.72,17.685059,-10.965058593750001,10.965058593750001
13.96,13.9480295,0.011970481872559446,0.011970481872559446
9.76,9.755818,0.004181632995605256,0.004181632995605256
10.95,10.456508,0.4934923171997063,0.4934923171997063
6.0,8.495589,-2.495589256286621,2.495589256286621
14.18,16.852938,-2.672937698364258,2.672937698364258
13.54,23.23932,-9.699320755004884,9.699320755004884
3.49,13.259197,-9.769197235107422,9.769197235107422
25.02,11.710756,13.309243698120117,13.309243698120117
1.7,13.57724,-11.877239990234376,11.877239990234376
20.44,17.600069,2.8399309539794935,2.8399309539794935
2.95,7.602059,-4.652058887481689,4.652058887481689
18.4,23.174496,-4.774495697021486,4.774495697021486
7.6,15.176952,-7.576952362060547,7.576952362060547
8.6,9.042939,-0.44293918609619176,0.44293918609619176
32.3,17.450962,14.849037933349607,14.849037933349607
12.08,18.37547,-6.295469207763672,6.295469207763672
30.34,22.546593,7.793407287597656,7.793407287597656
24.4,11.499181,12.900819206237792,12.900819206237792
11.37,11.561795,-0.19179523468017656,0.19179523468017656
5.28,25.506548,-20.226547927856444,20.226547927856444
12.5,10.635795,1.8642053604125977,1.8642053604125977
17.95,14.862439,3.087560844421386,3.087560844421386
41.26,15.341762,25.918238410949705,25.918238410949705
17.2,16.64728,0.5527202606201165,0.5527202606201165
22.3,12.5223255,9.77767448425293,9.77767448425293
8.78,9.399305,-0.6193053436279303,0.6193053436279303
19.7,11.937393,7.762606811523437,7.762606811523437
9.09,9.229014,-0.1390143966674806,0.1390143966674806
0.77,17.73656,-16.966560821533204,16.966560821533204
22.31,18.284882,4.025118408203124,4.025118408203124
8.0,13.625131,-5.625130653381348,5.625130653381348
0.03,8.48946,-8.459459991455079,8.459459991455079
0.02,7.9196157,-7.899615745544434,7.899615745544434
9.69,9.033511,0.6564888381958003,0.6564888381958003
6.6,12.308414,-5.708414459228516,5.708414459228516
16.94,19.801323,-2.8613229370117175,2.8613229370117175
44.4,27.240997,17.159002685546874,17.159002685546874
30.1,15.43796,14.662040328979494,14.662040328979494
20.0,14.916491,5.08350944519043,5.08350944519043
12.4,13.549829,-1.1498285293579098,1.1498285293579098
8.63,23.02188,-14.391879196166991,14.391879196166991
6.0,12.415738,-6.415738105773926,6.415738105773926
19.4,19.828465,-0.42846450805664205,0.42846450805664205
23.92,11.861333,12.05866710662842,12.05866710662842
3.36,19.319845,-15.959845199584962,15.959845199584962
1.36,12.797434,-11.437433853149415,11.437433853149415
22.19,22.940544,-0.7505441284179675,0.7505441284179675
6.61,17.237423,-10.627422943115235,10.627422943115235
17.34,16.581314,0.7586859130859374,0.7586859130859374
30.11,18.256735,11.853265151977538,11.853265151977538
4.34,9.311889,-4.971888694763184,4.971888694763184
11.81,13.983424,-2.1734241867065425,2.1734241867065425
16.11,13.195545,2.9144548034667963,2.9144548034667963
43.98,6.4179063,37.56209371566772,37.56209371566772
32.1,16.419231,15.68076858520508,15.68076858520508
35.06,13.598093,21.461906967163088,21.461906967163088
10.55,13.9654665,-3.4154664993286126,3.4154664993286126
15.22,16.765446,-1.545445709228515,1.545445709228515
27.09,32.32534,-5.235340270996094,5.235340270996094
4.67,12.215867,-7.545867042541504,7.545867042541504
42.47,21.643312,20.826687545776366,20.826687545776366
3.79,11.050186,-7.2601861572265625,7.2601861572265625
5.52,12.381811,-6.861811141967774,6.861811141967774
43.33,15.672414,27.65758617401123,27.65758617401123
11.64,12.389932,-0.7499316787719721,0.7499316787719721
34.03,28.728535,5.301465301513673,5.301465301513673
9.72,19.274284,-9.554284362792968,9.554284362792968
12.19,15.674213,-3.4842134094238286,3.4842134094238286
23.26,22.197054,1.0629460906982438,1.0629460906982438
10.2,15.557341,-5.357340621948243,5.357340621948243
9.5,18.436714,-8.936714172363281,8.936714172363281
46.78,32.26251,14.517491607666017,14.517491607666017
17.95,18.96144,-1.0114391326904304,1.0114391326904304
9.1,23.64146,-14.541460418701172,14.541460418701172
3.17,9.113389,-5.943389015197754,5.943389015197754
25.02,28.826605,-3.806604843139649,3.806604843139649
12.4,10.538215,1.8617853164672855,1.8617853164672855
16.73,10.090237,6.639763336181641,6.639763336181641
27.61,16.044003,11.565997467041015,11.565997467041015
0.05,12.096679,-12.046678733825683,12.046678733825683
5.64,24.153429,-18.51342903137207,18.51342903137207
10.37,11.428006,-1.0580061721801766,1.0580061721801766
6.99,10.255736,-3.2657363510131834,3.2657363510131834
12.0,9.9568815,2.043118476867676,2.043118476867676
14.43,8.8829775,5.547022514343261,5.547022514343261
13.92,13.9672985,-0.04729850769042976,0.04729850769042976
10.4,12.136039,-1.736038780212402,1.736038780212402
12.09,15.227256,-3.1372558212280275,3.1372558212280275
1.13,8.8829775,-7.752977485656738,7.752977485656738
11.5,19.670443,-8.170442581176758,8.170442581176758
17.7,21.144844,-3.444844055175782,3.444844055175782
30.8,26.288754,4.511246490478516,4.511246490478516
30.6,17.841736,12.758264160156251,12.758264160156251
5.25,9.284216,-4.034215927124023,4.034215927124023
23.26,12.869238,10.390762100219728,10.390762100219728
11.9,14.144308,-2.2443080902099606,2.2443080902099606
14.0,23.010792,-9.010791778564453,9.010791778564453
1.57,22.51017,-20.940169982910156,20.940169982910156
22.3,15.960177,6.3398225784301765,6.3398225784301765
0.5,15.624965,-15.124964714050293,15.124964714050293
7.1,17.394972,-10.29497184753418,10.29497184753418
34.54,24.817982,9.722018280029296,9.722018280029296
12.47,10.434413,2.0355870437622077,2.0355870437622077
11.58,19.95001,-8.370010299682617,8.370010299682617
9.11,12.906591,-3.796591415405274,3.796591415405274
14.9,16.670597,-1.7705970764160153,1.7705970764160153
26.39,27.838081,-1.4480813598632807,1.4480813598632807
42.84,25.831789,17.00821098327637,17.00821098327637
24.02,20.994175,3.025825042724609,3.025825042724609
6.29,9.681425,-3.391425094604492,3.391425094604492
31.88,22.936752,8.943247680664062,8.943247680664062
0.33,18.412832,-18.082832260131838,18.082832260131838
0.24,10.7153015,-10.475301513671875,10.475301513671875
9.21,22.185438,-12.975438156127929,12.975438156127929
24.35,14.041516,10.308483695983888,10.308483695983888
13.73,17.354576,-3.6245761108398433,3.6245761108398433
23.3,29.064224,-5.764224243164062,5.764224243164062
9.42,35.423027,-26.003027038574217,26.003027038574217
47.79,40.441483,7.348517456054687,7.348517456054687
4.73,9.298844,-4.5688443374633785,4.5688443374633785
9.6,13.738732,-4.1387323379516605,4.1387323379516605
8.39,31.108555,-22.71855484008789,22.71855484008789
12.6,17.161028,-4.561027908325196,4.561027908325196
22.3,16.401237,5.898762512207032,5.898762512207032
5.06,15.540683,-10.480682792663575,10.480682792663575
20.86,21.486034,-0.6260343933105474,0.6260343933105474
11.82,12.965323,-1.145323448181152,1.145323448181152
22.39,19.928154,2.461846008300782,2.461846008300782
26.04,23.525599,2.5144014739990226,2.5144014739990226
14.0,18.29228,-4.292280197143555,4.292280197143555
10.25,22.5077,-12.257699966430664,12.257699966430664
22.67,13.626348,9.04365245819092,9.04365245819092
7.59,12.902376,-5.312376174926758,5.312376174926758
10.4,10.867412,-0.4674116134643551,0.4674116134643551
15.95,28.288595,-12.338595199584962,12.338595199584962
13.2,18.470997,-5.270996856689454,5.270996856689454
37.6,21.231823,16.368177032470705,16.368177032470705
7.94,25.924244,-17.984243927001952,17.984243927001952
4.9,34.969975,-30.069974517822267,30.069974517822267
9.82,20.408577,-10.588576965332031,10.588576965332031
13.95,20.643833,-6.693833160400391,6.693833160400391
2.05,19.995363,-17.945363235473632,17.945363235473632
11.43,36.63866,-25.208660430908203,25.208660430908203
6.88,33.591732,-26.711732025146485,26.711732025146485
11.7,23.99588,-12.295880126953126,12.295880126953126
6.0,20.639376,-14.639375686645508,14.639375686645508
15.79,21.631609,-5.841608963012696,5.841608963012696
5.83,34.61947,-28.789468688964845,28.789468688964845
8.49,22.509863,-14.019862899780273,14.019862899780273
0.1,26.026909,-25.926908874511717,25.926908874511717
